2024-12-26 21:03:43,110 - DEBUG - Starting main function
2024-12-26 21:03:43,110 - DEBUG - Initializing data processing
2024-12-26 21:03:43,110 - DEBUG - Loading datasets
2024-12-26 21:03:43,135 - DEBUG - Initialized processData with 5815 images, 5815 GeoJSON files, and 5815 auxiliary files.
2024-12-26 21:03:43,146 - DEBUG - Initialized processData with 2710 images, 2710 GeoJSON files, and 2710 auxiliary files.
2024-12-26 21:03:43,146 - DEBUG - Dataset length: 5815
2024-12-26 21:03:43,146 - DEBUG - Dataset length: 5815
2024-12-26 21:03:43,146 - DEBUG - Initializing model and optimizer
2024-12-26 21:03:43,146 - INFO - Using device: cpu
2024-12-26 21:03:43,341 - DEBUG - Starting training loop
2024-12-26 21:03:43,341 - DEBUG - Starting epoch 1/100
2024-12-26 21:03:43,342 - DEBUG - Starting training for epoch 1/100
2024-12-26 21:03:43,358 - DEBUG - Dataset length: 5815
2024-12-26 21:03:43,361 - DEBUG - Dataset length: 5815
2024-12-26 21:03:43,362 - DEBUG - Dataset length: 5815
2024-12-26 21:03:43,362 - DEBUG - Processing index 5470:
2024-12-26 21:03:43,362 - DEBUG - Image path: ./data/raw/train/PS-RGB_tiled/96_10400100096C2500_tile_298.png
2024-12-26 21:03:43,362 - DEBUG - Label path: ./data/raw/train/geojson_aircraft_tiled/96_10400100096C2500_tile_298.geojson
2024-12-26 21:03:43,363 - DEBUG - Auxiliary path: ./data/raw/train/PS-RGB_tiled/96_10400100096C2500_tile_298.png.aux.xml
2024-12-26 21:03:43,363 - DEBUG - Parsing GeoTransform from: ./data/raw/train/PS-RGB_tiled/96_10400100096C2500_tile_298.png.aux.xml
2024-12-26 21:03:43,363 - DEBUG - GeoTransform parsed: [-147.8827383984831, 3.4270728089159745e-06, 0.0, 64.81009473023549, 0.0, -3.4270728089159745e-06]
2024-12-26 21:03:43,363 - DEBUG - Reading GeoJSON from: ./data/raw/train/geojson_aircraft_tiled/96_10400100096C2500_tile_298.geojson
2024-12-26 21:03:43,364 - DEBUG - First feature coordinates: [[[-147.88133036129827, 64.80982398256526], [-147.88160453843864, 64.80965611900994], [-147.88201300642325, 64.80982398256526], [-147.88158961723371, 64.80998625066874], [-147.88133036129827, 64.80982398256526]]]
2024-12-26 21:03:43,364 - DEBUG - Feature properties: {'loc_id': 96, 'cat_id': '10400100096C2500', 'location': 'Fairbanks International Airport, Old Airport Way, Broadmoor, Fairbanks North Star, Alaska, 99709, USA', 'role': 'Large Civil Transport/Utility', 'role_id': 3, 'is_plane': 1, 'num_engines': 4, 'propulsion': 'propeller', 'canards': 'no', 'num_tail_fins': 1, 'wing_position': 'mid/low mounted', 'wing_type': 'straight', 'length': 32.42064362863571, 'wingspan': 36.799184279668246, 'area': 596.4160154534396, 'faa_wingspan_class': 4, 'Public_Train': 1, 'Public_Test': 0, 'partialDec': 1.0, 'truncated': 0, 'new_area': 596.4160154534396}
2024-12-26 21:03:43,364 - DEBUG - GeoJSON Coords: [(-147.88133036129827, 64.80982398256526), (-147.88160453843864, 64.80965611900994), (-147.88201300642325, 64.80982398256526), (-147.88158961723371, 64.80998625066874), (-147.88133036129827, 64.80982398256526)]
2024-12-26 21:03:43,364 - DEBUG - GeoJSON Features: [32.42064362863571, 36.799184279668246, 596.4160154534396, 0, 1, 0, 4, 1, 4]
2024-12-26 21:03:43,364 - DEBUG - Parsed GeoTransform: [-147.8827383984831, 3.4270728089159745e-06, 0.0, 64.81009473023549, 0.0, -3.4270728089159745e-06]
2024-12-26 21:03:43,364 - DEBUG - Parsed GeoJSON coordinates: [(-147.88133036129827, 64.80982398256526), (-147.88160453843864, 64.80965611900994), (-147.88201300642325, 64.80982398256526), (-147.88158961723371, 64.80998625066874), (-147.88133036129827, 64.80982398256526)]
2024-12-26 21:03:43,370 - DEBUG - STREAM b'IHDR' 16 13
2024-12-26 21:03:43,370 - DEBUG - STREAM b'tRNS' 41 6
2024-12-26 21:03:43,371 - DEBUG - STREAM b'IDAT' 59 8192
2024-12-26 21:03:43,382 - DEBUG - Loaded image size: 512x512
2024-12-26 21:03:43,382 - DEBUG - Converting GeoJSON to pixel bounding boxes.
2024-12-26 21:03:43,382 - DEBUG - Input Coordinates: [(-147.88133036129827, 64.80982398256526), (-147.88160453843864, 64.80965611900994), (-147.88201300642325, 64.80982398256526), (-147.88158961723371, 64.80998625066874), (-147.88133036129827, 64.80982398256526)] ... (showing first 5 for brevity)
2024-12-26 21:03:43,382 - DEBUG - GeoTransform: [-147.8827383984831, 3.4270728089159745e-06, 0.0, 64.81009473023549, 0.0, -3.4270728089159745e-06]
2024-12-26 21:03:43,382 - DEBUG - Image Dimensions: width=512, height=512
2024-12-26 21:03:43,382 - DEBUG - Converting geo-coordinates to pixel coordinates:
2024-12-26 21:03:43,382 - DEBUG - Inputs - lon: -147.88133036129827, lat: 64.80982398256526, geo_transform: [-147.8827383984831, 3.4270728089159745e-06, 0.0, 64.81009473023549, 0.0, -3.4270728089159745e-06], image_width: 512, image_height: 512
2024-12-26 21:03:43,382 - DEBUG - Parsed GeoTransform - x_origin: -147.8827383984831, pixel_width: 3.4270728089159745e-06, y_origin: 64.81009473023549, pixel_height: -3.4270728089159745e-06
2024-12-26 21:03:43,383 - DEBUG - Computed pixel coordinates before clamping - x_pixel: 410, y_pixel: 79
2024-12-26 21:03:43,383 - DEBUG - Clamped pixel coordinates - x_pixel: 410, y_pixel: 79
2024-12-26 21:03:43,383 - DEBUG - Converting geo-coordinates to pixel coordinates:
2024-12-26 21:03:43,383 - DEBUG - Inputs - lon: -147.88160453843864, lat: 64.80965611900994, geo_transform: [-147.8827383984831, 3.4270728089159745e-06, 0.0, 64.81009473023549, 0.0, -3.4270728089159745e-06], image_width: 512, image_height: 512
2024-12-26 21:03:43,383 - DEBUG - Parsed GeoTransform - x_origin: -147.8827383984831, pixel_width: 3.4270728089159745e-06, y_origin: 64.81009473023549, pixel_height: -3.4270728089159745e-06
2024-12-26 21:03:43,383 - DEBUG - Computed pixel coordinates before clamping - x_pixel: 330, y_pixel: 127
2024-12-26 21:03:43,383 - DEBUG - Clamped pixel coordinates - x_pixel: 330, y_pixel: 127
2024-12-26 21:03:43,383 - DEBUG - Converting geo-coordinates to pixel coordinates:
2024-12-26 21:03:43,383 - DEBUG - Inputs - lon: -147.88201300642325, lat: 64.80982398256526, geo_transform: [-147.8827383984831, 3.4270728089159745e-06, 0.0, 64.81009473023549, 0.0, -3.4270728089159745e-06], image_width: 512, image_height: 512
2024-12-26 21:03:43,383 - DEBUG - Parsed GeoTransform - x_origin: -147.8827383984831, pixel_width: 3.4270728089159745e-06, y_origin: 64.81009473023549, pixel_height: -3.4270728089159745e-06
2024-12-26 21:03:43,383 - DEBUG - Computed pixel coordinates before clamping - x_pixel: 211, y_pixel: 79
2024-12-26 21:03:43,383 - DEBUG - Clamped pixel coordinates - x_pixel: 211, y_pixel: 79
2024-12-26 21:03:43,384 - DEBUG - Converting geo-coordinates to pixel coordinates:
2024-12-26 21:03:43,384 - DEBUG - Inputs - lon: -147.88158961723371, lat: 64.80998625066874, geo_transform: [-147.8827383984831, 3.4270728089159745e-06, 0.0, 64.81009473023549, 0.0, -3.4270728089159745e-06], image_width: 512, image_height: 512
2024-12-26 21:03:43,384 - DEBUG - Parsed GeoTransform - x_origin: -147.8827383984831, pixel_width: 3.4270728089159745e-06, y_origin: 64.81009473023549, pixel_height: -3.4270728089159745e-06
2024-12-26 21:03:43,384 - DEBUG - Computed pixel coordinates before clamping - x_pixel: 335, y_pixel: 31
2024-12-26 21:03:43,384 - DEBUG - Clamped pixel coordinates - x_pixel: 335, y_pixel: 31
2024-12-26 21:03:43,384 - DEBUG - Converting geo-coordinates to pixel coordinates:
2024-12-26 21:03:43,384 - DEBUG - Inputs - lon: -147.88133036129827, lat: 64.80982398256526, geo_transform: [-147.8827383984831, 3.4270728089159745e-06, 0.0, 64.81009473023549, 0.0, -3.4270728089159745e-06], image_width: 512, image_height: 512
2024-12-26 21:03:43,384 - DEBUG - Parsed GeoTransform - x_origin: -147.8827383984831, pixel_width: 3.4270728089159745e-06, y_origin: 64.81009473023549, pixel_height: -3.4270728089159745e-06
2024-12-26 21:03:43,384 - DEBUG - Computed pixel coordinates before clamping - x_pixel: 410, y_pixel: 79
2024-12-26 21:03:43,384 - DEBUG - Clamped pixel coordinates - x_pixel: 410, y_pixel: 79
2024-12-26 21:03:43,385 - DEBUG - Pixel Coordinates: [(410, 79), (330, 127), (211, 79), (335, 31), (410, 79)] ... (showing first 5 for brevity)
2024-12-26 21:03:43,385 - DEBUG - Pixel Bounding Box: x_min=211, x_max=410, y_min=31, y_max=127
2024-12-26 21:03:43,385 - DEBUG - Pixel bounding box: (211, 31, 410, 127)
2024-12-26 21:03:43,385 - DEBUG - Input is a list. Converting to tensor.
2024-12-26 21:03:43,387 - DEBUG - Input Bounding Boxes (Corner Format): tensor([[211.,  31., 410., 127.]])
2024-12-26 21:03:43,387 - DEBUG - x_min: 211.0, y_min: 31.0, x_max: 410.0, y_max: 127.0
2024-12-26 21:03:43,387 - DEBUG - Converted Bounding Boxes (Center Format): tensor([[310.5000,  79.0000, 199.0000,  96.0000]])
2024-12-26 21:03:43,388 - DEBUG - Normalized bounding box (cx, cy, w, h): tensor([[310.5000,  79.0000, 199.0000,  96.0000]])
2024-12-26 21:03:43,390 - DEBUG - Processed image tensor shape: torch.Size([3, 512, 512])
2024-12-26 21:03:43,391 - DEBUG - Processed bounding box tensor: tensor([[310.5000,  79.0000, 199.0000,  96.0000]])
2024-12-26 21:03:43,391 - DEBUG - Processing index 397:
2024-12-26 21:03:43,391 - DEBUG - Image path: ./data/raw/train/PS-RGB_tiled/111_10400100341A2600_tile_450.png
2024-12-26 21:03:43,391 - DEBUG - Label path: ./data/raw/train/geojson_aircraft_tiled/111_10400100341A2600_tile_450.geojson
2024-12-26 21:03:43,391 - DEBUG - Auxiliary path: ./data/raw/train/PS-RGB_tiled/111_10400100341A2600_tile_450.png.aux.xml
2024-12-26 21:03:43,391 - DEBUG - Parsing GeoTransform from: ./data/raw/train/PS-RGB_tiled/111_10400100341A2600_tile_450.png.aux.xml
2024-12-26 21:03:43,391 - DEBUG - GeoTransform parsed: [-106.79425874150942, 3.0422944288877737e-06, 0.0, 35.15783772059001, 0.0, -3.0422944288877737e-06]
2024-12-26 21:03:43,391 - DEBUG - Reading GeoJSON from: ./data/raw/train/geojson_aircraft_tiled/111_10400100341A2600_tile_450.geojson
2024-12-26 21:03:43,392 - DEBUG - First feature coordinates: [[[-106.79423512130069, 35.15713300375775], [-106.79420709705187, 35.157087145896064], [-106.79425874150942, 35.15708322804066], [-106.79425874150942, 35.15714271428801], [-106.79423512130069, 35.15713300375775]]]
2024-12-26 21:03:43,392 - DEBUG - Feature properties: {'loc_id': 111, 'cat_id': '10400100341A2600', 'location': 'Double Eagle II Airport, Aerospace Parkway Road Northwest, Albuquerque, Bernalillo County, New Mexico, 87125, USA', 'role': 'Small Civil Transport/Utility', 'role_id': 1, 'is_plane': 1, 'num_engines': 1, 'propulsion': 'propeller', 'canards': 'no', 'num_tail_fins': 1, 'wing_position': 'high mounted', 'wing_type': 'straight', 'length': 8.291004356759998, 'wingspan': 10.944172411750474, 'area': 45.368637413582, 'faa_wingspan_class': 1, 'Public_Train': 1, 'Public_Test': 0, 'partialDec': 0.4325372680968936, 'truncated': 1, 'new_area': 19.623626484149273}
2024-12-26 21:03:43,392 - DEBUG - GeoJSON Coords: [(-106.79423512130069, 35.15713300375775), (-106.79420709705187, 35.157087145896064), (-106.79425874150942, 35.15708322804066), (-106.79425874150942, 35.15714271428801), (-106.79423512130069, 35.15713300375775)]
2024-12-26 21:03:43,392 - DEBUG - GeoJSON Features: [8.291004356759998, 10.944172411750474, 45.368637413582, 0, 0, 0, 1, 1, 1]
2024-12-26 21:03:43,392 - DEBUG - Parsed GeoTransform: [-106.79425874150942, 3.0422944288877737e-06, 0.0, 35.15783772059001, 0.0, -3.0422944288877737e-06]
2024-12-26 21:03:43,392 - DEBUG - Parsed GeoJSON coordinates: [(-106.79423512130069, 35.15713300375775), (-106.79420709705187, 35.157087145896064), (-106.79425874150942, 35.15708322804066), (-106.79425874150942, 35.15714271428801), (-106.79423512130069, 35.15713300375775)]
2024-12-26 21:03:43,393 - DEBUG - STREAM b'IHDR' 16 13
2024-12-26 21:03:43,393 - DEBUG - STREAM b'tRNS' 41 6
2024-12-26 21:03:43,393 - DEBUG - STREAM b'IDAT' 59 8192
2024-12-26 21:03:43,404 - DEBUG - Loaded image size: 512x512
2024-12-26 21:03:43,404 - DEBUG - Converting GeoJSON to pixel bounding boxes.
2024-12-26 21:03:43,404 - DEBUG - Input Coordinates: [(-106.79423512130069, 35.15713300375775), (-106.79420709705187, 35.157087145896064), (-106.79425874150942, 35.15708322804066), (-106.79425874150942, 35.15714271428801), (-106.79423512130069, 35.15713300375775)] ... (showing first 5 for brevity)
2024-12-26 21:03:43,404 - DEBUG - GeoTransform: [-106.79425874150942, 3.0422944288877737e-06, 0.0, 35.15783772059001, 0.0, -3.0422944288877737e-06]
2024-12-26 21:03:43,404 - DEBUG - Image Dimensions: width=512, height=512
2024-12-26 21:03:43,404 - DEBUG - Converting geo-coordinates to pixel coordinates:
2024-12-26 21:03:43,404 - DEBUG - Inputs - lon: -106.79423512130069, lat: 35.15713300375775, geo_transform: [-106.79425874150942, 3.0422944288877737e-06, 0.0, 35.15783772059001, 0.0, -3.0422944288877737e-06], image_width: 512, image_height: 512
2024-12-26 21:03:43,404 - DEBUG - Parsed GeoTransform - x_origin: -106.79425874150942, pixel_width: 3.0422944288877737e-06, y_origin: 35.15783772059001, pixel_height: -3.0422944288877737e-06
2024-12-26 21:03:43,404 - DEBUG - Computed pixel coordinates before clamping - x_pixel: 7, y_pixel: 231
2024-12-26 21:03:43,404 - DEBUG - Clamped pixel coordinates - x_pixel: 7, y_pixel: 231
2024-12-26 21:03:43,405 - DEBUG - Converting geo-coordinates to pixel coordinates:
2024-12-26 21:03:43,405 - DEBUG - Inputs - lon: -106.79420709705187, lat: 35.157087145896064, geo_transform: [-106.79425874150942, 3.0422944288877737e-06, 0.0, 35.15783772059001, 0.0, -3.0422944288877737e-06], image_width: 512, image_height: 512
2024-12-26 21:03:43,405 - DEBUG - Parsed GeoTransform - x_origin: -106.79425874150942, pixel_width: 3.0422944288877737e-06, y_origin: 35.15783772059001, pixel_height: -3.0422944288877737e-06
2024-12-26 21:03:43,405 - DEBUG - Computed pixel coordinates before clamping - x_pixel: 16, y_pixel: 246
2024-12-26 21:03:43,405 - DEBUG - Clamped pixel coordinates - x_pixel: 16, y_pixel: 246
2024-12-26 21:03:43,405 - DEBUG - Converting geo-coordinates to pixel coordinates:
2024-12-26 21:03:43,405 - DEBUG - Inputs - lon: -106.79425874150942, lat: 35.15708322804066, geo_transform: [-106.79425874150942, 3.0422944288877737e-06, 0.0, 35.15783772059001, 0.0, -3.0422944288877737e-06], image_width: 512, image_height: 512
2024-12-26 21:03:43,405 - DEBUG - Parsed GeoTransform - x_origin: -106.79425874150942, pixel_width: 3.0422944288877737e-06, y_origin: 35.15783772059001, pixel_height: -3.0422944288877737e-06
2024-12-26 21:03:43,405 - DEBUG - Computed pixel coordinates before clamping - x_pixel: 0, y_pixel: 248
2024-12-26 21:03:43,405 - DEBUG - Clamped pixel coordinates - x_pixel: 0, y_pixel: 248
2024-12-26 21:03:43,405 - DEBUG - Converting geo-coordinates to pixel coordinates:
2024-12-26 21:03:43,405 - DEBUG - Inputs - lon: -106.79425874150942, lat: 35.15714271428801, geo_transform: [-106.79425874150942, 3.0422944288877737e-06, 0.0, 35.15783772059001, 0.0, -3.0422944288877737e-06], image_width: 512, image_height: 512
2024-12-26 21:03:43,405 - DEBUG - Parsed GeoTransform - x_origin: -106.79425874150942, pixel_width: 3.0422944288877737e-06, y_origin: 35.15783772059001, pixel_height: -3.0422944288877737e-06
2024-12-26 21:03:43,406 - DEBUG - Computed pixel coordinates before clamping - x_pixel: 0, y_pixel: 228
2024-12-26 21:03:43,406 - DEBUG - Clamped pixel coordinates - x_pixel: 0, y_pixel: 228
2024-12-26 21:03:43,406 - DEBUG - Converting geo-coordinates to pixel coordinates:
2024-12-26 21:03:43,406 - DEBUG - Inputs - lon: -106.79423512130069, lat: 35.15713300375775, geo_transform: [-106.79425874150942, 3.0422944288877737e-06, 0.0, 35.15783772059001, 0.0, -3.0422944288877737e-06], image_width: 512, image_height: 512
2024-12-26 21:03:43,406 - DEBUG - Parsed GeoTransform - x_origin: -106.79425874150942, pixel_width: 3.0422944288877737e-06, y_origin: 35.15783772059001, pixel_height: -3.0422944288877737e-06
2024-12-26 21:03:43,406 - DEBUG - Computed pixel coordinates before clamping - x_pixel: 7, y_pixel: 231
2024-12-26 21:03:43,406 - DEBUG - Clamped pixel coordinates - x_pixel: 7, y_pixel: 231
2024-12-26 21:03:43,406 - DEBUG - Pixel Coordinates: [(7, 231), (16, 246), (0, 248), (0, 228), (7, 231)] ... (showing first 5 for brevity)
2024-12-26 21:03:43,406 - DEBUG - Pixel Bounding Box: x_min=0, x_max=16, y_min=228, y_max=248
2024-12-26 21:03:43,406 - DEBUG - Pixel bounding box: (0, 228, 16, 248)
2024-12-26 21:03:43,406 - DEBUG - Input is a list. Converting to tensor.
2024-12-26 21:03:43,407 - DEBUG - Input Bounding Boxes (Corner Format): tensor([[  0., 228.,  16., 248.]])
2024-12-26 21:03:43,407 - DEBUG - x_min: 0.0, y_min: 228.0, x_max: 16.0, y_max: 248.0
2024-12-26 21:03:43,407 - DEBUG - Converted Bounding Boxes (Center Format): tensor([[  8., 238.,  16.,  20.]])
2024-12-26 21:03:43,407 - DEBUG - Normalized bounding box (cx, cy, w, h): tensor([[  8., 238.,  16.,  20.]])
2024-12-26 21:03:43,409 - DEBUG - Processed image tensor shape: torch.Size([3, 512, 512])
2024-12-26 21:03:43,410 - DEBUG - Processed bounding box tensor: tensor([[  8., 238.,  16.,  20.]])
2024-12-26 21:03:43,410 - DEBUG - Processing index 3999:
2024-12-26 21:03:43,410 - DEBUG - Image path: ./data/raw/train/PS-RGB_tiled/60_1040010046430200_tile_246.png
2024-12-26 21:03:43,410 - DEBUG - Label path: ./data/raw/train/geojson_aircraft_tiled/60_1040010046430200_tile_246.geojson
2024-12-26 21:03:43,410 - DEBUG - Auxiliary path: ./data/raw/train/PS-RGB_tiled/60_1040010046430200_tile_246.png.aux.xml
2024-12-26 21:03:43,410 - DEBUG - Parsing GeoTransform from: ./data/raw/train/PS-RGB_tiled/60_1040010046430200_tile_246.png.aux.xml
2024-12-26 21:03:43,410 - DEBUG - GeoTransform parsed: [-112.01929944318712, 2.9734235904356163e-06, 0.0, 33.423221191123076, 0.0, -2.9734235904356163e-06]
2024-12-26 21:03:43,411 - DEBUG - Reading GeoJSON from: ./data/raw/train/geojson_aircraft_tiled/60_1040010046430200_tile_246.geojson
2024-12-26 21:03:43,411 - DEBUG - First feature coordinates: [[[-112.01864959225618, 33.422831903505376], [-112.01864754531054, 33.422754119571195], [-112.01875466879885, 33.422749343364714], [-112.01874443407065, 33.42284554980962], [-112.01864959225618, 33.422831903505376]]]
2024-12-26 21:03:43,411 - DEBUG - Feature properties: {'loc_id': 60, 'cat_id': '1040010046430200', 'location': 'Phoenix Sky Harbor International Airport, Service Road, Washington Trailer Park, Central City, Phoenix, Maricopa County, Arizona, 85040, USA', 'role': 'Small Civil Transport/Utility', 'role_id': 1, 'is_plane': 1, 'num_engines': 2, 'propulsion': 'propeller', 'canards': 'no', 'num_tail_fins': 1, 'wing_position': 'mid/low mounted', 'wing_type': 'straight', 'length': 13.388416021424343, 'wingspan': 13.562007173262531, 'area': 90.75527134236411, 'faa_wingspan_class': 1, 'Public_Train': 1, 'Public_Test': 0, 'partialDec': 1.0, 'truncated': 0, 'new_area': 90.75527134236411}
2024-12-26 21:03:43,412 - DEBUG - GeoJSON Coords: [(-112.01864959225618, 33.422831903505376), (-112.01864754531054, 33.422754119571195), (-112.01875466879885, 33.422749343364714), (-112.01874443407065, 33.42284554980962), (-112.01864959225618, 33.422831903505376)]
2024-12-26 21:03:43,412 - DEBUG - GeoJSON Features: [13.388416021424343, 13.562007173262531, 90.75527134236411, 0, 1, 0, 2, 1, 1]
2024-12-26 21:03:43,412 - DEBUG - Parsed GeoTransform: [-112.01929944318712, 2.9734235904356163e-06, 0.0, 33.423221191123076, 0.0, -2.9734235904356163e-06]
2024-12-26 21:03:43,412 - DEBUG - Parsed GeoJSON coordinates: [(-112.01864959225618, 33.422831903505376), (-112.01864754531054, 33.422754119571195), (-112.01875466879885, 33.422749343364714), (-112.01874443407065, 33.42284554980962), (-112.01864959225618, 33.422831903505376)]
2024-12-26 21:03:43,412 - DEBUG - STREAM b'IHDR' 16 13
2024-12-26 21:03:43,413 - DEBUG - STREAM b'tRNS' 41 6
2024-12-26 21:03:43,413 - DEBUG - STREAM b'IDAT' 59 8192
2024-12-26 21:03:43,424 - DEBUG - Loaded image size: 512x512
2024-12-26 21:03:43,424 - DEBUG - Converting GeoJSON to pixel bounding boxes.
2024-12-26 21:03:43,424 - DEBUG - Input Coordinates: [(-112.01864959225618, 33.422831903505376), (-112.01864754531054, 33.422754119571195), (-112.01875466879885, 33.422749343364714), (-112.01874443407065, 33.42284554980962), (-112.01864959225618, 33.422831903505376)] ... (showing first 5 for brevity)
2024-12-26 21:03:43,424 - DEBUG - GeoTransform: [-112.01929944318712, 2.9734235904356163e-06, 0.0, 33.423221191123076, 0.0, -2.9734235904356163e-06]
2024-12-26 21:03:43,424 - DEBUG - Image Dimensions: width=512, height=512
2024-12-26 21:03:43,424 - DEBUG - Converting geo-coordinates to pixel coordinates:
2024-12-26 21:03:43,424 - DEBUG - Inputs - lon: -112.01864959225618, lat: 33.422831903505376, geo_transform: [-112.01929944318712, 2.9734235904356163e-06, 0.0, 33.423221191123076, 0.0, -2.9734235904356163e-06], image_width: 512, image_height: 512
2024-12-26 21:03:43,424 - DEBUG - Parsed GeoTransform - x_origin: -112.01929944318712, pixel_width: 2.9734235904356163e-06, y_origin: 33.423221191123076, pixel_height: -2.9734235904356163e-06
2024-12-26 21:03:43,424 - DEBUG - Computed pixel coordinates before clamping - x_pixel: 218, y_pixel: 130
2024-12-26 21:03:43,425 - DEBUG - Clamped pixel coordinates - x_pixel: 218, y_pixel: 130
2024-12-26 21:03:43,425 - DEBUG - Converting geo-coordinates to pixel coordinates:
2024-12-26 21:03:43,425 - DEBUG - Inputs - lon: -112.01864754531054, lat: 33.422754119571195, geo_transform: [-112.01929944318712, 2.9734235904356163e-06, 0.0, 33.423221191123076, 0.0, -2.9734235904356163e-06], image_width: 512, image_height: 512
2024-12-26 21:03:43,425 - DEBUG - Parsed GeoTransform - x_origin: -112.01929944318712, pixel_width: 2.9734235904356163e-06, y_origin: 33.423221191123076, pixel_height: -2.9734235904356163e-06
2024-12-26 21:03:43,425 - DEBUG - Computed pixel coordinates before clamping - x_pixel: 219, y_pixel: 157
2024-12-26 21:03:43,425 - DEBUG - Clamped pixel coordinates - x_pixel: 219, y_pixel: 157
2024-12-26 21:03:43,425 - DEBUG - Converting geo-coordinates to pixel coordinates:
2024-12-26 21:03:43,425 - DEBUG - Inputs - lon: -112.01875466879885, lat: 33.422749343364714, geo_transform: [-112.01929944318712, 2.9734235904356163e-06, 0.0, 33.423221191123076, 0.0, -2.9734235904356163e-06], image_width: 512, image_height: 512
2024-12-26 21:03:43,425 - DEBUG - Parsed GeoTransform - x_origin: -112.01929944318712, pixel_width: 2.9734235904356163e-06, y_origin: 33.423221191123076, pixel_height: -2.9734235904356163e-06
2024-12-26 21:03:43,425 - DEBUG - Computed pixel coordinates before clamping - x_pixel: 183, y_pixel: 158
2024-12-26 21:03:43,425 - DEBUG - Clamped pixel coordinates - x_pixel: 183, y_pixel: 158
2024-12-26 21:03:43,425 - DEBUG - Converting geo-coordinates to pixel coordinates:
2024-12-26 21:03:43,425 - DEBUG - Inputs - lon: -112.01874443407065, lat: 33.42284554980962, geo_transform: [-112.01929944318712, 2.9734235904356163e-06, 0.0, 33.423221191123076, 0.0, -2.9734235904356163e-06], image_width: 512, image_height: 512
2024-12-26 21:03:43,426 - DEBUG - Parsed GeoTransform - x_origin: -112.01929944318712, pixel_width: 2.9734235904356163e-06, y_origin: 33.423221191123076, pixel_height: -2.9734235904356163e-06
2024-12-26 21:03:43,426 - DEBUG - Computed pixel coordinates before clamping - x_pixel: 186, y_pixel: 126
2024-12-26 21:03:43,426 - DEBUG - Clamped pixel coordinates - x_pixel: 186, y_pixel: 126
2024-12-26 21:03:43,426 - DEBUG - Converting geo-coordinates to pixel coordinates:
2024-12-26 21:03:43,426 - DEBUG - Inputs - lon: -112.01864959225618, lat: 33.422831903505376, geo_transform: [-112.01929944318712, 2.9734235904356163e-06, 0.0, 33.423221191123076, 0.0, -2.9734235904356163e-06], image_width: 512, image_height: 512
2024-12-26 21:03:43,426 - DEBUG - Parsed GeoTransform - x_origin: -112.01929944318712, pixel_width: 2.9734235904356163e-06, y_origin: 33.423221191123076, pixel_height: -2.9734235904356163e-06
2024-12-26 21:03:43,426 - DEBUG - Computed pixel coordinates before clamping - x_pixel: 218, y_pixel: 130
2024-12-26 21:03:43,426 - DEBUG - Clamped pixel coordinates - x_pixel: 218, y_pixel: 130
2024-12-26 21:03:43,426 - DEBUG - Pixel Coordinates: [(218, 130), (219, 157), (183, 158), (186, 126), (218, 130)] ... (showing first 5 for brevity)
2024-12-26 21:03:43,426 - DEBUG - Pixel Bounding Box: x_min=183, x_max=219, y_min=126, y_max=158
2024-12-26 21:03:43,426 - DEBUG - Pixel bounding box: (183, 126, 219, 158)
2024-12-26 21:03:43,426 - DEBUG - Input is a list. Converting to tensor.
2024-12-26 21:03:43,427 - DEBUG - Input Bounding Boxes (Corner Format): tensor([[183., 126., 219., 158.]])
2024-12-26 21:03:43,427 - DEBUG - x_min: 183.0, y_min: 126.0, x_max: 219.0, y_max: 158.0
2024-12-26 21:03:43,427 - DEBUG - Converted Bounding Boxes (Center Format): tensor([[201., 142.,  36.,  32.]])
2024-12-26 21:03:43,427 - DEBUG - Normalized bounding box (cx, cy, w, h): tensor([[201., 142.,  36.,  32.]])
2024-12-26 21:03:43,430 - DEBUG - Processed image tensor shape: torch.Size([3, 512, 512])
2024-12-26 21:03:43,431 - DEBUG - Processed bounding box tensor: tensor([[201., 142.,  36.,  32.]])
2024-12-26 21:03:43,431 - DEBUG - Processing index 1498:
2024-12-26 21:03:43,431 - DEBUG - Image path: ./data/raw/train/PS-RGB_tiled/18_1040050010DC4900_tile_2779.png
2024-12-26 21:03:43,431 - DEBUG - Label path: ./data/raw/train/geojson_aircraft_tiled/18_1040050010DC4900_tile_2779.geojson
2024-12-26 21:03:43,431 - DEBUG - Auxiliary path: ./data/raw/train/PS-RGB_tiled/18_1040050010DC4900_tile_2779.png.aux.xml
2024-12-26 21:03:43,431 - DEBUG - Parsing GeoTransform from: ./data/raw/train/PS-RGB_tiled/18_1040050010DC4900_tile_2779.png.aux.xml
2024-12-26 21:03:43,431 - DEBUG - GeoTransform parsed: [8.56782985292964, 3.273460895331536e-06, 0.0, 50.02898196136358, 0.0, -3.273460895331536e-06]
2024-12-26 21:03:43,431 - DEBUG - Reading GeoJSON from: ./data/raw/train/geojson_aircraft_tiled/18_1040050010DC4900_tile_2779.geojson
2024-12-26 21:03:43,432 - DEBUG - First feature coordinates: [[[8.56912557389598, 50.027948693205225], [8.569505864908049, 50.028289333021725], [8.569505864908049, 50.02788325525957], [8.56912557389598, 50.027948693205225]]]
2024-12-26 21:03:43,432 - DEBUG - Feature properties: {'loc_id': 18, 'cat_id': '1040050010DC4900', 'location': '520 A380-Halle, Okrifteler Straße, Rüsselsheim am Main, Kreis Groß-Gerau, Regierungsbezirk Darmstadt, Hesse, 65428, Germany', 'role': 'Large Civil Transport/Utility', 'role_id': 3, 'is_plane': 1, 'num_engines': 4, 'propulsion': 'jet', 'canards': 'no', 'num_tail_fins': 1, 'wing_position': 'mid/low mounted', 'wing_type': 'swept', 'length': 70.25722060394959, 'wingspan': 63.51140836549807, 'area': 2230.586945935191, 'faa_wingspan_class': 5, 'Public_Train': 1, 'Public_Test': 0, 'partialDec': 0.2756764718086048, 'truncated': 1, 'new_area': 614.9203393177445}
2024-12-26 21:03:43,432 - DEBUG - GeoJSON Coords: [(8.56912557389598, 50.027948693205225), (8.569505864908049, 50.028289333021725), (8.569505864908049, 50.02788325525957), (8.56912557389598, 50.027948693205225)]
2024-12-26 21:03:43,432 - DEBUG - GeoJSON Features: [70.25722060394959, 63.51140836549807, 2230.586945935191, 1, 1, 0, 4, 1, 5]
2024-12-26 21:03:43,432 - DEBUG - Parsed GeoTransform: [8.56782985292964, 3.273460895331536e-06, 0.0, 50.02898196136358, 0.0, -3.273460895331536e-06]
2024-12-26 21:03:43,432 - DEBUG - Parsed GeoJSON coordinates: [(8.56912557389598, 50.027948693205225), (8.569505864908049, 50.028289333021725), (8.569505864908049, 50.02788325525957), (8.56912557389598, 50.027948693205225)]
2024-12-26 21:03:43,433 - DEBUG - STREAM b'IHDR' 16 13
2024-12-26 21:03:43,433 - DEBUG - STREAM b'tRNS' 41 6
2024-12-26 21:03:43,433 - DEBUG - STREAM b'IDAT' 59 8192
2024-12-26 21:03:43,443 - DEBUG - Loaded image size: 512x512
2024-12-26 21:03:43,443 - DEBUG - Converting GeoJSON to pixel bounding boxes.
2024-12-26 21:03:43,444 - DEBUG - Input Coordinates: [(8.56912557389598, 50.027948693205225), (8.569505864908049, 50.028289333021725), (8.569505864908049, 50.02788325525957), (8.56912557389598, 50.027948693205225)] ... (showing first 5 for brevity)
2024-12-26 21:03:43,444 - DEBUG - GeoTransform: [8.56782985292964, 3.273460895331536e-06, 0.0, 50.02898196136358, 0.0, -3.273460895331536e-06]
2024-12-26 21:03:43,444 - DEBUG - Image Dimensions: width=512, height=512
2024-12-26 21:03:43,444 - DEBUG - Converting geo-coordinates to pixel coordinates:
2024-12-26 21:03:43,444 - DEBUG - Inputs - lon: 8.56912557389598, lat: 50.027948693205225, geo_transform: [8.56782985292964, 3.273460895331536e-06, 0.0, 50.02898196136358, 0.0, -3.273460895331536e-06], image_width: 512, image_height: 512
2024-12-26 21:03:43,444 - DEBUG - Parsed GeoTransform - x_origin: 8.56782985292964, pixel_width: 3.273460895331536e-06, y_origin: 50.02898196136358, pixel_height: -3.273460895331536e-06
2024-12-26 21:03:43,444 - DEBUG - Computed pixel coordinates before clamping - x_pixel: 395, y_pixel: 315
2024-12-26 21:03:43,444 - DEBUG - Clamped pixel coordinates - x_pixel: 395, y_pixel: 315
2024-12-26 21:03:43,445 - DEBUG - Converting geo-coordinates to pixel coordinates:
2024-12-26 21:03:43,445 - DEBUG - Inputs - lon: 8.569505864908049, lat: 50.028289333021725, geo_transform: [8.56782985292964, 3.273460895331536e-06, 0.0, 50.02898196136358, 0.0, -3.273460895331536e-06], image_width: 512, image_height: 512
2024-12-26 21:03:43,445 - DEBUG - Parsed GeoTransform - x_origin: 8.56782985292964, pixel_width: 3.273460895331536e-06, y_origin: 50.02898196136358, pixel_height: -3.273460895331536e-06
2024-12-26 21:03:43,445 - DEBUG - Computed pixel coordinates before clamping - x_pixel: 511, y_pixel: 211
2024-12-26 21:03:43,445 - DEBUG - Clamped pixel coordinates - x_pixel: 511, y_pixel: 211
2024-12-26 21:03:43,445 - DEBUG - Converting geo-coordinates to pixel coordinates:
2024-12-26 21:03:43,445 - DEBUG - Inputs - lon: 8.569505864908049, lat: 50.02788325525957, geo_transform: [8.56782985292964, 3.273460895331536e-06, 0.0, 50.02898196136358, 0.0, -3.273460895331536e-06], image_width: 512, image_height: 512
2024-12-26 21:03:43,445 - DEBUG - Parsed GeoTransform - x_origin: 8.56782985292964, pixel_width: 3.273460895331536e-06, y_origin: 50.02898196136358, pixel_height: -3.273460895331536e-06
2024-12-26 21:03:43,446 - DEBUG - Computed pixel coordinates before clamping - x_pixel: 511, y_pixel: 335
2024-12-26 21:03:43,446 - DEBUG - Clamped pixel coordinates - x_pixel: 511, y_pixel: 335
2024-12-26 21:03:43,446 - DEBUG - Converting geo-coordinates to pixel coordinates:
2024-12-26 21:03:43,446 - DEBUG - Inputs - lon: 8.56912557389598, lat: 50.027948693205225, geo_transform: [8.56782985292964, 3.273460895331536e-06, 0.0, 50.02898196136358, 0.0, -3.273460895331536e-06], image_width: 512, image_height: 512
2024-12-26 21:03:43,446 - DEBUG - Parsed GeoTransform - x_origin: 8.56782985292964, pixel_width: 3.273460895331536e-06, y_origin: 50.02898196136358, pixel_height: -3.273460895331536e-06
2024-12-26 21:03:43,446 - DEBUG - Computed pixel coordinates before clamping - x_pixel: 395, y_pixel: 315
2024-12-26 21:03:43,446 - DEBUG - Clamped pixel coordinates - x_pixel: 395, y_pixel: 315
2024-12-26 21:03:43,446 - DEBUG - Pixel Coordinates: [(395, 315), (511, 211), (511, 335), (395, 315)] ... (showing first 5 for brevity)
2024-12-26 21:03:43,446 - DEBUG - Pixel Bounding Box: x_min=395, x_max=511, y_min=211, y_max=335
2024-12-26 21:03:43,446 - DEBUG - Pixel bounding box: (395, 211, 511, 335)
2024-12-26 21:03:43,446 - DEBUG - Input is a list. Converting to tensor.
2024-12-26 21:03:43,447 - DEBUG - Input Bounding Boxes (Corner Format): tensor([[395., 211., 511., 335.]])
2024-12-26 21:03:43,447 - DEBUG - x_min: 395.0, y_min: 211.0, x_max: 511.0, y_max: 335.0
2024-12-26 21:03:43,447 - DEBUG - Converted Bounding Boxes (Center Format): tensor([[453., 273., 116., 124.]])
2024-12-26 21:03:43,447 - DEBUG - Normalized bounding box (cx, cy, w, h): tensor([[453., 273., 116., 124.]])
2024-12-26 21:03:43,449 - DEBUG - Processed image tensor shape: torch.Size([3, 512, 512])
2024-12-26 21:03:43,450 - DEBUG - Processed bounding box tensor: tensor([[453., 273., 116., 124.]])
2024-12-26 21:03:43,450 - DEBUG - Processing index 827:
2024-12-26 21:03:43,450 - DEBUG - Image path: ./data/raw/train/PS-RGB_tiled/120_1040010044D1B900_tile_75.png
2024-12-26 21:03:43,450 - DEBUG - Label path: ./data/raw/train/geojson_aircraft_tiled/120_1040010044D1B900_tile_75.geojson
2024-12-26 21:03:43,450 - DEBUG - Auxiliary path: ./data/raw/train/PS-RGB_tiled/120_1040010044D1B900_tile_75.png.aux.xml
2024-12-26 21:03:43,450 - DEBUG - Parsing GeoTransform from: ./data/raw/train/PS-RGB_tiled/120_1040010044D1B900_tile_75.png.aux.xml
2024-12-26 21:03:43,451 - DEBUG - GeoTransform parsed: [-149.54821527851203, 3.2878339398774487e-06, 0.0, 61.57331637524175, 0.0, -3.2878339398774487e-06]
2024-12-26 21:03:43,451 - DEBUG - Reading GeoJSON from: ./data/raw/train/geojson_aircraft_tiled/120_1040010044D1B900_tile_75.geojson
2024-12-26 21:03:43,451 - DEBUG - First feature coordinates: [[[-149.54811867986626, 61.572241632888385], [-149.54809133832526, 61.57219360045151], [-149.54821527851203, 61.572192867077625], [-149.54821527851203, 61.57219994260935], [-149.54820735513434, 61.572259367942], [-149.54811867986626, 61.572241632888385]]]
2024-12-26 21:03:43,451 - DEBUG - Feature properties: {'loc_id': 120, 'cat_id': '1040010044D1B900', 'location': 'New Wasilla Airport, Crosswind Court, Wasilla, Matanuska-Susitna, Alaska, 99654, USA', 'role': 'Small Civil Transport/Utility', 'role_id': 1, 'is_plane': 1, 'num_engines': 1, 'propulsion': 'propeller', 'canards': 'no', 'num_tail_fins': 1, 'wing_position': 'mid/low mounted', 'wing_type': 'straight', 'length': 7.5085817799586, 'wingspan': 9.574922142982881, 'area': 35.73022280049618, 'faa_wingspan_class': 1, 'Public_Train': 1, 'Public_Test': 0, 'partialDec': 0.9994466901799376, 'truncated': 1, 'new_area': 35.710452917347645}
2024-12-26 21:03:43,451 - DEBUG - GeoJSON Coords: [(-149.54811867986626, 61.572241632888385), (-149.54809133832526, 61.57219360045151), (-149.54821527851203, 61.572192867077625), (-149.54821527851203, 61.57219994260935), (-149.54820735513434, 61.572259367942), (-149.54811867986626, 61.572241632888385)]
2024-12-26 21:03:43,452 - DEBUG - GeoJSON Features: [7.5085817799586, 9.574922142982881, 35.73022280049618, 0, 1, 0, 1, 1, 1]
2024-12-26 21:03:43,452 - DEBUG - Parsed GeoTransform: [-149.54821527851203, 3.2878339398774487e-06, 0.0, 61.57331637524175, 0.0, -3.2878339398774487e-06]
2024-12-26 21:03:43,452 - DEBUG - Parsed GeoJSON coordinates: [(-149.54811867986626, 61.572241632888385), (-149.54809133832526, 61.57219360045151), (-149.54821527851203, 61.572192867077625), (-149.54821527851203, 61.57219994260935), (-149.54820735513434, 61.572259367942), (-149.54811867986626, 61.572241632888385)]
2024-12-26 21:03:43,452 - DEBUG - STREAM b'IHDR' 16 13
2024-12-26 21:03:43,452 - DEBUG - STREAM b'tRNS' 41 6
2024-12-26 21:03:43,452 - DEBUG - STREAM b'IDAT' 59 8192
2024-12-26 21:03:43,465 - DEBUG - Loaded image size: 512x512
2024-12-26 21:03:43,465 - DEBUG - Converting GeoJSON to pixel bounding boxes.
2024-12-26 21:03:43,465 - DEBUG - Input Coordinates: [(-149.54811867986626, 61.572241632888385), (-149.54809133832526, 61.57219360045151), (-149.54821527851203, 61.572192867077625), (-149.54821527851203, 61.57219994260935), (-149.54820735513434, 61.572259367942)] ... (showing first 5 for brevity)
2024-12-26 21:03:43,465 - DEBUG - GeoTransform: [-149.54821527851203, 3.2878339398774487e-06, 0.0, 61.57331637524175, 0.0, -3.2878339398774487e-06]
2024-12-26 21:03:43,465 - DEBUG - Image Dimensions: width=512, height=512
2024-12-26 21:03:43,465 - DEBUG - Converting geo-coordinates to pixel coordinates:
2024-12-26 21:03:43,465 - DEBUG - Inputs - lon: -149.54811867986626, lat: 61.572241632888385, geo_transform: [-149.54821527851203, 3.2878339398774487e-06, 0.0, 61.57331637524175, 0.0, -3.2878339398774487e-06], image_width: 512, image_height: 512
2024-12-26 21:03:43,465 - DEBUG - Parsed GeoTransform - x_origin: -149.54821527851203, pixel_width: 3.2878339398774487e-06, y_origin: 61.57331637524175, pixel_height: -3.2878339398774487e-06
2024-12-26 21:03:43,465 - DEBUG - Computed pixel coordinates before clamping - x_pixel: 29, y_pixel: 326
2024-12-26 21:03:43,465 - DEBUG - Clamped pixel coordinates - x_pixel: 29, y_pixel: 326
2024-12-26 21:03:43,465 - DEBUG - Converting geo-coordinates to pixel coordinates:
2024-12-26 21:03:43,465 - DEBUG - Inputs - lon: -149.54809133832526, lat: 61.57219360045151, geo_transform: [-149.54821527851203, 3.2878339398774487e-06, 0.0, 61.57331637524175, 0.0, -3.2878339398774487e-06], image_width: 512, image_height: 512
2024-12-26 21:03:43,466 - DEBUG - Parsed GeoTransform - x_origin: -149.54821527851203, pixel_width: 3.2878339398774487e-06, y_origin: 61.57331637524175, pixel_height: -3.2878339398774487e-06
2024-12-26 21:03:43,466 - DEBUG - Computed pixel coordinates before clamping - x_pixel: 37, y_pixel: 341
2024-12-26 21:03:43,466 - DEBUG - Clamped pixel coordinates - x_pixel: 37, y_pixel: 341
2024-12-26 21:03:43,466 - DEBUG - Converting geo-coordinates to pixel coordinates:
2024-12-26 21:03:43,466 - DEBUG - Inputs - lon: -149.54821527851203, lat: 61.572192867077625, geo_transform: [-149.54821527851203, 3.2878339398774487e-06, 0.0, 61.57331637524175, 0.0, -3.2878339398774487e-06], image_width: 512, image_height: 512
2024-12-26 21:03:43,466 - DEBUG - Parsed GeoTransform - x_origin: -149.54821527851203, pixel_width: 3.2878339398774487e-06, y_origin: 61.57331637524175, pixel_height: -3.2878339398774487e-06
2024-12-26 21:03:43,466 - DEBUG - Computed pixel coordinates before clamping - x_pixel: 0, y_pixel: 341
2024-12-26 21:03:43,466 - DEBUG - Clamped pixel coordinates - x_pixel: 0, y_pixel: 341
2024-12-26 21:03:43,466 - DEBUG - Converting geo-coordinates to pixel coordinates:
2024-12-26 21:03:43,466 - DEBUG - Inputs - lon: -149.54821527851203, lat: 61.57219994260935, geo_transform: [-149.54821527851203, 3.2878339398774487e-06, 0.0, 61.57331637524175, 0.0, -3.2878339398774487e-06], image_width: 512, image_height: 512
2024-12-26 21:03:43,466 - DEBUG - Parsed GeoTransform - x_origin: -149.54821527851203, pixel_width: 3.2878339398774487e-06, y_origin: 61.57331637524175, pixel_height: -3.2878339398774487e-06
2024-12-26 21:03:43,466 - DEBUG - Computed pixel coordinates before clamping - x_pixel: 0, y_pixel: 339
2024-12-26 21:03:43,466 - DEBUG - Clamped pixel coordinates - x_pixel: 0, y_pixel: 339
2024-12-26 21:03:43,467 - DEBUG - Converting geo-coordinates to pixel coordinates:
2024-12-26 21:03:43,467 - DEBUG - Inputs - lon: -149.54820735513434, lat: 61.572259367942, geo_transform: [-149.54821527851203, 3.2878339398774487e-06, 0.0, 61.57331637524175, 0.0, -3.2878339398774487e-06], image_width: 512, image_height: 512
2024-12-26 21:03:43,467 - DEBUG - Parsed GeoTransform - x_origin: -149.54821527851203, pixel_width: 3.2878339398774487e-06, y_origin: 61.57331637524175, pixel_height: -3.2878339398774487e-06
2024-12-26 21:03:43,467 - DEBUG - Computed pixel coordinates before clamping - x_pixel: 2, y_pixel: 321
2024-12-26 21:03:43,467 - DEBUG - Clamped pixel coordinates - x_pixel: 2, y_pixel: 321
2024-12-26 21:03:43,467 - DEBUG - Converting geo-coordinates to pixel coordinates:
2024-12-26 21:03:43,467 - DEBUG - Inputs - lon: -149.54811867986626, lat: 61.572241632888385, geo_transform: [-149.54821527851203, 3.2878339398774487e-06, 0.0, 61.57331637524175, 0.0, -3.2878339398774487e-06], image_width: 512, image_height: 512
2024-12-26 21:03:43,467 - DEBUG - Parsed GeoTransform - x_origin: -149.54821527851203, pixel_width: 3.2878339398774487e-06, y_origin: 61.57331637524175, pixel_height: -3.2878339398774487e-06
2024-12-26 21:03:43,467 - DEBUG - Computed pixel coordinates before clamping - x_pixel: 29, y_pixel: 326
2024-12-26 21:03:43,467 - DEBUG - Clamped pixel coordinates - x_pixel: 29, y_pixel: 326
2024-12-26 21:03:43,467 - DEBUG - Pixel Coordinates: [(29, 326), (37, 341), (0, 341), (0, 339), (2, 321)] ... (showing first 5 for brevity)
2024-12-26 21:03:43,467 - DEBUG - Pixel Bounding Box: x_min=0, x_max=37, y_min=321, y_max=341
2024-12-26 21:03:43,467 - DEBUG - Pixel bounding box: (0, 321, 37, 341)
2024-12-26 21:03:43,468 - DEBUG - Input is a list. Converting to tensor.
2024-12-26 21:03:43,468 - DEBUG - Input Bounding Boxes (Corner Format): tensor([[  0., 321.,  37., 341.]])
2024-12-26 21:03:43,468 - DEBUG - x_min: 0.0, y_min: 321.0, x_max: 37.0, y_max: 341.0
2024-12-26 21:03:43,468 - DEBUG - Converted Bounding Boxes (Center Format): tensor([[ 18.5000, 331.0000,  37.0000,  20.0000]])
2024-12-26 21:03:43,469 - DEBUG - Normalized bounding box (cx, cy, w, h): tensor([[ 18.5000, 331.0000,  37.0000,  20.0000]])
2024-12-26 21:03:43,470 - DEBUG - Processed image tensor shape: torch.Size([3, 512, 512])
2024-12-26 21:03:43,471 - DEBUG - Processed bounding box tensor: tensor([[ 18.5000, 331.0000,  37.0000,  20.0000]])
2024-12-26 21:03:43,471 - DEBUG - Processing index 3360:
2024-12-26 21:03:43,471 - DEBUG - Image path: ./data/raw/train/PS-RGB_tiled/54_1040010024086400_tile_498.png
2024-12-26 21:03:43,471 - DEBUG - Label path: ./data/raw/train/geojson_aircraft_tiled/54_1040010024086400_tile_498.geojson
2024-12-26 21:03:43,471 - DEBUG - Auxiliary path: ./data/raw/train/PS-RGB_tiled/54_1040010024086400_tile_498.png.aux.xml
2024-12-26 21:03:43,471 - DEBUG - Parsing GeoTransform from: ./data/raw/train/PS-RGB_tiled/54_1040010024086400_tile_498.png.aux.xml
2024-12-26 21:03:43,471 - DEBUG - GeoTransform parsed: [-80.28818206329368, 3.14247019390011e-06, 0.0, 25.786266701481633, 0.0, -3.14247019390011e-06]
2024-12-26 21:03:43,471 - DEBUG - Reading GeoJSON from: ./data/raw/train/geojson_aircraft_tiled/54_1040010024086400_tile_498.geojson
2024-12-26 21:03:43,472 - DEBUG - First feature coordinates: [[[-80.28800398362654, 25.785380542798244], [-80.2879657809659, 25.785318243074755], [-80.28806922201623, 25.78529943561106], [-80.2880921436126, 25.78539817479546], [-80.28800398362654, 25.785380542798244]]]
2024-12-26 21:03:43,472 - DEBUG - Feature properties: {'loc_id': 54, 'cat_id': '1040010024086400', 'location': 'Miami International Airport, 2100, Northwest 18th Street, Miami Springs, Alameda, Miami-Dade County, Florida, 33142, USA', 'role': 'Military Fighter/Interceptor/Attack', 'role_id': 6, 'is_plane': 1, 'num_engines': 2, 'propulsion': 'propeller', 'canards': 'no', 'num_tail_fins': 2, 'wing_position': 'mid/low mounted', 'wing_type': 'straight', 'length': 11.11171122622094, 'wingspan': 15.455904384018584, 'area': 85.85433373449573, 'faa_wingspan_class': 2, 'Public_Train': 1, 'Public_Test': 0, 'partialDec': 1.0, 'truncated': 0, 'new_area': 85.85433373449573}
2024-12-26 21:03:43,472 - DEBUG - GeoJSON Coords: [(-80.28800398362654, 25.785380542798244), (-80.2879657809659, 25.785318243074755), (-80.28806922201623, 25.78529943561106), (-80.2880921436126, 25.78539817479546), (-80.28800398362654, 25.785380542798244)]
2024-12-26 21:03:43,472 - DEBUG - GeoJSON Features: [11.11171122622094, 15.455904384018584, 85.85433373449573, 0, 1, 0, 2, 2, 2]
2024-12-26 21:03:43,472 - DEBUG - Parsed GeoTransform: [-80.28818206329368, 3.14247019390011e-06, 0.0, 25.786266701481633, 0.0, -3.14247019390011e-06]
2024-12-26 21:03:43,472 - DEBUG - Parsed GeoJSON coordinates: [(-80.28800398362654, 25.785380542798244), (-80.2879657809659, 25.785318243074755), (-80.28806922201623, 25.78529943561106), (-80.2880921436126, 25.78539817479546), (-80.28800398362654, 25.785380542798244)]
2024-12-26 21:03:43,473 - DEBUG - STREAM b'IHDR' 16 13
2024-12-26 21:03:43,473 - DEBUG - STREAM b'tRNS' 41 6
2024-12-26 21:03:43,473 - DEBUG - STREAM b'IDAT' 59 8192
2024-12-26 21:03:43,483 - DEBUG - Loaded image size: 512x512
2024-12-26 21:03:43,483 - DEBUG - Converting GeoJSON to pixel bounding boxes.
2024-12-26 21:03:43,483 - DEBUG - Input Coordinates: [(-80.28800398362654, 25.785380542798244), (-80.2879657809659, 25.785318243074755), (-80.28806922201623, 25.78529943561106), (-80.2880921436126, 25.78539817479546), (-80.28800398362654, 25.785380542798244)] ... (showing first 5 for brevity)
2024-12-26 21:03:43,483 - DEBUG - GeoTransform: [-80.28818206329368, 3.14247019390011e-06, 0.0, 25.786266701481633, 0.0, -3.14247019390011e-06]
2024-12-26 21:03:43,483 - DEBUG - Image Dimensions: width=512, height=512
2024-12-26 21:03:43,483 - DEBUG - Converting geo-coordinates to pixel coordinates:
2024-12-26 21:03:43,483 - DEBUG - Inputs - lon: -80.28800398362654, lat: 25.785380542798244, geo_transform: [-80.28818206329368, 3.14247019390011e-06, 0.0, 25.786266701481633, 0.0, -3.14247019390011e-06], image_width: 512, image_height: 512
2024-12-26 21:03:43,483 - DEBUG - Parsed GeoTransform - x_origin: -80.28818206329368, pixel_width: 3.14247019390011e-06, y_origin: 25.786266701481633, pixel_height: -3.14247019390011e-06
2024-12-26 21:03:43,483 - DEBUG - Computed pixel coordinates before clamping - x_pixel: 56, y_pixel: 281
2024-12-26 21:03:43,483 - DEBUG - Clamped pixel coordinates - x_pixel: 56, y_pixel: 281
2024-12-26 21:03:43,484 - DEBUG - Converting geo-coordinates to pixel coordinates:
2024-12-26 21:03:43,484 - DEBUG - Inputs - lon: -80.2879657809659, lat: 25.785318243074755, geo_transform: [-80.28818206329368, 3.14247019390011e-06, 0.0, 25.786266701481633, 0.0, -3.14247019390011e-06], image_width: 512, image_height: 512
2024-12-26 21:03:43,485 - DEBUG - Parsed GeoTransform - x_origin: -80.28818206329368, pixel_width: 3.14247019390011e-06, y_origin: 25.786266701481633, pixel_height: -3.14247019390011e-06
2024-12-26 21:03:43,485 - DEBUG - Computed pixel coordinates before clamping - x_pixel: 68, y_pixel: 301
2024-12-26 21:03:43,485 - DEBUG - Clamped pixel coordinates - x_pixel: 68, y_pixel: 301
2024-12-26 21:03:43,485 - DEBUG - Converting geo-coordinates to pixel coordinates:
2024-12-26 21:03:43,486 - DEBUG - Inputs - lon: -80.28806922201623, lat: 25.78529943561106, geo_transform: [-80.28818206329368, 3.14247019390011e-06, 0.0, 25.786266701481633, 0.0, -3.14247019390011e-06], image_width: 512, image_height: 512
2024-12-26 21:03:43,486 - DEBUG - Parsed GeoTransform - x_origin: -80.28818206329368, pixel_width: 3.14247019390011e-06, y_origin: 25.786266701481633, pixel_height: -3.14247019390011e-06
2024-12-26 21:03:43,486 - DEBUG - Computed pixel coordinates before clamping - x_pixel: 35, y_pixel: 307
2024-12-26 21:03:43,486 - DEBUG - Clamped pixel coordinates - x_pixel: 35, y_pixel: 307
2024-12-26 21:03:43,486 - DEBUG - Converting geo-coordinates to pixel coordinates:
2024-12-26 21:03:43,486 - DEBUG - Inputs - lon: -80.2880921436126, lat: 25.78539817479546, geo_transform: [-80.28818206329368, 3.14247019390011e-06, 0.0, 25.786266701481633, 0.0, -3.14247019390011e-06], image_width: 512, image_height: 512
2024-12-26 21:03:43,486 - DEBUG - Parsed GeoTransform - x_origin: -80.28818206329368, pixel_width: 3.14247019390011e-06, y_origin: 25.786266701481633, pixel_height: -3.14247019390011e-06
2024-12-26 21:03:43,486 - DEBUG - Computed pixel coordinates before clamping - x_pixel: 28, y_pixel: 276
2024-12-26 21:03:43,486 - DEBUG - Clamped pixel coordinates - x_pixel: 28, y_pixel: 276
2024-12-26 21:03:43,486 - DEBUG - Converting geo-coordinates to pixel coordinates:
2024-12-26 21:03:43,486 - DEBUG - Inputs - lon: -80.28800398362654, lat: 25.785380542798244, geo_transform: [-80.28818206329368, 3.14247019390011e-06, 0.0, 25.786266701481633, 0.0, -3.14247019390011e-06], image_width: 512, image_height: 512
2024-12-26 21:03:43,486 - DEBUG - Parsed GeoTransform - x_origin: -80.28818206329368, pixel_width: 3.14247019390011e-06, y_origin: 25.786266701481633, pixel_height: -3.14247019390011e-06
2024-12-26 21:03:43,486 - DEBUG - Computed pixel coordinates before clamping - x_pixel: 56, y_pixel: 281
2024-12-26 21:03:43,486 - DEBUG - Clamped pixel coordinates - x_pixel: 56, y_pixel: 281
2024-12-26 21:03:43,487 - DEBUG - Pixel Coordinates: [(56, 281), (68, 301), (35, 307), (28, 276), (56, 281)] ... (showing first 5 for brevity)
2024-12-26 21:03:43,487 - DEBUG - Pixel Bounding Box: x_min=28, x_max=68, y_min=276, y_max=307
2024-12-26 21:03:43,487 - DEBUG - Pixel bounding box: (28, 276, 68, 307)
2024-12-26 21:03:43,487 - DEBUG - Input is a list. Converting to tensor.
2024-12-26 21:03:43,487 - DEBUG - Input Bounding Boxes (Corner Format): tensor([[ 28., 276.,  68., 307.]])
2024-12-26 21:03:43,487 - DEBUG - x_min: 28.0, y_min: 276.0, x_max: 68.0, y_max: 307.0
2024-12-26 21:03:43,488 - DEBUG - Converted Bounding Boxes (Center Format): tensor([[ 48.0000, 291.5000,  40.0000,  31.0000]])
2024-12-26 21:03:43,488 - DEBUG - Normalized bounding box (cx, cy, w, h): tensor([[ 48.0000, 291.5000,  40.0000,  31.0000]])
2024-12-26 21:03:43,489 - DEBUG - Processed image tensor shape: torch.Size([3, 512, 512])
2024-12-26 21:03:43,490 - DEBUG - Processed bounding box tensor: tensor([[ 48.0000, 291.5000,  40.0000,  31.0000]])
2024-12-26 21:03:43,490 - DEBUG - Processing index 3348:
2024-12-26 21:03:43,490 - DEBUG - Image path: ./data/raw/train/PS-RGB_tiled/54_1040010024086400_tile_462.png
2024-12-26 21:03:43,490 - DEBUG - Label path: ./data/raw/train/geojson_aircraft_tiled/54_1040010024086400_tile_462.geojson
2024-12-26 21:03:43,490 - DEBUG - Auxiliary path: ./data/raw/train/PS-RGB_tiled/54_1040010024086400_tile_462.png.aux.xml
2024-12-26 21:03:43,490 - DEBUG - Parsing GeoTransform from: ./data/raw/train/PS-RGB_tiled/54_1040010024086400_tile_462.png.aux.xml
2024-12-26 21:03:43,490 - DEBUG - GeoTransform parsed: [-80.28946733360297, 3.14247019390011e-06, 0.0, 25.806831026430515, 0.0, -3.14247019390011e-06]
2024-12-26 21:03:43,491 - DEBUG - Reading GeoJSON from: ./data/raw/train/geojson_aircraft_tiled/54_1040010024086400_tile_462.geojson
2024-12-26 21:03:43,491 - DEBUG - First feature coordinates: [[[-80.28945039513137, 25.806129583253426], [-80.28946733360297, 25.806149783949188], [-80.28946733360297, 25.80618433432145], [-80.2894101354044, 25.806203049908486], [-80.28938662607477, 25.806127526187083], [-80.28945039513137, 25.806129583253426]]]
2024-12-26 21:03:43,491 - DEBUG - Feature properties: {'loc_id': 54, 'cat_id': '1040010024086400', 'location': 'Miami International Airport, 2100, Northwest 18th Street, Miami Springs, Alameda, Miami-Dade County, Florida, 33142, USA', 'role': 'Small Civil Transport/Utility', 'role_id': 1, 'is_plane': 1, 'num_engines': 1, 'propulsion': 'propeller', 'canards': 'no', 'num_tail_fins': 1, 'wing_position': 'mid/low mounted', 'wing_type': 'straight', 'length': 9.082265677147308, 'wingspan': 11.722856759868513, 'area': 53.21875684180843, 'faa_wingspan_class': 1, 'Public_Train': 1, 'Public_Test': 0, 'partialDec': 0.9180718089118549, 'truncated': 1, 'new_area': 48.85864036179922}
2024-12-26 21:03:43,491 - DEBUG - GeoJSON Coords: [(-80.28945039513137, 25.806129583253426), (-80.28946733360297, 25.806149783949188), (-80.28946733360297, 25.80618433432145), (-80.2894101354044, 25.806203049908486), (-80.28938662607477, 25.806127526187083), (-80.28945039513137, 25.806129583253426)]
2024-12-26 21:03:43,491 - DEBUG - GeoJSON Features: [9.082265677147308, 11.722856759868513, 53.21875684180843, 0, 1, 0, 1, 1, 1]
2024-12-26 21:03:43,491 - DEBUG - Parsed GeoTransform: [-80.28946733360297, 3.14247019390011e-06, 0.0, 25.806831026430515, 0.0, -3.14247019390011e-06]
2024-12-26 21:03:43,491 - DEBUG - Parsed GeoJSON coordinates: [(-80.28945039513137, 25.806129583253426), (-80.28946733360297, 25.806149783949188), (-80.28946733360297, 25.80618433432145), (-80.2894101354044, 25.806203049908486), (-80.28938662607477, 25.806127526187083), (-80.28945039513137, 25.806129583253426)]
2024-12-26 21:03:43,492 - DEBUG - STREAM b'IHDR' 16 13
2024-12-26 21:03:43,492 - DEBUG - STREAM b'tRNS' 41 6
2024-12-26 21:03:43,492 - DEBUG - STREAM b'IDAT' 59 8192
2024-12-26 21:03:43,503 - DEBUG - Loaded image size: 512x512
2024-12-26 21:03:43,503 - DEBUG - Converting GeoJSON to pixel bounding boxes.
2024-12-26 21:03:43,503 - DEBUG - Input Coordinates: [(-80.28945039513137, 25.806129583253426), (-80.28946733360297, 25.806149783949188), (-80.28946733360297, 25.80618433432145), (-80.2894101354044, 25.806203049908486), (-80.28938662607477, 25.806127526187083)] ... (showing first 5 for brevity)
2024-12-26 21:03:43,503 - DEBUG - GeoTransform: [-80.28946733360297, 3.14247019390011e-06, 0.0, 25.806831026430515, 0.0, -3.14247019390011e-06]
2024-12-26 21:03:43,503 - DEBUG - Image Dimensions: width=512, height=512
2024-12-26 21:03:43,503 - DEBUG - Converting geo-coordinates to pixel coordinates:
2024-12-26 21:03:43,503 - DEBUG - Inputs - lon: -80.28945039513137, lat: 25.806129583253426, geo_transform: [-80.28946733360297, 3.14247019390011e-06, 0.0, 25.806831026430515, 0.0, -3.14247019390011e-06], image_width: 512, image_height: 512
2024-12-26 21:03:43,503 - DEBUG - Parsed GeoTransform - x_origin: -80.28946733360297, pixel_width: 3.14247019390011e-06, y_origin: 25.806831026430515, pixel_height: -3.14247019390011e-06
2024-12-26 21:03:43,503 - DEBUG - Computed pixel coordinates before clamping - x_pixel: 5, y_pixel: 223
2024-12-26 21:03:43,503 - DEBUG - Clamped pixel coordinates - x_pixel: 5, y_pixel: 223
2024-12-26 21:03:43,503 - DEBUG - Converting geo-coordinates to pixel coordinates:
2024-12-26 21:03:43,503 - DEBUG - Inputs - lon: -80.28946733360297, lat: 25.806149783949188, geo_transform: [-80.28946733360297, 3.14247019390011e-06, 0.0, 25.806831026430515, 0.0, -3.14247019390011e-06], image_width: 512, image_height: 512
2024-12-26 21:03:43,504 - DEBUG - Parsed GeoTransform - x_origin: -80.28946733360297, pixel_width: 3.14247019390011e-06, y_origin: 25.806831026430515, pixel_height: -3.14247019390011e-06
2024-12-26 21:03:43,504 - DEBUG - Computed pixel coordinates before clamping - x_pixel: 0, y_pixel: 216
2024-12-26 21:03:43,504 - DEBUG - Clamped pixel coordinates - x_pixel: 0, y_pixel: 216
2024-12-26 21:03:43,504 - DEBUG - Converting geo-coordinates to pixel coordinates:
2024-12-26 21:03:43,504 - DEBUG - Inputs - lon: -80.28946733360297, lat: 25.80618433432145, geo_transform: [-80.28946733360297, 3.14247019390011e-06, 0.0, 25.806831026430515, 0.0, -3.14247019390011e-06], image_width: 512, image_height: 512
2024-12-26 21:03:43,504 - DEBUG - Parsed GeoTransform - x_origin: -80.28946733360297, pixel_width: 3.14247019390011e-06, y_origin: 25.806831026430515, pixel_height: -3.14247019390011e-06
2024-12-26 21:03:43,504 - DEBUG - Computed pixel coordinates before clamping - x_pixel: 0, y_pixel: 205
2024-12-26 21:03:43,504 - DEBUG - Clamped pixel coordinates - x_pixel: 0, y_pixel: 205
2024-12-26 21:03:43,504 - DEBUG - Converting geo-coordinates to pixel coordinates:
2024-12-26 21:03:43,504 - DEBUG - Inputs - lon: -80.2894101354044, lat: 25.806203049908486, geo_transform: [-80.28946733360297, 3.14247019390011e-06, 0.0, 25.806831026430515, 0.0, -3.14247019390011e-06], image_width: 512, image_height: 512
2024-12-26 21:03:43,504 - DEBUG - Parsed GeoTransform - x_origin: -80.28946733360297, pixel_width: 3.14247019390011e-06, y_origin: 25.806831026430515, pixel_height: -3.14247019390011e-06
2024-12-26 21:03:43,504 - DEBUG - Computed pixel coordinates before clamping - x_pixel: 18, y_pixel: 199
2024-12-26 21:03:43,504 - DEBUG - Clamped pixel coordinates - x_pixel: 18, y_pixel: 199
2024-12-26 21:03:43,505 - DEBUG - Converting geo-coordinates to pixel coordinates:
2024-12-26 21:03:43,505 - DEBUG - Inputs - lon: -80.28938662607477, lat: 25.806127526187083, geo_transform: [-80.28946733360297, 3.14247019390011e-06, 0.0, 25.806831026430515, 0.0, -3.14247019390011e-06], image_width: 512, image_height: 512
2024-12-26 21:03:43,505 - DEBUG - Parsed GeoTransform - x_origin: -80.28946733360297, pixel_width: 3.14247019390011e-06, y_origin: 25.806831026430515, pixel_height: -3.14247019390011e-06
2024-12-26 21:03:43,505 - DEBUG - Computed pixel coordinates before clamping - x_pixel: 25, y_pixel: 223
2024-12-26 21:03:43,505 - DEBUG - Clamped pixel coordinates - x_pixel: 25, y_pixel: 223
2024-12-26 21:03:43,505 - DEBUG - Converting geo-coordinates to pixel coordinates:
2024-12-26 21:03:43,505 - DEBUG - Inputs - lon: -80.28945039513137, lat: 25.806129583253426, geo_transform: [-80.28946733360297, 3.14247019390011e-06, 0.0, 25.806831026430515, 0.0, -3.14247019390011e-06], image_width: 512, image_height: 512
2024-12-26 21:03:43,505 - DEBUG - Parsed GeoTransform - x_origin: -80.28946733360297, pixel_width: 3.14247019390011e-06, y_origin: 25.806831026430515, pixel_height: -3.14247019390011e-06
2024-12-26 21:03:43,505 - DEBUG - Computed pixel coordinates before clamping - x_pixel: 5, y_pixel: 223
2024-12-26 21:03:43,505 - DEBUG - Clamped pixel coordinates - x_pixel: 5, y_pixel: 223
2024-12-26 21:03:43,505 - DEBUG - Pixel Coordinates: [(5, 223), (0, 216), (0, 205), (18, 199), (25, 223)] ... (showing first 5 for brevity)
2024-12-26 21:03:43,505 - DEBUG - Pixel Bounding Box: x_min=0, x_max=25, y_min=199, y_max=223
2024-12-26 21:03:43,505 - DEBUG - Pixel bounding box: (0, 199, 25, 223)
2024-12-26 21:03:43,506 - DEBUG - Input is a list. Converting to tensor.
2024-12-26 21:03:43,506 - DEBUG - Input Bounding Boxes (Corner Format): tensor([[  0., 199.,  25., 223.]])
2024-12-26 21:03:43,506 - DEBUG - x_min: 0.0, y_min: 199.0, x_max: 25.0, y_max: 223.0
2024-12-26 21:03:43,507 - DEBUG - Converted Bounding Boxes (Center Format): tensor([[ 12.5000, 211.0000,  25.0000,  24.0000]])
2024-12-26 21:03:43,507 - DEBUG - Normalized bounding box (cx, cy, w, h): tensor([[ 12.5000, 211.0000,  25.0000,  24.0000]])
2024-12-26 21:03:43,509 - DEBUG - Processed image tensor shape: torch.Size([3, 512, 512])
2024-12-26 21:03:43,509 - DEBUG - Processed bounding box tensor: tensor([[ 12.5000, 211.0000,  25.0000,  24.0000]])
2024-12-26 21:03:43,510 - DEBUG - Processing index 2410:
2024-12-26 21:03:43,510 - DEBUG - Image path: ./data/raw/train/PS-RGB_tiled/44_1040010049288700_tile_53.png
2024-12-26 21:03:43,510 - DEBUG - Label path: ./data/raw/train/geojson_aircraft_tiled/44_1040010049288700_tile_53.geojson
2024-12-26 21:03:43,510 - DEBUG - Auxiliary path: ./data/raw/train/PS-RGB_tiled/44_1040010049288700_tile_53.png.aux.xml
2024-12-26 21:03:43,510 - DEBUG - Parsing GeoTransform from: ./data/raw/train/PS-RGB_tiled/44_1040010049288700_tile_53.png.aux.xml
2024-12-26 21:03:43,510 - DEBUG - GeoTransform parsed: [-115.13953535771533, 3.0782270402525546e-06, 0.0, 35.97810559469886, 0.0, -3.0782270402525546e-06]
2024-12-26 21:03:43,510 - DEBUG - Reading GeoJSON from: ./data/raw/train/geojson_aircraft_tiled/44_1040010049288700_tile_53.geojson
2024-12-26 21:03:43,511 - DEBUG - First feature coordinates: [[[-115.13841663193413, 35.977212735300135], [-115.13851047524187, 35.9772836719737], [-115.1384055480789, 35.977357564342], [-115.13832426647376, 35.97727258811846], [-115.13841663193413, 35.977212735300135]]]
2024-12-26 21:03:43,511 - DEBUG - Feature properties: {'loc_id': 44, 'cat_id': '1040010049288700', 'location': 'Henderson Executive Airport, Jet Stream Drive, Seven Hills, Henderson, Clark County, Nevada, 89052, USA', 'role': 'Medium Civil Transport/Utility', 'role_id': 2, 'is_plane': 1, 'num_engines': 2, 'propulsion': 'jet', 'canards': 'no', 'num_tail_fins': 1, 'wing_position': 'mid/low mounted', 'wing_type': 'swept', 'length': 16.100235103789867, 'wingspan': 16.838164818894313, 'area': 135.54104278996346, 'faa_wingspan_class': 2, 'Public_Train': 1, 'Public_Test': 0, 'partialDec': 1.0, 'truncated': 0, 'new_area': 135.54104278996346}
2024-12-26 21:03:43,511 - DEBUG - GeoJSON Coords: [(-115.13841663193413, 35.977212735300135), (-115.13851047524187, 35.9772836719737), (-115.1384055480789, 35.977357564342), (-115.13832426647376, 35.97727258811846), (-115.13841663193413, 35.977212735300135)]
2024-12-26 21:03:43,511 - DEBUG - GeoJSON Features: [16.100235103789867, 16.838164818894313, 135.54104278996346, 1, 1, 0, 2, 1, 2]
2024-12-26 21:03:43,511 - DEBUG - Parsed GeoTransform: [-115.13953535771533, 3.0782270402525546e-06, 0.0, 35.97810559469886, 0.0, -3.0782270402525546e-06]
2024-12-26 21:03:43,511 - DEBUG - Parsed GeoJSON coordinates: [(-115.13841663193413, 35.977212735300135), (-115.13851047524187, 35.9772836719737), (-115.1384055480789, 35.977357564342), (-115.13832426647376, 35.97727258811846), (-115.13841663193413, 35.977212735300135)]
2024-12-26 21:03:43,511 - DEBUG - STREAM b'IHDR' 16 13
2024-12-26 21:03:43,511 - DEBUG - STREAM b'tRNS' 41 6
2024-12-26 21:03:43,512 - DEBUG - STREAM b'IDAT' 59 8192
2024-12-26 21:03:43,522 - DEBUG - Loaded image size: 512x512
2024-12-26 21:03:43,522 - DEBUG - Converting GeoJSON to pixel bounding boxes.
2024-12-26 21:03:43,522 - DEBUG - Input Coordinates: [(-115.13841663193413, 35.977212735300135), (-115.13851047524187, 35.9772836719737), (-115.1384055480789, 35.977357564342), (-115.13832426647376, 35.97727258811846), (-115.13841663193413, 35.977212735300135)] ... (showing first 5 for brevity)
2024-12-26 21:03:43,522 - DEBUG - GeoTransform: [-115.13953535771533, 3.0782270402525546e-06, 0.0, 35.97810559469886, 0.0, -3.0782270402525546e-06]
2024-12-26 21:03:43,523 - DEBUG - Image Dimensions: width=512, height=512
2024-12-26 21:03:43,523 - DEBUG - Converting geo-coordinates to pixel coordinates:
2024-12-26 21:03:43,523 - DEBUG - Inputs - lon: -115.13841663193413, lat: 35.977212735300135, geo_transform: [-115.13953535771533, 3.0782270402525546e-06, 0.0, 35.97810559469886, 0.0, -3.0782270402525546e-06], image_width: 512, image_height: 512
2024-12-26 21:03:43,523 - DEBUG - Parsed GeoTransform - x_origin: -115.13953535771533, pixel_width: 3.0782270402525546e-06, y_origin: 35.97810559469886, pixel_height: -3.0782270402525546e-06
2024-12-26 21:03:43,523 - DEBUG - Computed pixel coordinates before clamping - x_pixel: 363, y_pixel: 290
2024-12-26 21:03:43,523 - DEBUG - Clamped pixel coordinates - x_pixel: 363, y_pixel: 290
2024-12-26 21:03:43,523 - DEBUG - Converting geo-coordinates to pixel coordinates:
2024-12-26 21:03:43,523 - DEBUG - Inputs - lon: -115.13851047524187, lat: 35.9772836719737, geo_transform: [-115.13953535771533, 3.0782270402525546e-06, 0.0, 35.97810559469886, 0.0, -3.0782270402525546e-06], image_width: 512, image_height: 512
2024-12-26 21:03:43,523 - DEBUG - Parsed GeoTransform - x_origin: -115.13953535771533, pixel_width: 3.0782270402525546e-06, y_origin: 35.97810559469886, pixel_height: -3.0782270402525546e-06
2024-12-26 21:03:43,523 - DEBUG - Computed pixel coordinates before clamping - x_pixel: 332, y_pixel: 267
2024-12-26 21:03:43,523 - DEBUG - Clamped pixel coordinates - x_pixel: 332, y_pixel: 267
2024-12-26 21:03:43,523 - DEBUG - Converting geo-coordinates to pixel coordinates:
2024-12-26 21:03:43,523 - DEBUG - Inputs - lon: -115.1384055480789, lat: 35.977357564342, geo_transform: [-115.13953535771533, 3.0782270402525546e-06, 0.0, 35.97810559469886, 0.0, -3.0782270402525546e-06], image_width: 512, image_height: 512
2024-12-26 21:03:43,524 - DEBUG - Parsed GeoTransform - x_origin: -115.13953535771533, pixel_width: 3.0782270402525546e-06, y_origin: 35.97810559469886, pixel_height: -3.0782270402525546e-06
2024-12-26 21:03:43,524 - DEBUG - Computed pixel coordinates before clamping - x_pixel: 367, y_pixel: 243
2024-12-26 21:03:43,524 - DEBUG - Clamped pixel coordinates - x_pixel: 367, y_pixel: 243
2024-12-26 21:03:43,524 - DEBUG - Converting geo-coordinates to pixel coordinates:
2024-12-26 21:03:43,524 - DEBUG - Inputs - lon: -115.13832426647376, lat: 35.97727258811846, geo_transform: [-115.13953535771533, 3.0782270402525546e-06, 0.0, 35.97810559469886, 0.0, -3.0782270402525546e-06], image_width: 512, image_height: 512
2024-12-26 21:03:43,524 - DEBUG - Parsed GeoTransform - x_origin: -115.13953535771533, pixel_width: 3.0782270402525546e-06, y_origin: 35.97810559469886, pixel_height: -3.0782270402525546e-06
2024-12-26 21:03:43,524 - DEBUG - Computed pixel coordinates before clamping - x_pixel: 393, y_pixel: 270
2024-12-26 21:03:43,524 - DEBUG - Clamped pixel coordinates - x_pixel: 393, y_pixel: 270
2024-12-26 21:03:43,524 - DEBUG - Converting geo-coordinates to pixel coordinates:
2024-12-26 21:03:43,524 - DEBUG - Inputs - lon: -115.13841663193413, lat: 35.977212735300135, geo_transform: [-115.13953535771533, 3.0782270402525546e-06, 0.0, 35.97810559469886, 0.0, -3.0782270402525546e-06], image_width: 512, image_height: 512
2024-12-26 21:03:43,524 - DEBUG - Parsed GeoTransform - x_origin: -115.13953535771533, pixel_width: 3.0782270402525546e-06, y_origin: 35.97810559469886, pixel_height: -3.0782270402525546e-06
2024-12-26 21:03:43,524 - DEBUG - Computed pixel coordinates before clamping - x_pixel: 363, y_pixel: 290
2024-12-26 21:03:43,524 - DEBUG - Clamped pixel coordinates - x_pixel: 363, y_pixel: 290
2024-12-26 21:03:43,524 - DEBUG - Pixel Coordinates: [(363, 290), (332, 267), (367, 243), (393, 270), (363, 290)] ... (showing first 5 for brevity)
2024-12-26 21:03:43,525 - DEBUG - Pixel Bounding Box: x_min=332, x_max=393, y_min=243, y_max=290
2024-12-26 21:03:43,525 - DEBUG - Pixel bounding box: (332, 243, 393, 290)
2024-12-26 21:03:43,525 - DEBUG - Input is a list. Converting to tensor.
2024-12-26 21:03:43,525 - DEBUG - Input Bounding Boxes (Corner Format): tensor([[332., 243., 393., 290.]])
2024-12-26 21:03:43,525 - DEBUG - x_min: 332.0, y_min: 243.0, x_max: 393.0, y_max: 290.0
2024-12-26 21:03:43,525 - DEBUG - Converted Bounding Boxes (Center Format): tensor([[362.5000, 266.5000,  61.0000,  47.0000]])
2024-12-26 21:03:43,526 - DEBUG - Normalized bounding box (cx, cy, w, h): tensor([[362.5000, 266.5000,  61.0000,  47.0000]])
2024-12-26 21:03:43,528 - DEBUG - Processed image tensor shape: torch.Size([3, 512, 512])
2024-12-26 21:03:43,528 - DEBUG - Processed bounding box tensor: tensor([[362.5000, 266.5000,  61.0000,  47.0000]])
2024-12-26 21:03:43,528 - DEBUG - Processing index 5746:
2024-12-26 21:03:43,528 - DEBUG - Image path: ./data/raw/train/PS-RGB_tiled/9_104001001915BB00_tile_178.png
2024-12-26 21:03:43,528 - DEBUG - Label path: ./data/raw/train/geojson_aircraft_tiled/9_104001001915BB00_tile_178.geojson
2024-12-26 21:03:43,528 - DEBUG - Auxiliary path: ./data/raw/train/PS-RGB_tiled/9_104001001915BB00_tile_178.png.aux.xml
2024-12-26 21:03:43,528 - DEBUG - Parsing GeoTransform from: ./data/raw/train/PS-RGB_tiled/9_104001001915BB00_tile_178.png.aux.xml
2024-12-26 21:03:43,529 - DEBUG - GeoTransform parsed: [2.1138730972425948, 3.033739045223931e-06, 0.0, 48.74972921231454, 0.0, -3.033739045223931e-06]
2024-12-26 21:03:43,529 - DEBUG - Reading GeoJSON from: ./data/raw/train/geojson_aircraft_tiled/9_104001001915BB00_tile_178.geojson
2024-12-26 21:03:43,529 - DEBUG - First feature coordinates: [[[2.114226023381348, 48.749171541352176], [2.114171017550665, 48.74921636091792], [2.114269824320595, 48.7492367334478], [2.114311588006854, 48.749166448219704], [2.114226023381348, 48.749171541352176]]]
2024-12-26 21:03:43,530 - DEBUG - Feature properties: {'loc_id': 9, 'cat_id': '104001001915BB00', 'location': 'Aérodrome de Toussus-le-Noble, Rue Robert Esnault-Pelterie, Ferme du Trou Salé, Toussus-le-Noble, Versailles, Yvelines, Ile-de-France, Metropolitan France, 78117, France', 'role': 'Small Civil Transport/Utility', 'role_id': 1, 'is_plane': 1, 'num_engines': 1, 'propulsion': 'propeller', 'canards': 'no', 'num_tail_fins': 1, 'wing_position': 'mid/low mounted', 'wing_type': 'straight', 'length': 7.93027427232365, 'wingspan': 11.729161885424146, 'area': 46.37819207171265, 'faa_wingspan_class': 1, 'Public_Train': 1, 'Public_Test': 0, 'partialDec': 1.0, 'truncated': 0, 'new_area': 46.37819207171265}
2024-12-26 21:03:43,530 - DEBUG - GeoJSON Coords: [(2.114226023381348, 48.749171541352176), (2.114171017550665, 48.74921636091792), (2.114269824320595, 48.7492367334478), (2.114311588006854, 48.749166448219704), (2.114226023381348, 48.749171541352176)]
2024-12-26 21:03:43,530 - DEBUG - GeoJSON Features: [7.93027427232365, 11.729161885424146, 46.37819207171265, 0, 1, 0, 1, 1, 1]
2024-12-26 21:03:43,530 - DEBUG - Parsed GeoTransform: [2.1138730972425948, 3.033739045223931e-06, 0.0, 48.74972921231454, 0.0, -3.033739045223931e-06]
2024-12-26 21:03:43,530 - DEBUG - Parsed GeoJSON coordinates: [(2.114226023381348, 48.749171541352176), (2.114171017550665, 48.74921636091792), (2.114269824320595, 48.7492367334478), (2.114311588006854, 48.749166448219704), (2.114226023381348, 48.749171541352176)]
2024-12-26 21:03:43,530 - DEBUG - STREAM b'IHDR' 16 13
2024-12-26 21:03:43,530 - DEBUG - STREAM b'tRNS' 41 6
2024-12-26 21:03:43,531 - DEBUG - STREAM b'IDAT' 59 8192
2024-12-26 21:03:43,541 - DEBUG - Loaded image size: 512x512
2024-12-26 21:03:43,541 - DEBUG - Converting GeoJSON to pixel bounding boxes.
2024-12-26 21:03:43,541 - DEBUG - Input Coordinates: [(2.114226023381348, 48.749171541352176), (2.114171017550665, 48.74921636091792), (2.114269824320595, 48.7492367334478), (2.114311588006854, 48.749166448219704), (2.114226023381348, 48.749171541352176)] ... (showing first 5 for brevity)
2024-12-26 21:03:43,541 - DEBUG - GeoTransform: [2.1138730972425948, 3.033739045223931e-06, 0.0, 48.74972921231454, 0.0, -3.033739045223931e-06]
2024-12-26 21:03:43,541 - DEBUG - Image Dimensions: width=512, height=512
2024-12-26 21:03:43,541 - DEBUG - Converting geo-coordinates to pixel coordinates:
2024-12-26 21:03:43,541 - DEBUG - Inputs - lon: 2.114226023381348, lat: 48.749171541352176, geo_transform: [2.1138730972425948, 3.033739045223931e-06, 0.0, 48.74972921231454, 0.0, -3.033739045223931e-06], image_width: 512, image_height: 512
2024-12-26 21:03:43,541 - DEBUG - Parsed GeoTransform - x_origin: 2.1138730972425948, pixel_width: 3.033739045223931e-06, y_origin: 48.74972921231454, pixel_height: -3.033739045223931e-06
2024-12-26 21:03:43,541 - DEBUG - Computed pixel coordinates before clamping - x_pixel: 116, y_pixel: 183
2024-12-26 21:03:43,541 - DEBUG - Clamped pixel coordinates - x_pixel: 116, y_pixel: 183
2024-12-26 21:03:43,541 - DEBUG - Converting geo-coordinates to pixel coordinates:
2024-12-26 21:03:43,541 - DEBUG - Inputs - lon: 2.114171017550665, lat: 48.74921636091792, geo_transform: [2.1138730972425948, 3.033739045223931e-06, 0.0, 48.74972921231454, 0.0, -3.033739045223931e-06], image_width: 512, image_height: 512
2024-12-26 21:03:43,541 - DEBUG - Parsed GeoTransform - x_origin: 2.1138730972425948, pixel_width: 3.033739045223931e-06, y_origin: 48.74972921231454, pixel_height: -3.033739045223931e-06
2024-12-26 21:03:43,542 - DEBUG - Computed pixel coordinates before clamping - x_pixel: 98, y_pixel: 169
2024-12-26 21:03:43,542 - DEBUG - Clamped pixel coordinates - x_pixel: 98, y_pixel: 169
2024-12-26 21:03:43,542 - DEBUG - Converting geo-coordinates to pixel coordinates:
2024-12-26 21:03:43,542 - DEBUG - Inputs - lon: 2.114269824320595, lat: 48.7492367334478, geo_transform: [2.1138730972425948, 3.033739045223931e-06, 0.0, 48.74972921231454, 0.0, -3.033739045223931e-06], image_width: 512, image_height: 512
2024-12-26 21:03:43,542 - DEBUG - Parsed GeoTransform - x_origin: 2.1138730972425948, pixel_width: 3.033739045223931e-06, y_origin: 48.74972921231454, pixel_height: -3.033739045223931e-06
2024-12-26 21:03:43,542 - DEBUG - Computed pixel coordinates before clamping - x_pixel: 130, y_pixel: 162
2024-12-26 21:03:43,542 - DEBUG - Clamped pixel coordinates - x_pixel: 130, y_pixel: 162
2024-12-26 21:03:43,542 - DEBUG - Converting geo-coordinates to pixel coordinates:
2024-12-26 21:03:43,542 - DEBUG - Inputs - lon: 2.114311588006854, lat: 48.749166448219704, geo_transform: [2.1138730972425948, 3.033739045223931e-06, 0.0, 48.74972921231454, 0.0, -3.033739045223931e-06], image_width: 512, image_height: 512
2024-12-26 21:03:43,542 - DEBUG - Parsed GeoTransform - x_origin: 2.1138730972425948, pixel_width: 3.033739045223931e-06, y_origin: 48.74972921231454, pixel_height: -3.033739045223931e-06
2024-12-26 21:03:43,542 - DEBUG - Computed pixel coordinates before clamping - x_pixel: 144, y_pixel: 185
2024-12-26 21:03:43,542 - DEBUG - Clamped pixel coordinates - x_pixel: 144, y_pixel: 185
2024-12-26 21:03:43,542 - DEBUG - Converting geo-coordinates to pixel coordinates:
2024-12-26 21:03:43,542 - DEBUG - Inputs - lon: 2.114226023381348, lat: 48.749171541352176, geo_transform: [2.1138730972425948, 3.033739045223931e-06, 0.0, 48.74972921231454, 0.0, -3.033739045223931e-06], image_width: 512, image_height: 512
2024-12-26 21:03:43,542 - DEBUG - Parsed GeoTransform - x_origin: 2.1138730972425948, pixel_width: 3.033739045223931e-06, y_origin: 48.74972921231454, pixel_height: -3.033739045223931e-06
2024-12-26 21:03:43,543 - DEBUG - Computed pixel coordinates before clamping - x_pixel: 116, y_pixel: 183
2024-12-26 21:03:43,543 - DEBUG - Clamped pixel coordinates - x_pixel: 116, y_pixel: 183
2024-12-26 21:03:43,543 - DEBUG - Pixel Coordinates: [(116, 183), (98, 169), (130, 162), (144, 185), (116, 183)] ... (showing first 5 for brevity)
2024-12-26 21:03:43,543 - DEBUG - Pixel Bounding Box: x_min=98, x_max=144, y_min=162, y_max=185
2024-12-26 21:03:43,543 - DEBUG - Pixel bounding box: (98, 162, 144, 185)
2024-12-26 21:03:43,543 - DEBUG - Input is a list. Converting to tensor.
2024-12-26 21:03:43,543 - DEBUG - Input Bounding Boxes (Corner Format): tensor([[ 98., 162., 144., 185.]])
2024-12-26 21:03:43,543 - DEBUG - x_min: 98.0, y_min: 162.0, x_max: 144.0, y_max: 185.0
2024-12-26 21:03:43,544 - DEBUG - Converted Bounding Boxes (Center Format): tensor([[121.0000, 173.5000,  46.0000,  23.0000]])
2024-12-26 21:03:43,544 - DEBUG - Normalized bounding box (cx, cy, w, h): tensor([[121.0000, 173.5000,  46.0000,  23.0000]])
2024-12-26 21:03:43,546 - DEBUG - Processed image tensor shape: torch.Size([3, 512, 512])
2024-12-26 21:03:43,546 - DEBUG - Processed bounding box tensor: tensor([[121.0000, 173.5000,  46.0000,  23.0000]])
2024-12-26 21:03:43,546 - DEBUG - Processing index 4863:
2024-12-26 21:03:43,546 - DEBUG - Image path: ./data/raw/train/PS-RGB_tiled/86_10400100457A8A00_tile_179.png
2024-12-26 21:03:43,546 - DEBUG - Label path: ./data/raw/train/geojson_aircraft_tiled/86_10400100457A8A00_tile_179.geojson
2024-12-26 21:03:43,547 - DEBUG - Auxiliary path: ./data/raw/train/PS-RGB_tiled/86_10400100457A8A00_tile_179.png.aux.xml
2024-12-26 21:03:43,547 - DEBUG - Parsing GeoTransform from: ./data/raw/train/PS-RGB_tiled/86_10400100457A8A00_tile_179.png.aux.xml
2024-12-26 21:03:43,547 - DEBUG - GeoTransform parsed: [-80.0972100250359, 2.988823281017956e-06, 0.0, 26.68206533109686, 0.0, -2.988823281017956e-06]
2024-12-26 21:03:43,547 - DEBUG - Reading GeoJSON from: ./data/raw/train/geojson_aircraft_tiled/86_10400100457A8A00_tile_179.geojson
2024-12-26 21:03:43,547 - DEBUG - First feature coordinates: [[[-80.09657309798062, 26.681579403577363], [-80.09649437979601, 26.681652931551998], [-80.09640355112145, 26.681579403577363], [-80.09650043504098, 26.68149895532276], [-80.09657309798062, 26.681579403577363]]]
2024-12-26 21:03:43,547 - DEBUG - Feature properties: {'loc_id': 86, 'cat_id': '10400100457A8A00', 'location': 'Palm Beach International Airport, Arrivals, West Gate, Palm Beach County, Florida, 33406-1507, USA', 'role': 'Medium Civil Transport/Utility', 'role_id': 2, 'is_plane': 1, 'num_engines': 2, 'propulsion': 'jet', 'canards': 'no', 'num_tail_fins': 1, 'wing_position': 'mid/low mounted', 'wing_type': 'straight', 'length': 16.87042743327162, 'wingspan': 17.065857231528728, 'area': 143.86440779302993, 'faa_wingspan_class': 2, 'Public_Train': 1, 'Public_Test': 0, 'partialDec': 1.0, 'truncated': 0, 'new_area': 143.86440779302993}
2024-12-26 21:03:43,548 - DEBUG - GeoJSON Coords: [(-80.09657309798062, 26.681579403577363), (-80.09649437979601, 26.681652931551998), (-80.09640355112145, 26.681579403577363), (-80.09650043504098, 26.68149895532276), (-80.09657309798062, 26.681579403577363)]
2024-12-26 21:03:43,548 - DEBUG - GeoJSON Features: [16.87042743327162, 17.065857231528728, 143.86440779302993, 0, 1, 0, 2, 1, 2]
2024-12-26 21:03:43,548 - DEBUG - Parsed GeoTransform: [-80.0972100250359, 2.988823281017956e-06, 0.0, 26.68206533109686, 0.0, -2.988823281017956e-06]
2024-12-26 21:03:43,548 - DEBUG - Parsed GeoJSON coordinates: [(-80.09657309798062, 26.681579403577363), (-80.09649437979601, 26.681652931551998), (-80.09640355112145, 26.681579403577363), (-80.09650043504098, 26.68149895532276), (-80.09657309798062, 26.681579403577363)]
2024-12-26 21:03:43,548 - DEBUG - STREAM b'IHDR' 16 13
2024-12-26 21:03:43,548 - DEBUG - STREAM b'tRNS' 41 6
2024-12-26 21:03:43,548 - DEBUG - STREAM b'IDAT' 59 8192
2024-12-26 21:03:43,558 - DEBUG - Loaded image size: 512x512
2024-12-26 21:03:43,558 - DEBUG - Converting GeoJSON to pixel bounding boxes.
2024-12-26 21:03:43,558 - DEBUG - Input Coordinates: [(-80.09657309798062, 26.681579403577363), (-80.09649437979601, 26.681652931551998), (-80.09640355112145, 26.681579403577363), (-80.09650043504098, 26.68149895532276), (-80.09657309798062, 26.681579403577363)] ... (showing first 5 for brevity)
2024-12-26 21:03:43,559 - DEBUG - GeoTransform: [-80.0972100250359, 2.988823281017956e-06, 0.0, 26.68206533109686, 0.0, -2.988823281017956e-06]
2024-12-26 21:03:43,559 - DEBUG - Image Dimensions: width=512, height=512
2024-12-26 21:03:43,559 - DEBUG - Converting geo-coordinates to pixel coordinates:
2024-12-26 21:03:43,559 - DEBUG - Inputs - lon: -80.09657309798062, lat: 26.681579403577363, geo_transform: [-80.0972100250359, 2.988823281017956e-06, 0.0, 26.68206533109686, 0.0, -2.988823281017956e-06], image_width: 512, image_height: 512
2024-12-26 21:03:43,559 - DEBUG - Parsed GeoTransform - x_origin: -80.0972100250359, pixel_width: 2.988823281017956e-06, y_origin: 26.68206533109686, pixel_height: -2.988823281017956e-06
2024-12-26 21:03:43,559 - DEBUG - Computed pixel coordinates before clamping - x_pixel: 213, y_pixel: 162
2024-12-26 21:03:43,559 - DEBUG - Clamped pixel coordinates - x_pixel: 213, y_pixel: 162
2024-12-26 21:03:43,559 - DEBUG - Converting geo-coordinates to pixel coordinates:
2024-12-26 21:03:43,559 - DEBUG - Inputs - lon: -80.09649437979601, lat: 26.681652931551998, geo_transform: [-80.0972100250359, 2.988823281017956e-06, 0.0, 26.68206533109686, 0.0, -2.988823281017956e-06], image_width: 512, image_height: 512
2024-12-26 21:03:43,560 - DEBUG - Parsed GeoTransform - x_origin: -80.0972100250359, pixel_width: 2.988823281017956e-06, y_origin: 26.68206533109686, pixel_height: -2.988823281017956e-06
2024-12-26 21:03:43,560 - DEBUG - Computed pixel coordinates before clamping - x_pixel: 239, y_pixel: 137
2024-12-26 21:03:43,560 - DEBUG - Clamped pixel coordinates - x_pixel: 239, y_pixel: 137
2024-12-26 21:03:43,560 - DEBUG - Converting geo-coordinates to pixel coordinates:
2024-12-26 21:03:43,560 - DEBUG - Inputs - lon: -80.09640355112145, lat: 26.681579403577363, geo_transform: [-80.0972100250359, 2.988823281017956e-06, 0.0, 26.68206533109686, 0.0, -2.988823281017956e-06], image_width: 512, image_height: 512
2024-12-26 21:03:43,560 - DEBUG - Parsed GeoTransform - x_origin: -80.0972100250359, pixel_width: 2.988823281017956e-06, y_origin: 26.68206533109686, pixel_height: -2.988823281017956e-06
2024-12-26 21:03:43,560 - DEBUG - Computed pixel coordinates before clamping - x_pixel: 269, y_pixel: 162
2024-12-26 21:03:43,560 - DEBUG - Clamped pixel coordinates - x_pixel: 269, y_pixel: 162
2024-12-26 21:03:43,560 - DEBUG - Converting geo-coordinates to pixel coordinates:
2024-12-26 21:03:43,560 - DEBUG - Inputs - lon: -80.09650043504098, lat: 26.68149895532276, geo_transform: [-80.0972100250359, 2.988823281017956e-06, 0.0, 26.68206533109686, 0.0, -2.988823281017956e-06], image_width: 512, image_height: 512
2024-12-26 21:03:43,560 - DEBUG - Parsed GeoTransform - x_origin: -80.0972100250359, pixel_width: 2.988823281017956e-06, y_origin: 26.68206533109686, pixel_height: -2.988823281017956e-06
2024-12-26 21:03:43,560 - DEBUG - Computed pixel coordinates before clamping - x_pixel: 237, y_pixel: 189
2024-12-26 21:03:43,561 - DEBUG - Clamped pixel coordinates - x_pixel: 237, y_pixel: 189
2024-12-26 21:03:43,561 - DEBUG - Converting geo-coordinates to pixel coordinates:
2024-12-26 21:03:43,561 - DEBUG - Inputs - lon: -80.09657309798062, lat: 26.681579403577363, geo_transform: [-80.0972100250359, 2.988823281017956e-06, 0.0, 26.68206533109686, 0.0, -2.988823281017956e-06], image_width: 512, image_height: 512
2024-12-26 21:03:43,561 - DEBUG - Parsed GeoTransform - x_origin: -80.0972100250359, pixel_width: 2.988823281017956e-06, y_origin: 26.68206533109686, pixel_height: -2.988823281017956e-06
2024-12-26 21:03:43,561 - DEBUG - Computed pixel coordinates before clamping - x_pixel: 213, y_pixel: 162
2024-12-26 21:03:43,561 - DEBUG - Clamped pixel coordinates - x_pixel: 213, y_pixel: 162
2024-12-26 21:03:43,561 - DEBUG - Pixel Coordinates: [(213, 162), (239, 137), (269, 162), (237, 189), (213, 162)] ... (showing first 5 for brevity)
2024-12-26 21:03:43,561 - DEBUG - Pixel Bounding Box: x_min=213, x_max=269, y_min=137, y_max=189
2024-12-26 21:03:43,561 - DEBUG - Pixel bounding box: (213, 137, 269, 189)
2024-12-26 21:03:43,561 - DEBUG - Input is a list. Converting to tensor.
2024-12-26 21:03:43,562 - DEBUG - Input Bounding Boxes (Corner Format): tensor([[213., 137., 269., 189.]])
2024-12-26 21:03:43,562 - DEBUG - x_min: 213.0, y_min: 137.0, x_max: 269.0, y_max: 189.0
2024-12-26 21:03:43,562 - DEBUG - Converted Bounding Boxes (Center Format): tensor([[241., 163.,  56.,  52.]])
2024-12-26 21:03:43,563 - DEBUG - Normalized bounding box (cx, cy, w, h): tensor([[241., 163.,  56.,  52.]])
2024-12-26 21:03:43,564 - DEBUG - Processed image tensor shape: torch.Size([3, 512, 512])
2024-12-26 21:03:43,565 - DEBUG - Processed bounding box tensor: tensor([[241., 163.,  56.,  52.]])
2024-12-26 21:03:43,565 - DEBUG - Processing index 2472:
2024-12-26 21:03:43,565 - DEBUG - Image path: ./data/raw/train/PS-RGB_tiled/45_104001001CAC2B00_tile_150.png
2024-12-26 21:03:43,565 - DEBUG - Label path: ./data/raw/train/geojson_aircraft_tiled/45_104001001CAC2B00_tile_150.geojson
2024-12-26 21:03:43,565 - DEBUG - Auxiliary path: ./data/raw/train/PS-RGB_tiled/45_104001001CAC2B00_tile_150.png.aux.xml
2024-12-26 21:03:43,565 - DEBUG - Parsing GeoTransform from: ./data/raw/train/PS-RGB_tiled/45_104001001CAC2B00_tile_150.png.aux.xml
2024-12-26 21:03:43,565 - DEBUG - GeoTransform parsed: [-77.51505235800428, 3.0632551188475683e-06, 0.0, 38.726981690485054, 0.0, -3.0632551188475683e-06]
2024-12-26 21:03:43,565 - DEBUG - Reading GeoJSON from: ./data/raw/train/geojson_aircraft_tiled/45_104001001CAC2B00_tile_150.geojson
2024-12-26 21:03:43,566 - DEBUG - First feature coordinates: [[[-77.51481987345079, 38.72613240977536], [-77.51478757407365, 38.726224295934486], [-77.51465949033668, 38.726194224100595], [-77.51470626874496, 38.726096212197525], [-77.51481987345079, 38.72613240977536]]]
2024-12-26 21:03:43,566 - DEBUG - Feature properties: {'loc_id': 45, 'cat_id': '104001001CAC2B00', 'location': 'Manassas Regional Airport, Terminal Road, Lee Manor, Manassas, Virginia, 20110, USA', 'role': 'Medium Civil Transport/Utility', 'role_id': 2, 'is_plane': 1, 'num_engines': 2, 'propulsion': 'jet', 'canards': 'no', 'num_tail_fins': 1, 'wing_position': 'mid/low mounted', 'wing_type': 'straight', 'length': 15.546442593364025, 'wingspan': 15.882457417910585, 'area': 123.45676235417685, 'faa_wingspan_class': 2, 'Public_Train': 1, 'Public_Test': 0, 'partialDec': 1.0, 'truncated': 0, 'new_area': 123.45676235417685}
2024-12-26 21:03:43,566 - DEBUG - GeoJSON Coords: [(-77.51481987345079, 38.72613240977536), (-77.51478757407365, 38.726224295934486), (-77.51465949033668, 38.726194224100595), (-77.51470626874496, 38.726096212197525), (-77.51481987345079, 38.72613240977536)]
2024-12-26 21:03:43,566 - DEBUG - GeoJSON Features: [15.546442593364025, 15.882457417910585, 123.45676235417685, 0, 1, 0, 2, 1, 2]
2024-12-26 21:03:43,566 - DEBUG - Parsed GeoTransform: [-77.51505235800428, 3.0632551188475683e-06, 0.0, 38.726981690485054, 0.0, -3.0632551188475683e-06]
2024-12-26 21:03:43,566 - DEBUG - Parsed GeoJSON coordinates: [(-77.51481987345079, 38.72613240977536), (-77.51478757407365, 38.726224295934486), (-77.51465949033668, 38.726194224100595), (-77.51470626874496, 38.726096212197525), (-77.51481987345079, 38.72613240977536)]
2024-12-26 21:03:43,567 - DEBUG - STREAM b'IHDR' 16 13
2024-12-26 21:03:43,567 - DEBUG - STREAM b'tRNS' 41 6
2024-12-26 21:03:43,567 - DEBUG - STREAM b'IDAT' 59 8192
2024-12-26 21:03:43,576 - DEBUG - Loaded image size: 512x512
2024-12-26 21:03:43,576 - DEBUG - Converting GeoJSON to pixel bounding boxes.
2024-12-26 21:03:43,576 - DEBUG - Input Coordinates: [(-77.51481987345079, 38.72613240977536), (-77.51478757407365, 38.726224295934486), (-77.51465949033668, 38.726194224100595), (-77.51470626874496, 38.726096212197525), (-77.51481987345079, 38.72613240977536)] ... (showing first 5 for brevity)
2024-12-26 21:03:43,577 - DEBUG - GeoTransform: [-77.51505235800428, 3.0632551188475683e-06, 0.0, 38.726981690485054, 0.0, -3.0632551188475683e-06]
2024-12-26 21:03:43,577 - DEBUG - Image Dimensions: width=512, height=512
2024-12-26 21:03:43,577 - DEBUG - Converting geo-coordinates to pixel coordinates:
2024-12-26 21:03:43,577 - DEBUG - Inputs - lon: -77.51481987345079, lat: 38.72613240977536, geo_transform: [-77.51505235800428, 3.0632551188475683e-06, 0.0, 38.726981690485054, 0.0, -3.0632551188475683e-06], image_width: 512, image_height: 512
2024-12-26 21:03:43,577 - DEBUG - Parsed GeoTransform - x_origin: -77.51505235800428, pixel_width: 3.0632551188475683e-06, y_origin: 38.726981690485054, pixel_height: -3.0632551188475683e-06
2024-12-26 21:03:43,577 - DEBUG - Computed pixel coordinates before clamping - x_pixel: 75, y_pixel: 277
2024-12-26 21:03:43,577 - DEBUG - Clamped pixel coordinates - x_pixel: 75, y_pixel: 277
2024-12-26 21:03:43,577 - DEBUG - Converting geo-coordinates to pixel coordinates:
2024-12-26 21:03:43,577 - DEBUG - Inputs - lon: -77.51478757407365, lat: 38.726224295934486, geo_transform: [-77.51505235800428, 3.0632551188475683e-06, 0.0, 38.726981690485054, 0.0, -3.0632551188475683e-06], image_width: 512, image_height: 512
2024-12-26 21:03:43,577 - DEBUG - Parsed GeoTransform - x_origin: -77.51505235800428, pixel_width: 3.0632551188475683e-06, y_origin: 38.726981690485054, pixel_height: -3.0632551188475683e-06
2024-12-26 21:03:43,577 - DEBUG - Computed pixel coordinates before clamping - x_pixel: 86, y_pixel: 247
2024-12-26 21:03:43,577 - DEBUG - Clamped pixel coordinates - x_pixel: 86, y_pixel: 247
2024-12-26 21:03:43,577 - DEBUG - Converting geo-coordinates to pixel coordinates:
2024-12-26 21:03:43,577 - DEBUG - Inputs - lon: -77.51465949033668, lat: 38.726194224100595, geo_transform: [-77.51505235800428, 3.0632551188475683e-06, 0.0, 38.726981690485054, 0.0, -3.0632551188475683e-06], image_width: 512, image_height: 512
2024-12-26 21:03:43,578 - DEBUG - Parsed GeoTransform - x_origin: -77.51505235800428, pixel_width: 3.0632551188475683e-06, y_origin: 38.726981690485054, pixel_height: -3.0632551188475683e-06
2024-12-26 21:03:43,578 - DEBUG - Computed pixel coordinates before clamping - x_pixel: 128, y_pixel: 257
2024-12-26 21:03:43,578 - DEBUG - Clamped pixel coordinates - x_pixel: 128, y_pixel: 257
2024-12-26 21:03:43,578 - DEBUG - Converting geo-coordinates to pixel coordinates:
2024-12-26 21:03:43,578 - DEBUG - Inputs - lon: -77.51470626874496, lat: 38.726096212197525, geo_transform: [-77.51505235800428, 3.0632551188475683e-06, 0.0, 38.726981690485054, 0.0, -3.0632551188475683e-06], image_width: 512, image_height: 512
2024-12-26 21:03:43,578 - DEBUG - Parsed GeoTransform - x_origin: -77.51505235800428, pixel_width: 3.0632551188475683e-06, y_origin: 38.726981690485054, pixel_height: -3.0632551188475683e-06
2024-12-26 21:03:43,578 - DEBUG - Computed pixel coordinates before clamping - x_pixel: 112, y_pixel: 289
2024-12-26 21:03:43,578 - DEBUG - Clamped pixel coordinates - x_pixel: 112, y_pixel: 289
2024-12-26 21:03:43,578 - DEBUG - Converting geo-coordinates to pixel coordinates:
2024-12-26 21:03:43,579 - DEBUG - Inputs - lon: -77.51481987345079, lat: 38.72613240977536, geo_transform: [-77.51505235800428, 3.0632551188475683e-06, 0.0, 38.726981690485054, 0.0, -3.0632551188475683e-06], image_width: 512, image_height: 512
2024-12-26 21:03:43,579 - DEBUG - Parsed GeoTransform - x_origin: -77.51505235800428, pixel_width: 3.0632551188475683e-06, y_origin: 38.726981690485054, pixel_height: -3.0632551188475683e-06
2024-12-26 21:03:43,579 - DEBUG - Computed pixel coordinates before clamping - x_pixel: 75, y_pixel: 277
2024-12-26 21:03:43,579 - DEBUG - Clamped pixel coordinates - x_pixel: 75, y_pixel: 277
2024-12-26 21:03:43,579 - DEBUG - Pixel Coordinates: [(75, 277), (86, 247), (128, 257), (112, 289), (75, 277)] ... (showing first 5 for brevity)
2024-12-26 21:03:43,579 - DEBUG - Pixel Bounding Box: x_min=75, x_max=128, y_min=247, y_max=289
2024-12-26 21:03:43,579 - DEBUG - Pixel bounding box: (75, 247, 128, 289)
2024-12-26 21:03:43,579 - DEBUG - Input is a list. Converting to tensor.
2024-12-26 21:03:43,580 - DEBUG - Input Bounding Boxes (Corner Format): tensor([[ 75., 247., 128., 289.]])
2024-12-26 21:03:43,580 - DEBUG - x_min: 75.0, y_min: 247.0, x_max: 128.0, y_max: 289.0
2024-12-26 21:03:43,580 - DEBUG - Converted Bounding Boxes (Center Format): tensor([[101.5000, 268.0000,  53.0000,  42.0000]])
2024-12-26 21:03:43,580 - DEBUG - Normalized bounding box (cx, cy, w, h): tensor([[101.5000, 268.0000,  53.0000,  42.0000]])
2024-12-26 21:03:43,582 - DEBUG - Processed image tensor shape: torch.Size([3, 512, 512])
2024-12-26 21:03:43,582 - DEBUG - Processed bounding box tensor: tensor([[101.5000, 268.0000,  53.0000,  42.0000]])
2024-12-26 21:03:43,582 - DEBUG - Processing index 5610:
2024-12-26 21:03:43,582 - DEBUG - Image path: ./data/raw/train/PS-RGB_tiled/97_104001003D4C1D00_tile_312.png
2024-12-26 21:03:43,582 - DEBUG - Label path: ./data/raw/train/geojson_aircraft_tiled/97_104001003D4C1D00_tile_312.geojson
2024-12-26 21:03:43,582 - DEBUG - Auxiliary path: ./data/raw/train/PS-RGB_tiled/97_104001003D4C1D00_tile_312.png.aux.xml
2024-12-26 21:03:43,582 - DEBUG - Parsing GeoTransform from: ./data/raw/train/PS-RGB_tiled/97_104001003D4C1D00_tile_312.png.aux.xml
2024-12-26 21:03:43,583 - DEBUG - GeoTransform parsed: [-121.92608187255824, 2.9913898961180066e-06, 0.0, 37.355072197007516, 0.0, -2.9913898961180066e-06]
2024-12-26 21:03:43,583 - DEBUG - Reading GeoJSON from: ./data/raw/train/geojson_aircraft_tiled/97_104001003D4C1D00_tile_312.geojson
2024-12-26 21:03:43,583 - DEBUG - First feature coordinates: [[[-121.92581842415883, 37.35476960022021], [-121.9259553765242, 37.35468989843381], [-121.92603171062947, 37.35478194838429], [-121.92596211188642, 37.354854353528275], [-121.92581842415883, 37.35476960022021]]]
2024-12-26 21:03:43,583 - DEBUG - Feature properties: {'loc_id': 97, 'cat_id': '104001003D4C1D00', 'location': 'Norman Y. Mineta San José International Airport, Terminal Drive, Rose Garden, San Jose, Santa Clara County, California, 95053, USA', 'role': 'Medium Civil Transport/Utility', 'role_id': 2, 'is_plane': 1, 'num_engines': 2, 'propulsion': 'jet', 'canards': 'no', 'num_tail_fins': 1, 'wing_position': 'mid/low mounted', 'wing_type': 'swept', 'length': 18.94057955721593, 'wingspan': 18.2564167819808, 'area': 171.93991172129338, 'faa_wingspan_class': 2, 'Public_Train': 1, 'Public_Test': 0, 'partialDec': 1.0, 'truncated': 0, 'new_area': 171.93991172129338}
2024-12-26 21:03:43,583 - DEBUG - GeoJSON Coords: [(-121.92581842415883, 37.35476960022021), (-121.9259553765242, 37.35468989843381), (-121.92603171062947, 37.35478194838429), (-121.92596211188642, 37.354854353528275), (-121.92581842415883, 37.35476960022021)]
2024-12-26 21:03:43,583 - DEBUG - GeoJSON Features: [18.94057955721593, 18.2564167819808, 171.93991172129338, 1, 1, 0, 2, 1, 2]
2024-12-26 21:03:43,583 - DEBUG - Parsed GeoTransform: [-121.92608187255824, 2.9913898961180066e-06, 0.0, 37.355072197007516, 0.0, -2.9913898961180066e-06]
2024-12-26 21:03:43,583 - DEBUG - Parsed GeoJSON coordinates: [(-121.92581842415883, 37.35476960022021), (-121.9259553765242, 37.35468989843381), (-121.92603171062947, 37.35478194838429), (-121.92596211188642, 37.354854353528275), (-121.92581842415883, 37.35476960022021)]
2024-12-26 21:03:43,584 - DEBUG - STREAM b'IHDR' 16 13
2024-12-26 21:03:43,584 - DEBUG - STREAM b'tRNS' 41 6
2024-12-26 21:03:43,584 - DEBUG - STREAM b'IDAT' 59 8192
2024-12-26 21:03:43,594 - DEBUG - Loaded image size: 512x512
2024-12-26 21:03:43,594 - DEBUG - Converting GeoJSON to pixel bounding boxes.
2024-12-26 21:03:43,594 - DEBUG - Input Coordinates: [(-121.92581842415883, 37.35476960022021), (-121.9259553765242, 37.35468989843381), (-121.92603171062947, 37.35478194838429), (-121.92596211188642, 37.354854353528275), (-121.92581842415883, 37.35476960022021)] ... (showing first 5 for brevity)
2024-12-26 21:03:43,594 - DEBUG - GeoTransform: [-121.92608187255824, 2.9913898961180066e-06, 0.0, 37.355072197007516, 0.0, -2.9913898961180066e-06]
2024-12-26 21:03:43,594 - DEBUG - Image Dimensions: width=512, height=512
2024-12-26 21:03:43,594 - DEBUG - Converting geo-coordinates to pixel coordinates:
2024-12-26 21:03:43,594 - DEBUG - Inputs - lon: -121.92581842415883, lat: 37.35476960022021, geo_transform: [-121.92608187255824, 2.9913898961180066e-06, 0.0, 37.355072197007516, 0.0, -2.9913898961180066e-06], image_width: 512, image_height: 512
2024-12-26 21:03:43,594 - DEBUG - Parsed GeoTransform - x_origin: -121.92608187255824, pixel_width: 2.9913898961180066e-06, y_origin: 37.355072197007516, pixel_height: -2.9913898961180066e-06
2024-12-26 21:03:43,595 - DEBUG - Computed pixel coordinates before clamping - x_pixel: 88, y_pixel: 101
2024-12-26 21:03:43,595 - DEBUG - Clamped pixel coordinates - x_pixel: 88, y_pixel: 101
2024-12-26 21:03:43,595 - DEBUG - Converting geo-coordinates to pixel coordinates:
2024-12-26 21:03:43,595 - DEBUG - Inputs - lon: -121.9259553765242, lat: 37.35468989843381, geo_transform: [-121.92608187255824, 2.9913898961180066e-06, 0.0, 37.355072197007516, 0.0, -2.9913898961180066e-06], image_width: 512, image_height: 512
2024-12-26 21:03:43,595 - DEBUG - Parsed GeoTransform - x_origin: -121.92608187255824, pixel_width: 2.9913898961180066e-06, y_origin: 37.355072197007516, pixel_height: -2.9913898961180066e-06
2024-12-26 21:03:43,595 - DEBUG - Computed pixel coordinates before clamping - x_pixel: 42, y_pixel: 127
2024-12-26 21:03:43,595 - DEBUG - Clamped pixel coordinates - x_pixel: 42, y_pixel: 127
2024-12-26 21:03:43,595 - DEBUG - Converting geo-coordinates to pixel coordinates:
2024-12-26 21:03:43,596 - DEBUG - Inputs - lon: -121.92603171062947, lat: 37.35478194838429, geo_transform: [-121.92608187255824, 2.9913898961180066e-06, 0.0, 37.355072197007516, 0.0, -2.9913898961180066e-06], image_width: 512, image_height: 512
2024-12-26 21:03:43,596 - DEBUG - Parsed GeoTransform - x_origin: -121.92608187255824, pixel_width: 2.9913898961180066e-06, y_origin: 37.355072197007516, pixel_height: -2.9913898961180066e-06
2024-12-26 21:03:43,596 - DEBUG - Computed pixel coordinates before clamping - x_pixel: 16, y_pixel: 97
2024-12-26 21:03:43,596 - DEBUG - Clamped pixel coordinates - x_pixel: 16, y_pixel: 97
2024-12-26 21:03:43,596 - DEBUG - Converting geo-coordinates to pixel coordinates:
2024-12-26 21:03:43,596 - DEBUG - Inputs - lon: -121.92596211188642, lat: 37.354854353528275, geo_transform: [-121.92608187255824, 2.9913898961180066e-06, 0.0, 37.355072197007516, 0.0, -2.9913898961180066e-06], image_width: 512, image_height: 512
2024-12-26 21:03:43,596 - DEBUG - Parsed GeoTransform - x_origin: -121.92608187255824, pixel_width: 2.9913898961180066e-06, y_origin: 37.355072197007516, pixel_height: -2.9913898961180066e-06
2024-12-26 21:03:43,596 - DEBUG - Computed pixel coordinates before clamping - x_pixel: 40, y_pixel: 72
2024-12-26 21:03:43,596 - DEBUG - Clamped pixel coordinates - x_pixel: 40, y_pixel: 72
2024-12-26 21:03:43,596 - DEBUG - Converting geo-coordinates to pixel coordinates:
2024-12-26 21:03:43,597 - DEBUG - Inputs - lon: -121.92581842415883, lat: 37.35476960022021, geo_transform: [-121.92608187255824, 2.9913898961180066e-06, 0.0, 37.355072197007516, 0.0, -2.9913898961180066e-06], image_width: 512, image_height: 512
2024-12-26 21:03:43,597 - DEBUG - Parsed GeoTransform - x_origin: -121.92608187255824, pixel_width: 2.9913898961180066e-06, y_origin: 37.355072197007516, pixel_height: -2.9913898961180066e-06
2024-12-26 21:03:43,597 - DEBUG - Computed pixel coordinates before clamping - x_pixel: 88, y_pixel: 101
2024-12-26 21:03:43,597 - DEBUG - Clamped pixel coordinates - x_pixel: 88, y_pixel: 101
2024-12-26 21:03:43,597 - DEBUG - Pixel Coordinates: [(88, 101), (42, 127), (16, 97), (40, 72), (88, 101)] ... (showing first 5 for brevity)
2024-12-26 21:03:43,597 - DEBUG - Pixel Bounding Box: x_min=16, x_max=88, y_min=72, y_max=127
2024-12-26 21:03:43,597 - DEBUG - Pixel bounding box: (16, 72, 88, 127)
2024-12-26 21:03:43,597 - DEBUG - Input is a list. Converting to tensor.
2024-12-26 21:03:43,597 - DEBUG - Input Bounding Boxes (Corner Format): tensor([[ 16.,  72.,  88., 127.]])
2024-12-26 21:03:43,598 - DEBUG - x_min: 16.0, y_min: 72.0, x_max: 88.0, y_max: 127.0
2024-12-26 21:03:43,598 - DEBUG - Converted Bounding Boxes (Center Format): tensor([[52.0000, 99.5000, 72.0000, 55.0000]])
2024-12-26 21:03:43,598 - DEBUG - Normalized bounding box (cx, cy, w, h): tensor([[52.0000, 99.5000, 72.0000, 55.0000]])
2024-12-26 21:03:43,600 - DEBUG - Processed image tensor shape: torch.Size([3, 512, 512])
2024-12-26 21:03:43,600 - DEBUG - Processed bounding box tensor: tensor([[52.0000, 99.5000, 72.0000, 55.0000]])
2024-12-26 21:03:43,600 - DEBUG - Processing index 4758:
2024-12-26 21:03:43,600 - DEBUG - Image path: ./data/raw/train/PS-RGB_tiled/86_104001003D8DB300_tile_50.png
2024-12-26 21:03:43,600 - DEBUG - Label path: ./data/raw/train/geojson_aircraft_tiled/86_104001003D8DB300_tile_50.geojson
2024-12-26 21:03:43,600 - DEBUG - Auxiliary path: ./data/raw/train/PS-RGB_tiled/86_104001003D8DB300_tile_50.png.aux.xml
2024-12-26 21:03:43,601 - DEBUG - Parsing GeoTransform from: ./data/raw/train/PS-RGB_tiled/86_104001003D8DB300_tile_50.png.aux.xml
2024-12-26 21:03:43,601 - DEBUG - GeoTransform parsed: [-80.10791568002077, 3.2279462542664862e-06, 0.0, 26.68108636754844, 0.0, -3.2279462542664862e-06]
2024-12-26 21:03:43,601 - DEBUG - Reading GeoJSON from: ./data/raw/train/geojson_aircraft_tiled/86_104001003D8DB300_tile_50.geojson
2024-12-26 21:03:43,601 - DEBUG - First feature coordinates: [[[-80.10738787472287, 26.67954524559093], [-80.1074360750546, 26.679513338329095], [-80.10745983578148, 26.679583262753972], [-80.1073831225775, 26.679604307969225], [-80.10738787472287, 26.67954524559093]]]
2024-12-26 21:03:43,601 - DEBUG - Feature properties: {'loc_id': 86, 'cat_id': '104001003D8DB300', 'location': 'Palm Beach International Airport, Arrivals, West Gate, Palm Beach County, Florida, 33406-1507, USA', 'role': 'Small Civil Transport/Utility', 'role_id': 1, 'is_plane': 1, 'num_engines': 1, 'propulsion': 'propeller', 'canards': 'no', 'num_tail_fins': 1, 'wing_position': 'high mounted', 'wing_type': 'straight', 'length': 8.306885621703588, 'wingspan': 11.37072094440236, 'area': 47.169079333639324, 'faa_wingspan_class': 1, 'Public_Train': 1, 'Public_Test': 0, 'partialDec': 1.0, 'truncated': 0, 'new_area': 47.169079333639324}
2024-12-26 21:03:43,602 - DEBUG - GeoJSON Coords: [(-80.10738787472287, 26.67954524559093), (-80.1074360750546, 26.679513338329095), (-80.10745983578148, 26.679583262753972), (-80.1073831225775, 26.679604307969225), (-80.10738787472287, 26.67954524559093)]
2024-12-26 21:03:43,602 - DEBUG - GeoJSON Features: [8.306885621703588, 11.37072094440236, 47.169079333639324, 0, 0, 0, 1, 1, 1]
2024-12-26 21:03:43,602 - DEBUG - Parsed GeoTransform: [-80.10791568002077, 3.2279462542664862e-06, 0.0, 26.68108636754844, 0.0, -3.2279462542664862e-06]
2024-12-26 21:03:43,602 - DEBUG - Parsed GeoJSON coordinates: [(-80.10738787472287, 26.67954524559093), (-80.1074360750546, 26.679513338329095), (-80.10745983578148, 26.679583262753972), (-80.1073831225775, 26.679604307969225), (-80.10738787472287, 26.67954524559093)]
2024-12-26 21:03:43,602 - DEBUG - STREAM b'IHDR' 16 13
2024-12-26 21:03:43,602 - DEBUG - STREAM b'tRNS' 41 6
2024-12-26 21:03:43,602 - DEBUG - STREAM b'IDAT' 59 8192
2024-12-26 21:03:43,612 - DEBUG - Loaded image size: 512x512
2024-12-26 21:03:43,612 - DEBUG - Converting GeoJSON to pixel bounding boxes.
2024-12-26 21:03:43,612 - DEBUG - Input Coordinates: [(-80.10738787472287, 26.67954524559093), (-80.1074360750546, 26.679513338329095), (-80.10745983578148, 26.679583262753972), (-80.1073831225775, 26.679604307969225), (-80.10738787472287, 26.67954524559093)] ... (showing first 5 for brevity)
2024-12-26 21:03:43,612 - DEBUG - GeoTransform: [-80.10791568002077, 3.2279462542664862e-06, 0.0, 26.68108636754844, 0.0, -3.2279462542664862e-06]
2024-12-26 21:03:43,612 - DEBUG - Image Dimensions: width=512, height=512
2024-12-26 21:03:43,612 - DEBUG - Converting geo-coordinates to pixel coordinates:
2024-12-26 21:03:43,612 - DEBUG - Inputs - lon: -80.10738787472287, lat: 26.67954524559093, geo_transform: [-80.10791568002077, 3.2279462542664862e-06, 0.0, 26.68108636754844, 0.0, -3.2279462542664862e-06], image_width: 512, image_height: 512
2024-12-26 21:03:43,612 - DEBUG - Parsed GeoTransform - x_origin: -80.10791568002077, pixel_width: 3.2279462542664862e-06, y_origin: 26.68108636754844, pixel_height: -3.2279462542664862e-06
2024-12-26 21:03:43,612 - DEBUG - Computed pixel coordinates before clamping - x_pixel: 163, y_pixel: 477
2024-12-26 21:03:43,613 - DEBUG - Clamped pixel coordinates - x_pixel: 163, y_pixel: 477
2024-12-26 21:03:43,613 - DEBUG - Converting geo-coordinates to pixel coordinates:
2024-12-26 21:03:43,613 - DEBUG - Inputs - lon: -80.1074360750546, lat: 26.679513338329095, geo_transform: [-80.10791568002077, 3.2279462542664862e-06, 0.0, 26.68108636754844, 0.0, -3.2279462542664862e-06], image_width: 512, image_height: 512
2024-12-26 21:03:43,613 - DEBUG - Parsed GeoTransform - x_origin: -80.10791568002077, pixel_width: 3.2279462542664862e-06, y_origin: 26.68108636754844, pixel_height: -3.2279462542664862e-06
2024-12-26 21:03:43,613 - DEBUG - Computed pixel coordinates before clamping - x_pixel: 148, y_pixel: 487
2024-12-26 21:03:43,613 - DEBUG - Clamped pixel coordinates - x_pixel: 148, y_pixel: 487
2024-12-26 21:03:43,613 - DEBUG - Converting geo-coordinates to pixel coordinates:
2024-12-26 21:03:43,614 - DEBUG - Inputs - lon: -80.10745983578148, lat: 26.679583262753972, geo_transform: [-80.10791568002077, 3.2279462542664862e-06, 0.0, 26.68108636754844, 0.0, -3.2279462542664862e-06], image_width: 512, image_height: 512
2024-12-26 21:03:43,614 - DEBUG - Parsed GeoTransform - x_origin: -80.10791568002077, pixel_width: 3.2279462542664862e-06, y_origin: 26.68108636754844, pixel_height: -3.2279462542664862e-06
2024-12-26 21:03:43,614 - DEBUG - Computed pixel coordinates before clamping - x_pixel: 141, y_pixel: 465
2024-12-26 21:03:43,614 - DEBUG - Clamped pixel coordinates - x_pixel: 141, y_pixel: 465
2024-12-26 21:03:43,614 - DEBUG - Converting geo-coordinates to pixel coordinates:
2024-12-26 21:03:43,614 - DEBUG - Inputs - lon: -80.1073831225775, lat: 26.679604307969225, geo_transform: [-80.10791568002077, 3.2279462542664862e-06, 0.0, 26.68108636754844, 0.0, -3.2279462542664862e-06], image_width: 512, image_height: 512
2024-12-26 21:03:43,614 - DEBUG - Parsed GeoTransform - x_origin: -80.10791568002077, pixel_width: 3.2279462542664862e-06, y_origin: 26.68108636754844, pixel_height: -3.2279462542664862e-06
2024-12-26 21:03:43,614 - DEBUG - Computed pixel coordinates before clamping - x_pixel: 164, y_pixel: 459
2024-12-26 21:03:43,614 - DEBUG - Clamped pixel coordinates - x_pixel: 164, y_pixel: 459
2024-12-26 21:03:43,615 - DEBUG - Converting geo-coordinates to pixel coordinates:
2024-12-26 21:03:43,615 - DEBUG - Inputs - lon: -80.10738787472287, lat: 26.67954524559093, geo_transform: [-80.10791568002077, 3.2279462542664862e-06, 0.0, 26.68108636754844, 0.0, -3.2279462542664862e-06], image_width: 512, image_height: 512
2024-12-26 21:03:43,615 - DEBUG - Parsed GeoTransform - x_origin: -80.10791568002077, pixel_width: 3.2279462542664862e-06, y_origin: 26.68108636754844, pixel_height: -3.2279462542664862e-06
2024-12-26 21:03:43,615 - DEBUG - Computed pixel coordinates before clamping - x_pixel: 163, y_pixel: 477
2024-12-26 21:03:43,615 - DEBUG - Clamped pixel coordinates - x_pixel: 163, y_pixel: 477
2024-12-26 21:03:43,615 - DEBUG - Pixel Coordinates: [(163, 477), (148, 487), (141, 465), (164, 459), (163, 477)] ... (showing first 5 for brevity)
2024-12-26 21:03:43,615 - DEBUG - Pixel Bounding Box: x_min=141, x_max=164, y_min=459, y_max=487
2024-12-26 21:03:43,615 - DEBUG - Pixel bounding box: (141, 459, 164, 487)
2024-12-26 21:03:43,615 - DEBUG - Input is a list. Converting to tensor.
2024-12-26 21:03:43,616 - DEBUG - Input Bounding Boxes (Corner Format): tensor([[141., 459., 164., 487.]])
2024-12-26 21:03:43,616 - DEBUG - x_min: 141.0, y_min: 459.0, x_max: 164.0, y_max: 487.0
2024-12-26 21:03:43,616 - DEBUG - Converted Bounding Boxes (Center Format): tensor([[152.5000, 473.0000,  23.0000,  28.0000]])
2024-12-26 21:03:43,616 - DEBUG - Normalized bounding box (cx, cy, w, h): tensor([[152.5000, 473.0000,  23.0000,  28.0000]])
2024-12-26 21:03:43,618 - DEBUG - Processed image tensor shape: torch.Size([3, 512, 512])
2024-12-26 21:03:43,619 - DEBUG - Processed bounding box tensor: tensor([[152.5000, 473.0000,  23.0000,  28.0000]])
2024-12-26 21:03:43,619 - DEBUG - Processing index 1236:
2024-12-26 21:03:43,619 - DEBUG - Image path: ./data/raw/train/PS-RGB_tiled/18_10400100211BDD00_tile_2815.png
2024-12-26 21:03:43,619 - DEBUG - Label path: ./data/raw/train/geojson_aircraft_tiled/18_10400100211BDD00_tile_2815.geojson
2024-12-26 21:03:43,619 - DEBUG - Auxiliary path: ./data/raw/train/PS-RGB_tiled/18_10400100211BDD00_tile_2815.png.aux.xml
2024-12-26 21:03:43,619 - DEBUG - Parsing GeoTransform from: ./data/raw/train/PS-RGB_tiled/18_10400100211BDD00_tile_2815.png.aux.xml
2024-12-26 21:03:43,619 - DEBUG - GeoTransform parsed: [8.550988708988132, 2.8746089091824687e-06, 0.0, 50.04602517045463, 0.0, -2.8746089091824687e-06]
2024-12-26 21:03:43,619 - DEBUG - Reading GeoJSON from: ./data/raw/train/geojson_aircraft_tiled/18_10400100211BDD00_tile_2815.geojson
2024-12-26 21:03:43,620 - DEBUG - First feature coordinates: [[[8.550988708988132, 50.04496314100575], [8.55123783268425, 50.044882125169615], [8.551020164195247, 50.04455337069312], [8.550988708988132, 50.04455337069312], [8.550988708988132, 50.04496314100575]]]
2024-12-26 21:03:43,620 - DEBUG - Feature properties: {'loc_id': 18, 'cat_id': '10400100211BDD00', 'location': '520 A380-Halle, Okrifteler Straße, Rüsselsheim am Main, Kreis Groß-Gerau, Regierungsbezirk Darmstadt, Hesse, 65428, Germany', 'role': 'Large Civil Transport/Utility', 'role_id': 3, 'is_plane': 1, 'num_engines': 4, 'propulsion': 'jet', 'canards': 'no', 'num_tail_fins': 1, 'wing_position': 'mid/low mounted', 'wing_type': 'swept', 'length': 65.41995239752968, 'wingspan': 58.678397940982485, 'area': 1919.137176110422, 'faa_wingspan_class': 5, 'Public_Train': 1, 'Public_Test': 0, 'partialDec': 0.2331844821334155, 'truncated': 1, 'new_area': 447.5130085542942}
2024-12-26 21:03:43,620 - DEBUG - GeoJSON Coords: [(8.550988708988132, 50.04496314100575), (8.55123783268425, 50.044882125169615), (8.551020164195247, 50.04455337069312), (8.550988708988132, 50.04455337069312), (8.550988708988132, 50.04496314100575)]
2024-12-26 21:03:43,620 - DEBUG - GeoJSON Features: [65.41995239752968, 58.678397940982485, 1919.137176110422, 1, 1, 0, 4, 1, 5]
2024-12-26 21:03:43,620 - DEBUG - Parsed GeoTransform: [8.550988708988132, 2.8746089091824687e-06, 0.0, 50.04602517045463, 0.0, -2.8746089091824687e-06]
2024-12-26 21:03:43,620 - DEBUG - Parsed GeoJSON coordinates: [(8.550988708988132, 50.04496314100575), (8.55123783268425, 50.044882125169615), (8.551020164195247, 50.04455337069312), (8.550988708988132, 50.04455337069312), (8.550988708988132, 50.04496314100575)]
2024-12-26 21:03:43,621 - DEBUG - STREAM b'IHDR' 16 13
2024-12-26 21:03:43,621 - DEBUG - STREAM b'tRNS' 41 6
2024-12-26 21:03:43,621 - DEBUG - STREAM b'IDAT' 59 8192
2024-12-26 21:03:43,631 - DEBUG - Loaded image size: 512x512
2024-12-26 21:03:43,632 - DEBUG - Converting GeoJSON to pixel bounding boxes.
2024-12-26 21:03:43,632 - DEBUG - Input Coordinates: [(8.550988708988132, 50.04496314100575), (8.55123783268425, 50.044882125169615), (8.551020164195247, 50.04455337069312), (8.550988708988132, 50.04455337069312), (8.550988708988132, 50.04496314100575)] ... (showing first 5 for brevity)
2024-12-26 21:03:43,632 - DEBUG - GeoTransform: [8.550988708988132, 2.8746089091824687e-06, 0.0, 50.04602517045463, 0.0, -2.8746089091824687e-06]
2024-12-26 21:03:43,632 - DEBUG - Image Dimensions: width=512, height=512
2024-12-26 21:03:43,632 - DEBUG - Converting geo-coordinates to pixel coordinates:
2024-12-26 21:03:43,632 - DEBUG - Inputs - lon: 8.550988708988132, lat: 50.04496314100575, geo_transform: [8.550988708988132, 2.8746089091824687e-06, 0.0, 50.04602517045463, 0.0, -2.8746089091824687e-06], image_width: 512, image_height: 512
2024-12-26 21:03:43,632 - DEBUG - Parsed GeoTransform - x_origin: 8.550988708988132, pixel_width: 2.8746089091824687e-06, y_origin: 50.04602517045463, pixel_height: -2.8746089091824687e-06
2024-12-26 21:03:43,632 - DEBUG - Computed pixel coordinates before clamping - x_pixel: 0, y_pixel: 369
2024-12-26 21:03:43,632 - DEBUG - Clamped pixel coordinates - x_pixel: 0, y_pixel: 369
2024-12-26 21:03:43,632 - DEBUG - Converting geo-coordinates to pixel coordinates:
2024-12-26 21:03:43,632 - DEBUG - Inputs - lon: 8.55123783268425, lat: 50.044882125169615, geo_transform: [8.550988708988132, 2.8746089091824687e-06, 0.0, 50.04602517045463, 0.0, -2.8746089091824687e-06], image_width: 512, image_height: 512
2024-12-26 21:03:43,632 - DEBUG - Parsed GeoTransform - x_origin: 8.550988708988132, pixel_width: 2.8746089091824687e-06, y_origin: 50.04602517045463, pixel_height: -2.8746089091824687e-06
2024-12-26 21:03:43,632 - DEBUG - Computed pixel coordinates before clamping - x_pixel: 86, y_pixel: 397
2024-12-26 21:03:43,633 - DEBUG - Clamped pixel coordinates - x_pixel: 86, y_pixel: 397
2024-12-26 21:03:43,633 - DEBUG - Converting geo-coordinates to pixel coordinates:
2024-12-26 21:03:43,633 - DEBUG - Inputs - lon: 8.551020164195247, lat: 50.04455337069312, geo_transform: [8.550988708988132, 2.8746089091824687e-06, 0.0, 50.04602517045463, 0.0, -2.8746089091824687e-06], image_width: 512, image_height: 512
2024-12-26 21:03:43,633 - DEBUG - Parsed GeoTransform - x_origin: 8.550988708988132, pixel_width: 2.8746089091824687e-06, y_origin: 50.04602517045463, pixel_height: -2.8746089091824687e-06
2024-12-26 21:03:43,633 - DEBUG - Computed pixel coordinates before clamping - x_pixel: 10, y_pixel: 512
2024-12-26 21:03:43,633 - DEBUG - Clamped pixel coordinates - x_pixel: 10, y_pixel: 511
2024-12-26 21:03:43,633 - DEBUG - Converting geo-coordinates to pixel coordinates:
2024-12-26 21:03:43,633 - DEBUG - Inputs - lon: 8.550988708988132, lat: 50.04455337069312, geo_transform: [8.550988708988132, 2.8746089091824687e-06, 0.0, 50.04602517045463, 0.0, -2.8746089091824687e-06], image_width: 512, image_height: 512
2024-12-26 21:03:43,633 - DEBUG - Parsed GeoTransform - x_origin: 8.550988708988132, pixel_width: 2.8746089091824687e-06, y_origin: 50.04602517045463, pixel_height: -2.8746089091824687e-06
2024-12-26 21:03:43,633 - DEBUG - Computed pixel coordinates before clamping - x_pixel: 0, y_pixel: 512
2024-12-26 21:03:43,633 - DEBUG - Clamped pixel coordinates - x_pixel: 0, y_pixel: 511
2024-12-26 21:03:43,633 - DEBUG - Converting geo-coordinates to pixel coordinates:
2024-12-26 21:03:43,634 - DEBUG - Inputs - lon: 8.550988708988132, lat: 50.04496314100575, geo_transform: [8.550988708988132, 2.8746089091824687e-06, 0.0, 50.04602517045463, 0.0, -2.8746089091824687e-06], image_width: 512, image_height: 512
2024-12-26 21:03:43,634 - DEBUG - Parsed GeoTransform - x_origin: 8.550988708988132, pixel_width: 2.8746089091824687e-06, y_origin: 50.04602517045463, pixel_height: -2.8746089091824687e-06
2024-12-26 21:03:43,634 - DEBUG - Computed pixel coordinates before clamping - x_pixel: 0, y_pixel: 369
2024-12-26 21:03:43,634 - DEBUG - Clamped pixel coordinates - x_pixel: 0, y_pixel: 369
2024-12-26 21:03:43,634 - DEBUG - Pixel Coordinates: [(0, 369), (86, 397), (10, 511), (0, 511), (0, 369)] ... (showing first 5 for brevity)
2024-12-26 21:03:43,634 - DEBUG - Pixel Bounding Box: x_min=0, x_max=86, y_min=369, y_max=511
2024-12-26 21:03:43,634 - DEBUG - Pixel bounding box: (0, 369, 86, 511)
2024-12-26 21:03:43,634 - DEBUG - Input is a list. Converting to tensor.
2024-12-26 21:03:43,634 - DEBUG - Input Bounding Boxes (Corner Format): tensor([[  0., 369.,  86., 511.]])
2024-12-26 21:03:43,634 - DEBUG - x_min: 0.0, y_min: 369.0, x_max: 86.0, y_max: 511.0
2024-12-26 21:03:43,635 - DEBUG - Converted Bounding Boxes (Center Format): tensor([[ 43., 440.,  86., 142.]])
2024-12-26 21:03:43,635 - DEBUG - Normalized bounding box (cx, cy, w, h): tensor([[ 43., 440.,  86., 142.]])
2024-12-26 21:03:43,637 - DEBUG - Processed image tensor shape: torch.Size([3, 512, 512])
2024-12-26 21:03:43,637 - DEBUG - Processed bounding box tensor: tensor([[ 43., 440.,  86., 142.]])
2024-12-26 21:03:43,637 - DEBUG - Processing index 4031:
2024-12-26 21:03:43,637 - DEBUG - Image path: ./data/raw/train/PS-RGB_tiled/60_1040010046430200_tile_517.png
2024-12-26 21:03:43,637 - DEBUG - Label path: ./data/raw/train/geojson_aircraft_tiled/60_1040010046430200_tile_517.geojson
2024-12-26 21:03:43,637 - DEBUG - Auxiliary path: ./data/raw/train/PS-RGB_tiled/60_1040010046430200_tile_517.png.aux.xml
2024-12-26 21:03:43,637 - DEBUG - Parsing GeoTransform from: ./data/raw/train/PS-RGB_tiled/60_1040010046430200_tile_517.png.aux.xml
2024-12-26 21:03:43,638 - DEBUG - GeoTransform parsed: [-112.0010574894598, 2.9734235904356163e-06, 0.0, 33.440247014601916, 0.0, -2.9734235904356163e-06]
2024-12-26 21:03:43,638 - DEBUG - Reading GeoJSON from: ./data/raw/train/geojson_aircraft_tiled/60_1040010046430200_tile_517.geojson
2024-12-26 21:03:43,638 - DEBUG - First feature coordinates: [[[-112.0004194944194, 33.43891134379385], [-112.00017795483431, 33.43880558493598], [-112.00022342330502, 33.438724621723615], [-112.0004969157656, 33.438724621723615], [-112.0004194944194, 33.43891134379385]]]
2024-12-26 21:03:43,638 - DEBUG - Feature properties: {'loc_id': 60, 'cat_id': '1040010046430200', 'location': 'Phoenix Sky Harbor International Airport, Service Road, Washington Trailer Park, Central City, Phoenix, Maricopa County, Arizona, 85040, USA', 'role': 'Medium Civil Transport/Utility', 'role_id': 2, 'is_plane': 1, 'num_engines': 2, 'propulsion': 'jet', 'canards': 'no', 'num_tail_fins': 1, 'wing_position': 'mid/low mounted', 'wing_type': 'swept', 'length': 34.965070191797935, 'wingspan': 33.72338881765604, 'area': 589.3182879827552, 'faa_wingspan_class': 3, 'Public_Train': 1, 'Public_Test': 0, 'partialDec': 0.6596669823079392, 'truncated': 1, 'new_area': 388.7538166524652}
2024-12-26 21:03:43,638 - DEBUG - GeoJSON Coords: [(-112.0004194944194, 33.43891134379385), (-112.00017795483431, 33.43880558493598), (-112.00022342330502, 33.438724621723615), (-112.0004969157656, 33.438724621723615), (-112.0004194944194, 33.43891134379385)]
2024-12-26 21:03:43,638 - DEBUG - GeoJSON Features: [34.965070191797935, 33.72338881765604, 589.3182879827552, 1, 1, 0, 2, 1, 3]
2024-12-26 21:03:43,638 - DEBUG - Parsed GeoTransform: [-112.0010574894598, 2.9734235904356163e-06, 0.0, 33.440247014601916, 0.0, -2.9734235904356163e-06]
2024-12-26 21:03:43,639 - DEBUG - Parsed GeoJSON coordinates: [(-112.0004194944194, 33.43891134379385), (-112.00017795483431, 33.43880558493598), (-112.00022342330502, 33.438724621723615), (-112.0004969157656, 33.438724621723615), (-112.0004194944194, 33.43891134379385)]
2024-12-26 21:03:43,639 - DEBUG - STREAM b'IHDR' 16 13
2024-12-26 21:03:43,639 - DEBUG - STREAM b'tRNS' 41 6
2024-12-26 21:03:43,639 - DEBUG - STREAM b'IDAT' 59 8192
2024-12-26 21:03:43,649 - DEBUG - Loaded image size: 512x512
2024-12-26 21:03:43,649 - DEBUG - Converting GeoJSON to pixel bounding boxes.
2024-12-26 21:03:43,649 - DEBUG - Input Coordinates: [(-112.0004194944194, 33.43891134379385), (-112.00017795483431, 33.43880558493598), (-112.00022342330502, 33.438724621723615), (-112.0004969157656, 33.438724621723615), (-112.0004194944194, 33.43891134379385)] ... (showing first 5 for brevity)
2024-12-26 21:03:43,649 - DEBUG - GeoTransform: [-112.0010574894598, 2.9734235904356163e-06, 0.0, 33.440247014601916, 0.0, -2.9734235904356163e-06]
2024-12-26 21:03:43,649 - DEBUG - Image Dimensions: width=512, height=512
2024-12-26 21:03:43,649 - DEBUG - Converting geo-coordinates to pixel coordinates:
2024-12-26 21:03:43,649 - DEBUG - Inputs - lon: -112.0004194944194, lat: 33.43891134379385, geo_transform: [-112.0010574894598, 2.9734235904356163e-06, 0.0, 33.440247014601916, 0.0, -2.9734235904356163e-06], image_width: 512, image_height: 512
2024-12-26 21:03:43,650 - DEBUG - Parsed GeoTransform - x_origin: -112.0010574894598, pixel_width: 2.9734235904356163e-06, y_origin: 33.440247014601916, pixel_height: -2.9734235904356163e-06
2024-12-26 21:03:43,650 - DEBUG - Computed pixel coordinates before clamping - x_pixel: 214, y_pixel: 449
2024-12-26 21:03:43,650 - DEBUG - Clamped pixel coordinates - x_pixel: 214, y_pixel: 449
2024-12-26 21:03:43,650 - DEBUG - Converting geo-coordinates to pixel coordinates:
2024-12-26 21:03:43,650 - DEBUG - Inputs - lon: -112.00017795483431, lat: 33.43880558493598, geo_transform: [-112.0010574894598, 2.9734235904356163e-06, 0.0, 33.440247014601916, 0.0, -2.9734235904356163e-06], image_width: 512, image_height: 512
2024-12-26 21:03:43,650 - DEBUG - Parsed GeoTransform - x_origin: -112.0010574894598, pixel_width: 2.9734235904356163e-06, y_origin: 33.440247014601916, pixel_height: -2.9734235904356163e-06
2024-12-26 21:03:43,650 - DEBUG - Computed pixel coordinates before clamping - x_pixel: 295, y_pixel: 484
2024-12-26 21:03:43,650 - DEBUG - Clamped pixel coordinates - x_pixel: 295, y_pixel: 484
2024-12-26 21:03:43,650 - DEBUG - Converting geo-coordinates to pixel coordinates:
2024-12-26 21:03:43,650 - DEBUG - Inputs - lon: -112.00022342330502, lat: 33.438724621723615, geo_transform: [-112.0010574894598, 2.9734235904356163e-06, 0.0, 33.440247014601916, 0.0, -2.9734235904356163e-06], image_width: 512, image_height: 512
2024-12-26 21:03:43,650 - DEBUG - Parsed GeoTransform - x_origin: -112.0010574894598, pixel_width: 2.9734235904356163e-06, y_origin: 33.440247014601916, pixel_height: -2.9734235904356163e-06
2024-12-26 21:03:43,650 - DEBUG - Computed pixel coordinates before clamping - x_pixel: 280, y_pixel: 511
2024-12-26 21:03:43,651 - DEBUG - Clamped pixel coordinates - x_pixel: 280, y_pixel: 511
2024-12-26 21:03:43,651 - DEBUG - Converting geo-coordinates to pixel coordinates:
2024-12-26 21:03:43,651 - DEBUG - Inputs - lon: -112.0004969157656, lat: 33.438724621723615, geo_transform: [-112.0010574894598, 2.9734235904356163e-06, 0.0, 33.440247014601916, 0.0, -2.9734235904356163e-06], image_width: 512, image_height: 512
2024-12-26 21:03:43,651 - DEBUG - Parsed GeoTransform - x_origin: -112.0010574894598, pixel_width: 2.9734235904356163e-06, y_origin: 33.440247014601916, pixel_height: -2.9734235904356163e-06
2024-12-26 21:03:43,651 - DEBUG - Computed pixel coordinates before clamping - x_pixel: 188, y_pixel: 511
2024-12-26 21:03:43,651 - DEBUG - Clamped pixel coordinates - x_pixel: 188, y_pixel: 511
2024-12-26 21:03:43,651 - DEBUG - Converting geo-coordinates to pixel coordinates:
2024-12-26 21:03:43,651 - DEBUG - Inputs - lon: -112.0004194944194, lat: 33.43891134379385, geo_transform: [-112.0010574894598, 2.9734235904356163e-06, 0.0, 33.440247014601916, 0.0, -2.9734235904356163e-06], image_width: 512, image_height: 512
2024-12-26 21:03:43,651 - DEBUG - Parsed GeoTransform - x_origin: -112.0010574894598, pixel_width: 2.9734235904356163e-06, y_origin: 33.440247014601916, pixel_height: -2.9734235904356163e-06
2024-12-26 21:03:43,651 - DEBUG - Computed pixel coordinates before clamping - x_pixel: 214, y_pixel: 449
2024-12-26 21:03:43,651 - DEBUG - Clamped pixel coordinates - x_pixel: 214, y_pixel: 449
2024-12-26 21:03:43,651 - DEBUG - Pixel Coordinates: [(214, 449), (295, 484), (280, 511), (188, 511), (214, 449)] ... (showing first 5 for brevity)
2024-12-26 21:03:43,651 - DEBUG - Pixel Bounding Box: x_min=188, x_max=295, y_min=449, y_max=511
2024-12-26 21:03:43,651 - DEBUG - Pixel bounding box: (188, 449, 295, 511)
2024-12-26 21:03:43,652 - DEBUG - Input is a list. Converting to tensor.
2024-12-26 21:03:43,652 - DEBUG - Input Bounding Boxes (Corner Format): tensor([[188., 449., 295., 511.]])
2024-12-26 21:03:43,652 - DEBUG - x_min: 188.0, y_min: 449.0, x_max: 295.0, y_max: 511.0
2024-12-26 21:03:43,652 - DEBUG - Converted Bounding Boxes (Center Format): tensor([[241.5000, 480.0000, 107.0000,  62.0000]])
2024-12-26 21:03:43,653 - DEBUG - Normalized bounding box (cx, cy, w, h): tensor([[241.5000, 480.0000, 107.0000,  62.0000]])
2024-12-26 21:03:43,654 - DEBUG - Processed image tensor shape: torch.Size([3, 512, 512])
2024-12-26 21:03:43,654 - DEBUG - Processed bounding box tensor: tensor([[241.5000, 480.0000, 107.0000,  62.0000]])
2024-12-26 21:03:43,654 - DEBUG - Processing index 3567:
2024-12-26 21:03:43,654 - DEBUG - Image path: ./data/raw/train/PS-RGB_tiled/54_1040010042D13B00_tile_272.png
2024-12-26 21:03:43,654 - DEBUG - Label path: ./data/raw/train/geojson_aircraft_tiled/54_1040010042D13B00_tile_272.geojson
2024-12-26 21:03:43,655 - DEBUG - Auxiliary path: ./data/raw/train/PS-RGB_tiled/54_1040010042D13B00_tile_272.png.aux.xml
2024-12-26 21:03:43,655 - DEBUG - Parsing GeoTransform from: ./data/raw/train/PS-RGB_tiled/54_1040010042D13B00_tile_272.png.aux.xml
2024-12-26 21:03:43,655 - DEBUG - GeoTransform parsed: [-80.3000992918761, 3.3058002455598393e-06, 0.0, 25.801355971831057, 0.0, -3.3058002455598393e-06]
2024-12-26 21:03:43,655 - DEBUG - Reading GeoJSON from: ./data/raw/train/geojson_aircraft_tiled/54_1040010042D13B00_tile_272.geojson
2024-12-26 21:03:43,655 - DEBUG - First feature coordinates: [[[-80.29956098987444, 25.799740331677295], [-80.29931788961002, 25.799840472411223], [-80.29920453778541, 25.79966340210533], [-80.29949888672907, 25.79966340210533], [-80.29956098987444, 25.799740331677295]]]
2024-12-26 21:03:43,655 - DEBUG - Feature properties: {'loc_id': 54, 'cat_id': '1040010042D13B00', 'location': 'Miami International Airport, 2100, Northwest 18th Street, Miami Springs, Alameda, Miami-Dade County, Florida, 33142, USA', 'role': 'Medium Civil Transport/Utility', 'role_id': 2, 'is_plane': 1, 'num_engines': 2, 'propulsion': 'jet', 'canards': 'no', 'num_tail_fins': 1, 'wing_position': 'mid/low mounted', 'wing_type': 'straight', 'length': 37.20313265873183, 'wingspan': 33.36085662578562, 'area': 620.3539659286391, 'faa_wingspan_class': 3, 'Public_Train': 1, 'Public_Test': 0, 'partialDec': 0.6894190046583035, 'truncated': 1, 'new_area': 427.68381372635355}
2024-12-26 21:03:43,656 - DEBUG - GeoJSON Coords: [(-80.29956098987444, 25.799740331677295), (-80.29931788961002, 25.799840472411223), (-80.29920453778541, 25.79966340210533), (-80.29949888672907, 25.79966340210533), (-80.29956098987444, 25.799740331677295)]
2024-12-26 21:03:43,656 - DEBUG - GeoJSON Features: [37.20313265873183, 33.36085662578562, 620.3539659286391, 0, 1, 0, 2, 1, 3]
2024-12-26 21:03:43,656 - DEBUG - Parsed GeoTransform: [-80.3000992918761, 3.3058002455598393e-06, 0.0, 25.801355971831057, 0.0, -3.3058002455598393e-06]
2024-12-26 21:03:43,656 - DEBUG - Parsed GeoJSON coordinates: [(-80.29956098987444, 25.799740331677295), (-80.29931788961002, 25.799840472411223), (-80.29920453778541, 25.79966340210533), (-80.29949888672907, 25.79966340210533), (-80.29956098987444, 25.799740331677295)]
2024-12-26 21:03:43,656 - DEBUG - STREAM b'IHDR' 16 13
2024-12-26 21:03:43,656 - DEBUG - STREAM b'tRNS' 41 6
2024-12-26 21:03:43,656 - DEBUG - STREAM b'IDAT' 59 8192
2024-12-26 21:03:43,666 - DEBUG - Loaded image size: 512x512
2024-12-26 21:03:43,667 - DEBUG - Converting GeoJSON to pixel bounding boxes.
2024-12-26 21:03:43,667 - DEBUG - Input Coordinates: [(-80.29956098987444, 25.799740331677295), (-80.29931788961002, 25.799840472411223), (-80.29920453778541, 25.79966340210533), (-80.29949888672907, 25.79966340210533), (-80.29956098987444, 25.799740331677295)] ... (showing first 5 for brevity)
2024-12-26 21:03:43,667 - DEBUG - GeoTransform: [-80.3000992918761, 3.3058002455598393e-06, 0.0, 25.801355971831057, 0.0, -3.3058002455598393e-06]
2024-12-26 21:03:43,667 - DEBUG - Image Dimensions: width=512, height=512
2024-12-26 21:03:43,667 - DEBUG - Converting geo-coordinates to pixel coordinates:
2024-12-26 21:03:43,667 - DEBUG - Inputs - lon: -80.29956098987444, lat: 25.799740331677295, geo_transform: [-80.3000992918761, 3.3058002455598393e-06, 0.0, 25.801355971831057, 0.0, -3.3058002455598393e-06], image_width: 512, image_height: 512
2024-12-26 21:03:43,667 - DEBUG - Parsed GeoTransform - x_origin: -80.3000992918761, pixel_width: 3.3058002455598393e-06, y_origin: 25.801355971831057, pixel_height: -3.3058002455598393e-06
2024-12-26 21:03:43,667 - DEBUG - Computed pixel coordinates before clamping - x_pixel: 162, y_pixel: 488
2024-12-26 21:03:43,667 - DEBUG - Clamped pixel coordinates - x_pixel: 162, y_pixel: 488
2024-12-26 21:03:43,667 - DEBUG - Converting geo-coordinates to pixel coordinates:
2024-12-26 21:03:43,667 - DEBUG - Inputs - lon: -80.29931788961002, lat: 25.799840472411223, geo_transform: [-80.3000992918761, 3.3058002455598393e-06, 0.0, 25.801355971831057, 0.0, -3.3058002455598393e-06], image_width: 512, image_height: 512
2024-12-26 21:03:43,667 - DEBUG - Parsed GeoTransform - x_origin: -80.3000992918761, pixel_width: 3.3058002455598393e-06, y_origin: 25.801355971831057, pixel_height: -3.3058002455598393e-06
2024-12-26 21:03:43,668 - DEBUG - Computed pixel coordinates before clamping - x_pixel: 236, y_pixel: 458
2024-12-26 21:03:43,668 - DEBUG - Clamped pixel coordinates - x_pixel: 236, y_pixel: 458
2024-12-26 21:03:43,668 - DEBUG - Converting geo-coordinates to pixel coordinates:
2024-12-26 21:03:43,668 - DEBUG - Inputs - lon: -80.29920453778541, lat: 25.79966340210533, geo_transform: [-80.3000992918761, 3.3058002455598393e-06, 0.0, 25.801355971831057, 0.0, -3.3058002455598393e-06], image_width: 512, image_height: 512
2024-12-26 21:03:43,668 - DEBUG - Parsed GeoTransform - x_origin: -80.3000992918761, pixel_width: 3.3058002455598393e-06, y_origin: 25.801355971831057, pixel_height: -3.3058002455598393e-06
2024-12-26 21:03:43,668 - DEBUG - Computed pixel coordinates before clamping - x_pixel: 270, y_pixel: 511
2024-12-26 21:03:43,668 - DEBUG - Clamped pixel coordinates - x_pixel: 270, y_pixel: 511
2024-12-26 21:03:43,668 - DEBUG - Converting geo-coordinates to pixel coordinates:
2024-12-26 21:03:43,668 - DEBUG - Inputs - lon: -80.29949888672907, lat: 25.79966340210533, geo_transform: [-80.3000992918761, 3.3058002455598393e-06, 0.0, 25.801355971831057, 0.0, -3.3058002455598393e-06], image_width: 512, image_height: 512
2024-12-26 21:03:43,668 - DEBUG - Parsed GeoTransform - x_origin: -80.3000992918761, pixel_width: 3.3058002455598393e-06, y_origin: 25.801355971831057, pixel_height: -3.3058002455598393e-06
2024-12-26 21:03:43,668 - DEBUG - Computed pixel coordinates before clamping - x_pixel: 181, y_pixel: 511
2024-12-26 21:03:43,668 - DEBUG - Clamped pixel coordinates - x_pixel: 181, y_pixel: 511
2024-12-26 21:03:43,668 - DEBUG - Converting geo-coordinates to pixel coordinates:
2024-12-26 21:03:43,668 - DEBUG - Inputs - lon: -80.29956098987444, lat: 25.799740331677295, geo_transform: [-80.3000992918761, 3.3058002455598393e-06, 0.0, 25.801355971831057, 0.0, -3.3058002455598393e-06], image_width: 512, image_height: 512
2024-12-26 21:03:43,669 - DEBUG - Parsed GeoTransform - x_origin: -80.3000992918761, pixel_width: 3.3058002455598393e-06, y_origin: 25.801355971831057, pixel_height: -3.3058002455598393e-06
2024-12-26 21:03:43,669 - DEBUG - Computed pixel coordinates before clamping - x_pixel: 162, y_pixel: 488
2024-12-26 21:03:43,669 - DEBUG - Clamped pixel coordinates - x_pixel: 162, y_pixel: 488
2024-12-26 21:03:43,669 - DEBUG - Pixel Coordinates: [(162, 488), (236, 458), (270, 511), (181, 511), (162, 488)] ... (showing first 5 for brevity)
2024-12-26 21:03:43,669 - DEBUG - Pixel Bounding Box: x_min=162, x_max=270, y_min=458, y_max=511
2024-12-26 21:03:43,669 - DEBUG - Pixel bounding box: (162, 458, 270, 511)
2024-12-26 21:03:43,669 - DEBUG - Input is a list. Converting to tensor.
2024-12-26 21:03:43,669 - DEBUG - Input Bounding Boxes (Corner Format): tensor([[162., 458., 270., 511.]])
2024-12-26 21:03:43,669 - DEBUG - x_min: 162.0, y_min: 458.0, x_max: 270.0, y_max: 511.0
2024-12-26 21:03:43,670 - DEBUG - Converted Bounding Boxes (Center Format): tensor([[216.0000, 484.5000, 108.0000,  53.0000]])
2024-12-26 21:03:43,670 - DEBUG - Normalized bounding box (cx, cy, w, h): tensor([[216.0000, 484.5000, 108.0000,  53.0000]])
2024-12-26 21:03:43,671 - DEBUG - Processed image tensor shape: torch.Size([3, 512, 512])
2024-12-26 21:03:43,672 - DEBUG - Processed bounding box tensor: tensor([[216.0000, 484.5000, 108.0000,  53.0000]])
2024-12-26 21:03:43,672 - DEBUG - Processing index 4914:
2024-12-26 21:03:43,672 - DEBUG - Image path: ./data/raw/train/PS-RGB_tiled/86_1040010049B46C00_tile_167.png
2024-12-26 21:03:43,672 - DEBUG - Label path: ./data/raw/train/geojson_aircraft_tiled/86_1040010049B46C00_tile_167.geojson
2024-12-26 21:03:43,672 - DEBUG - Auxiliary path: ./data/raw/train/PS-RGB_tiled/86_1040010049B46C00_tile_167.png.aux.xml
2024-12-26 21:03:43,672 - DEBUG - Parsing GeoTransform from: ./data/raw/train/PS-RGB_tiled/86_1040010049B46C00_tile_167.png.aux.xml
2024-12-26 21:03:43,672 - DEBUG - GeoTransform parsed: [-80.09530736068403, 3.3759811271316744e-06, 0.0, 26.68048407678901, 0.0, -3.3759811271316744e-06]
2024-12-26 21:03:43,672 - DEBUG - Reading GeoJSON from: ./data/raw/train/geojson_aircraft_tiled/86_1040010049B46C00_tile_167.geojson
2024-12-26 21:03:43,673 - DEBUG - First feature coordinates: [[[-80.094977830872, 26.679822985820387], [-80.09514565973515, 26.679727504832755], [-80.09526242707838, 26.679835728224038], [-80.09513405047015, 26.679931628732472], [-80.094977830872, 26.679822985820387]]]
2024-12-26 21:03:43,673 - DEBUG - Feature properties: {'loc_id': 86, 'cat_id': '1040010049B46C00', 'location': 'Palm Beach International Airport, Arrivals, West Gate, Palm Beach County, Florida, 33406-1507, USA', 'role': 'Medium Civil Transport/Utility', 'role_id': 2, 'is_plane': 1, 'num_engines': 2, 'propulsion': 'jet', 'canards': 'no', 'num_tail_fins': 1, 'wing_position': 'mid/low mounted', 'wing_type': 'swept', 'length': 28.35377894817411, 'wingspan': 22.639329952713855, 'area': 320.9550285097546, 'faa_wingspan_class': 2, 'Public_Train': 1, 'Public_Test': 0, 'partialDec': 1.0, 'truncated': 0, 'new_area': 320.9550285097546}
2024-12-26 21:03:43,673 - DEBUG - GeoJSON Coords: [(-80.094977830872, 26.679822985820387), (-80.09514565973515, 26.679727504832755), (-80.09526242707838, 26.679835728224038), (-80.09513405047015, 26.679931628732472), (-80.094977830872, 26.679822985820387)]
2024-12-26 21:03:43,673 - DEBUG - GeoJSON Features: [28.35377894817411, 22.639329952713855, 320.9550285097546, 1, 1, 0, 2, 1, 2]
2024-12-26 21:03:43,673 - DEBUG - Parsed GeoTransform: [-80.09530736068403, 3.3759811271316744e-06, 0.0, 26.68048407678901, 0.0, -3.3759811271316744e-06]
2024-12-26 21:03:43,673 - DEBUG - Parsed GeoJSON coordinates: [(-80.094977830872, 26.679822985820387), (-80.09514565973515, 26.679727504832755), (-80.09526242707838, 26.679835728224038), (-80.09513405047015, 26.679931628732472), (-80.094977830872, 26.679822985820387)]
2024-12-26 21:03:43,674 - DEBUG - STREAM b'IHDR' 16 13
2024-12-26 21:03:43,674 - DEBUG - STREAM b'tRNS' 41 6
2024-12-26 21:03:43,674 - DEBUG - STREAM b'IDAT' 59 8192
2024-12-26 21:03:43,684 - DEBUG - Loaded image size: 512x512
2024-12-26 21:03:43,684 - DEBUG - Converting GeoJSON to pixel bounding boxes.
2024-12-26 21:03:43,684 - DEBUG - Input Coordinates: [(-80.094977830872, 26.679822985820387), (-80.09514565973515, 26.679727504832755), (-80.09526242707838, 26.679835728224038), (-80.09513405047015, 26.679931628732472), (-80.094977830872, 26.679822985820387)] ... (showing first 5 for brevity)
2024-12-26 21:03:43,684 - DEBUG - GeoTransform: [-80.09530736068403, 3.3759811271316744e-06, 0.0, 26.68048407678901, 0.0, -3.3759811271316744e-06]
2024-12-26 21:03:43,684 - DEBUG - Image Dimensions: width=512, height=512
2024-12-26 21:03:43,684 - DEBUG - Converting geo-coordinates to pixel coordinates:
2024-12-26 21:03:43,684 - DEBUG - Inputs - lon: -80.094977830872, lat: 26.679822985820387, geo_transform: [-80.09530736068403, 3.3759811271316744e-06, 0.0, 26.68048407678901, 0.0, -3.3759811271316744e-06], image_width: 512, image_height: 512
2024-12-26 21:03:43,684 - DEBUG - Parsed GeoTransform - x_origin: -80.09530736068403, pixel_width: 3.3759811271316744e-06, y_origin: 26.68048407678901, pixel_height: -3.3759811271316744e-06
2024-12-26 21:03:43,685 - DEBUG - Computed pixel coordinates before clamping - x_pixel: 97, y_pixel: 195
2024-12-26 21:03:43,685 - DEBUG - Clamped pixel coordinates - x_pixel: 97, y_pixel: 195
2024-12-26 21:03:43,685 - DEBUG - Converting geo-coordinates to pixel coordinates:
2024-12-26 21:03:43,685 - DEBUG - Inputs - lon: -80.09514565973515, lat: 26.679727504832755, geo_transform: [-80.09530736068403, 3.3759811271316744e-06, 0.0, 26.68048407678901, 0.0, -3.3759811271316744e-06], image_width: 512, image_height: 512
2024-12-26 21:03:43,685 - DEBUG - Parsed GeoTransform - x_origin: -80.09530736068403, pixel_width: 3.3759811271316744e-06, y_origin: 26.68048407678901, pixel_height: -3.3759811271316744e-06
2024-12-26 21:03:43,685 - DEBUG - Computed pixel coordinates before clamping - x_pixel: 47, y_pixel: 224
2024-12-26 21:03:43,685 - DEBUG - Clamped pixel coordinates - x_pixel: 47, y_pixel: 224
2024-12-26 21:03:43,685 - DEBUG - Converting geo-coordinates to pixel coordinates:
2024-12-26 21:03:43,685 - DEBUG - Inputs - lon: -80.09526242707838, lat: 26.679835728224038, geo_transform: [-80.09530736068403, 3.3759811271316744e-06, 0.0, 26.68048407678901, 0.0, -3.3759811271316744e-06], image_width: 512, image_height: 512
2024-12-26 21:03:43,685 - DEBUG - Parsed GeoTransform - x_origin: -80.09530736068403, pixel_width: 3.3759811271316744e-06, y_origin: 26.68048407678901, pixel_height: -3.3759811271316744e-06
2024-12-26 21:03:43,685 - DEBUG - Computed pixel coordinates before clamping - x_pixel: 13, y_pixel: 192
2024-12-26 21:03:43,685 - DEBUG - Clamped pixel coordinates - x_pixel: 13, y_pixel: 192
2024-12-26 21:03:43,686 - DEBUG - Converting geo-coordinates to pixel coordinates:
2024-12-26 21:03:43,686 - DEBUG - Inputs - lon: -80.09513405047015, lat: 26.679931628732472, geo_transform: [-80.09530736068403, 3.3759811271316744e-06, 0.0, 26.68048407678901, 0.0, -3.3759811271316744e-06], image_width: 512, image_height: 512
2024-12-26 21:03:43,686 - DEBUG - Parsed GeoTransform - x_origin: -80.09530736068403, pixel_width: 3.3759811271316744e-06, y_origin: 26.68048407678901, pixel_height: -3.3759811271316744e-06
2024-12-26 21:03:43,686 - DEBUG - Computed pixel coordinates before clamping - x_pixel: 51, y_pixel: 163
2024-12-26 21:03:43,686 - DEBUG - Clamped pixel coordinates - x_pixel: 51, y_pixel: 163
2024-12-26 21:03:43,686 - DEBUG - Converting geo-coordinates to pixel coordinates:
2024-12-26 21:03:43,686 - DEBUG - Inputs - lon: -80.094977830872, lat: 26.679822985820387, geo_transform: [-80.09530736068403, 3.3759811271316744e-06, 0.0, 26.68048407678901, 0.0, -3.3759811271316744e-06], image_width: 512, image_height: 512
2024-12-26 21:03:43,686 - DEBUG - Parsed GeoTransform - x_origin: -80.09530736068403, pixel_width: 3.3759811271316744e-06, y_origin: 26.68048407678901, pixel_height: -3.3759811271316744e-06
2024-12-26 21:03:43,686 - DEBUG - Computed pixel coordinates before clamping - x_pixel: 97, y_pixel: 195
2024-12-26 21:03:43,686 - DEBUG - Clamped pixel coordinates - x_pixel: 97, y_pixel: 195
2024-12-26 21:03:43,686 - DEBUG - Pixel Coordinates: [(97, 195), (47, 224), (13, 192), (51, 163), (97, 195)] ... (showing first 5 for brevity)
2024-12-26 21:03:43,686 - DEBUG - Pixel Bounding Box: x_min=13, x_max=97, y_min=163, y_max=224
2024-12-26 21:03:43,686 - DEBUG - Pixel bounding box: (13, 163, 97, 224)
2024-12-26 21:03:43,686 - DEBUG - Input is a list. Converting to tensor.
2024-12-26 21:03:43,687 - DEBUG - Input Bounding Boxes (Corner Format): tensor([[ 13., 163.,  97., 224.]])
2024-12-26 21:03:43,687 - DEBUG - x_min: 13.0, y_min: 163.0, x_max: 97.0, y_max: 224.0
2024-12-26 21:03:43,687 - DEBUG - Converted Bounding Boxes (Center Format): tensor([[ 55.0000, 193.5000,  84.0000,  61.0000]])
2024-12-26 21:03:43,687 - DEBUG - Normalized bounding box (cx, cy, w, h): tensor([[ 55.0000, 193.5000,  84.0000,  61.0000]])
2024-12-26 21:03:43,688 - DEBUG - Processed image tensor shape: torch.Size([3, 512, 512])
2024-12-26 21:03:43,689 - DEBUG - Processed bounding box tensor: tensor([[ 55.0000, 193.5000,  84.0000,  61.0000]])
2024-12-26 21:03:43,689 - DEBUG - Processing index 1044:
2024-12-26 21:03:43,689 - DEBUG - Image path: ./data/raw/train/PS-RGB_tiled/130_104001000F25CE00_tile_1038.png
2024-12-26 21:03:43,689 - DEBUG - Label path: ./data/raw/train/geojson_aircraft_tiled/130_104001000F25CE00_tile_1038.geojson
2024-12-26 21:03:43,689 - DEBUG - Auxiliary path: ./data/raw/train/PS-RGB_tiled/130_104001000F25CE00_tile_1038.png.aux.xml
2024-12-26 21:03:43,689 - DEBUG - Parsing GeoTransform from: ./data/raw/train/PS-RGB_tiled/130_104001000F25CE00_tile_1038.png.aux.xml
2024-12-26 21:03:43,690 - DEBUG - GeoTransform parsed: [-75.23787577363856, 3.4911798541885103e-06, 0.0, 39.87710374649364, 0.0, -3.4911798541885103e-06]
2024-12-26 21:03:43,690 - DEBUG - Reading GeoJSON from: ./data/raw/train/geojson_aircraft_tiled/130_104001000F25CE00_tile_1038.geojson
2024-12-26 21:03:43,690 - DEBUG - First feature coordinates: [[[-75.23746000567728, 39.875721146597776], [-75.23740688093292, 39.87594028616824], [-75.23714125721115, 39.875911067558846], [-75.23715852275306, 39.87571317788612], [-75.23746000567728, 39.875721146597776]]]
2024-12-26 21:03:43,690 - DEBUG - Feature properties: {'loc_id': 130, 'cat_id': '104001000F25CE00', 'location': 'Terminal A - West Ticketing, PA 291, Eastwick, Philadelphia, Philadelphia County, Pennsylvania, PA 19153, USA', 'role': 'Medium Civil Transport/Utility', 'role_id': 2, 'is_plane': 1, 'num_engines': 2, 'propulsion': 'jet', 'canards': 'no', 'num_tail_fins': 1, 'wing_position': 'mid/low mounted', 'wing_type': 'swept', 'length': 34.457276490576696, 'wingspan': 32.96095484835948, 'area': 567.3738619034918, 'faa_wingspan_class': 3, 'Public_Train': 1, 'Public_Test': 0, 'partialDec': 1.0, 'truncated': 0, 'new_area': 567.3738619034918}
2024-12-26 21:03:43,690 - DEBUG - GeoJSON Coords: [(-75.23746000567728, 39.875721146597776), (-75.23740688093292, 39.87594028616824), (-75.23714125721115, 39.875911067558846), (-75.23715852275306, 39.87571317788612), (-75.23746000567728, 39.875721146597776)]
2024-12-26 21:03:43,690 - DEBUG - GeoJSON Features: [34.457276490576696, 32.96095484835948, 567.3738619034918, 1, 1, 0, 2, 1, 3]
2024-12-26 21:03:43,690 - DEBUG - Parsed GeoTransform: [-75.23787577363856, 3.4911798541885103e-06, 0.0, 39.87710374649364, 0.0, -3.4911798541885103e-06]
2024-12-26 21:03:43,690 - DEBUG - Parsed GeoJSON coordinates: [(-75.23746000567728, 39.875721146597776), (-75.23740688093292, 39.87594028616824), (-75.23714125721115, 39.875911067558846), (-75.23715852275306, 39.87571317788612), (-75.23746000567728, 39.875721146597776)]
2024-12-26 21:03:43,691 - DEBUG - STREAM b'IHDR' 16 13
2024-12-26 21:03:43,691 - DEBUG - STREAM b'tRNS' 41 6
2024-12-26 21:03:43,691 - DEBUG - STREAM b'IDAT' 59 8192
2024-12-26 21:03:43,701 - DEBUG - Loaded image size: 512x512
2024-12-26 21:03:43,701 - DEBUG - Converting GeoJSON to pixel bounding boxes.
2024-12-26 21:03:43,701 - DEBUG - Input Coordinates: [(-75.23746000567728, 39.875721146597776), (-75.23740688093292, 39.87594028616824), (-75.23714125721115, 39.875911067558846), (-75.23715852275306, 39.87571317788612), (-75.23746000567728, 39.875721146597776)] ... (showing first 5 for brevity)
2024-12-26 21:03:43,701 - DEBUG - GeoTransform: [-75.23787577363856, 3.4911798541885103e-06, 0.0, 39.87710374649364, 0.0, -3.4911798541885103e-06]
2024-12-26 21:03:43,701 - DEBUG - Image Dimensions: width=512, height=512
2024-12-26 21:03:43,701 - DEBUG - Converting geo-coordinates to pixel coordinates:
2024-12-26 21:03:43,701 - DEBUG - Inputs - lon: -75.23746000567728, lat: 39.875721146597776, geo_transform: [-75.23787577363856, 3.4911798541885103e-06, 0.0, 39.87710374649364, 0.0, -3.4911798541885103e-06], image_width: 512, image_height: 512
2024-12-26 21:03:43,701 - DEBUG - Parsed GeoTransform - x_origin: -75.23787577363856, pixel_width: 3.4911798541885103e-06, y_origin: 39.87710374649364, pixel_height: -3.4911798541885103e-06
2024-12-26 21:03:43,701 - DEBUG - Computed pixel coordinates before clamping - x_pixel: 119, y_pixel: 396
2024-12-26 21:03:43,701 - DEBUG - Clamped pixel coordinates - x_pixel: 119, y_pixel: 396
2024-12-26 21:03:43,701 - DEBUG - Converting geo-coordinates to pixel coordinates:
2024-12-26 21:03:43,701 - DEBUG - Inputs - lon: -75.23740688093292, lat: 39.87594028616824, geo_transform: [-75.23787577363856, 3.4911798541885103e-06, 0.0, 39.87710374649364, 0.0, -3.4911798541885103e-06], image_width: 512, image_height: 512
2024-12-26 21:03:43,702 - DEBUG - Parsed GeoTransform - x_origin: -75.23787577363856, pixel_width: 3.4911798541885103e-06, y_origin: 39.87710374649364, pixel_height: -3.4911798541885103e-06
2024-12-26 21:03:43,702 - DEBUG - Computed pixel coordinates before clamping - x_pixel: 134, y_pixel: 333
2024-12-26 21:03:43,702 - DEBUG - Clamped pixel coordinates - x_pixel: 134, y_pixel: 333
2024-12-26 21:03:43,702 - DEBUG - Converting geo-coordinates to pixel coordinates:
2024-12-26 21:03:43,702 - DEBUG - Inputs - lon: -75.23714125721115, lat: 39.875911067558846, geo_transform: [-75.23787577363856, 3.4911798541885103e-06, 0.0, 39.87710374649364, 0.0, -3.4911798541885103e-06], image_width: 512, image_height: 512
2024-12-26 21:03:43,702 - DEBUG - Parsed GeoTransform - x_origin: -75.23787577363856, pixel_width: 3.4911798541885103e-06, y_origin: 39.87710374649364, pixel_height: -3.4911798541885103e-06
2024-12-26 21:03:43,702 - DEBUG - Computed pixel coordinates before clamping - x_pixel: 210, y_pixel: 341
2024-12-26 21:03:43,702 - DEBUG - Clamped pixel coordinates - x_pixel: 210, y_pixel: 341
2024-12-26 21:03:43,702 - DEBUG - Converting geo-coordinates to pixel coordinates:
2024-12-26 21:03:43,702 - DEBUG - Inputs - lon: -75.23715852275306, lat: 39.87571317788612, geo_transform: [-75.23787577363856, 3.4911798541885103e-06, 0.0, 39.87710374649364, 0.0, -3.4911798541885103e-06], image_width: 512, image_height: 512
2024-12-26 21:03:43,702 - DEBUG - Parsed GeoTransform - x_origin: -75.23787577363856, pixel_width: 3.4911798541885103e-06, y_origin: 39.87710374649364, pixel_height: -3.4911798541885103e-06
2024-12-26 21:03:43,702 - DEBUG - Computed pixel coordinates before clamping - x_pixel: 205, y_pixel: 398
2024-12-26 21:03:43,703 - DEBUG - Clamped pixel coordinates - x_pixel: 205, y_pixel: 398
2024-12-26 21:03:43,703 - DEBUG - Converting geo-coordinates to pixel coordinates:
2024-12-26 21:03:43,703 - DEBUG - Inputs - lon: -75.23746000567728, lat: 39.875721146597776, geo_transform: [-75.23787577363856, 3.4911798541885103e-06, 0.0, 39.87710374649364, 0.0, -3.4911798541885103e-06], image_width: 512, image_height: 512
2024-12-26 21:03:43,703 - DEBUG - Parsed GeoTransform - x_origin: -75.23787577363856, pixel_width: 3.4911798541885103e-06, y_origin: 39.87710374649364, pixel_height: -3.4911798541885103e-06
2024-12-26 21:03:43,703 - DEBUG - Computed pixel coordinates before clamping - x_pixel: 119, y_pixel: 396
2024-12-26 21:03:43,703 - DEBUG - Clamped pixel coordinates - x_pixel: 119, y_pixel: 396
2024-12-26 21:03:43,703 - DEBUG - Pixel Coordinates: [(119, 396), (134, 333), (210, 341), (205, 398), (119, 396)] ... (showing first 5 for brevity)
2024-12-26 21:03:43,703 - DEBUG - Pixel Bounding Box: x_min=119, x_max=210, y_min=333, y_max=398
2024-12-26 21:03:43,703 - DEBUG - Pixel bounding box: (119, 333, 210, 398)
2024-12-26 21:03:43,703 - DEBUG - Input is a list. Converting to tensor.
2024-12-26 21:03:43,704 - DEBUG - Input Bounding Boxes (Corner Format): tensor([[119., 333., 210., 398.]])
2024-12-26 21:03:43,704 - DEBUG - x_min: 119.0, y_min: 333.0, x_max: 210.0, y_max: 398.0
2024-12-26 21:03:43,704 - DEBUG - Converted Bounding Boxes (Center Format): tensor([[164.5000, 365.5000,  91.0000,  65.0000]])
2024-12-26 21:03:43,704 - DEBUG - Normalized bounding box (cx, cy, w, h): tensor([[164.5000, 365.5000,  91.0000,  65.0000]])
2024-12-26 21:03:43,706 - DEBUG - Processed image tensor shape: torch.Size([3, 512, 512])
2024-12-26 21:03:43,706 - DEBUG - Processed bounding box tensor: tensor([[164.5000, 365.5000,  91.0000,  65.0000]])
2024-12-26 21:03:43,706 - DEBUG - Processing index 2791:
2024-12-26 21:03:43,706 - DEBUG - Image path: ./data/raw/train/PS-RGB_tiled/4_1040010019345B00_tile_907.png
2024-12-26 21:03:43,706 - DEBUG - Label path: ./data/raw/train/geojson_aircraft_tiled/4_1040010019345B00_tile_907.geojson
2024-12-26 21:03:43,706 - DEBUG - Auxiliary path: ./data/raw/train/PS-RGB_tiled/4_1040010019345B00_tile_907.png.aux.xml
2024-12-26 21:03:43,706 - DEBUG - Parsing GeoTransform from: ./data/raw/train/PS-RGB_tiled/4_1040010019345B00_tile_907.png.aux.xml
2024-12-26 21:03:43,707 - DEBUG - GeoTransform parsed: [-122.30098351477962, 3.260884481353863e-06, 0.0, 47.44611612536527, 0.0, -3.260884481353863e-06]
2024-12-26 21:03:43,707 - DEBUG - Reading GeoJSON from: ./data/raw/train/geojson_aircraft_tiled/4_1040010019345B00_tile_907.geojson
2024-12-26 21:03:43,707 - DEBUG - First feature coordinates: [[[-122.30062803996077, 47.44597251044772], [-122.30094302479418, 47.446050940406245], [-122.3009267757899, 47.44611612536527], [-122.30063435270439, 47.44611612536527], [-122.30062803996077, 47.44597251044772]]]
2024-12-26 21:03:43,707 - DEBUG - Feature properties: {'loc_id': 4, 'cat_id': '1040010019345B00', 'location': 'Seattle-Tacoma International Airport, Seattle-Tacoma Departures, SeaTac, King County, Washington, 98158, USA', 'role': 'Medium Civil Transport/Utility', 'role_id': 2, 'is_plane': 1, 'num_engines': 2, 'propulsion': 'jet', 'canards': 'no', 'num_tail_fins': 1, 'wing_position': 'mid/low mounted', 'wing_type': 'swept', 'length': 38.378544716790906, 'wingspan': 28.511782895272106, 'area': 544.613254147783, 'faa_wingspan_class': 3, 'Public_Train': 1, 'Public_Test': 0, 'partialDec': 0.4908174478571213, 'truncated': 1, 'new_area': 267.3056874699766}
2024-12-26 21:03:43,707 - DEBUG - GeoJSON Coords: [(-122.30062803996077, 47.44597251044772), (-122.30094302479418, 47.446050940406245), (-122.3009267757899, 47.44611612536527), (-122.30063435270439, 47.44611612536527), (-122.30062803996077, 47.44597251044772)]
2024-12-26 21:03:43,707 - DEBUG - GeoJSON Features: [38.378544716790906, 28.511782895272106, 544.613254147783, 1, 1, 0, 2, 1, 3]
2024-12-26 21:03:43,708 - DEBUG - Parsed GeoTransform: [-122.30098351477962, 3.260884481353863e-06, 0.0, 47.44611612536527, 0.0, -3.260884481353863e-06]
2024-12-26 21:03:43,708 - DEBUG - Parsed GeoJSON coordinates: [(-122.30062803996077, 47.44597251044772), (-122.30094302479418, 47.446050940406245), (-122.3009267757899, 47.44611612536527), (-122.30063435270439, 47.44611612536527), (-122.30062803996077, 47.44597251044772)]
2024-12-26 21:03:43,708 - DEBUG - STREAM b'IHDR' 16 13
2024-12-26 21:03:43,708 - DEBUG - STREAM b'tRNS' 41 6
2024-12-26 21:03:43,708 - DEBUG - STREAM b'IDAT' 59 8192
2024-12-26 21:03:43,719 - DEBUG - Loaded image size: 512x512
2024-12-26 21:03:43,719 - DEBUG - Converting GeoJSON to pixel bounding boxes.
2024-12-26 21:03:43,719 - DEBUG - Input Coordinates: [(-122.30062803996077, 47.44597251044772), (-122.30094302479418, 47.446050940406245), (-122.3009267757899, 47.44611612536527), (-122.30063435270439, 47.44611612536527), (-122.30062803996077, 47.44597251044772)] ... (showing first 5 for brevity)
2024-12-26 21:03:43,719 - DEBUG - GeoTransform: [-122.30098351477962, 3.260884481353863e-06, 0.0, 47.44611612536527, 0.0, -3.260884481353863e-06]
2024-12-26 21:03:43,719 - DEBUG - Image Dimensions: width=512, height=512
2024-12-26 21:03:43,719 - DEBUG - Converting geo-coordinates to pixel coordinates:
2024-12-26 21:03:43,720 - DEBUG - Inputs - lon: -122.30062803996077, lat: 47.44597251044772, geo_transform: [-122.30098351477962, 3.260884481353863e-06, 0.0, 47.44611612536527, 0.0, -3.260884481353863e-06], image_width: 512, image_height: 512
2024-12-26 21:03:43,720 - DEBUG - Parsed GeoTransform - x_origin: -122.30098351477962, pixel_width: 3.260884481353863e-06, y_origin: 47.44611612536527, pixel_height: -3.260884481353863e-06
2024-12-26 21:03:43,720 - DEBUG - Computed pixel coordinates before clamping - x_pixel: 109, y_pixel: 44
2024-12-26 21:03:43,720 - DEBUG - Clamped pixel coordinates - x_pixel: 109, y_pixel: 44
2024-12-26 21:03:43,720 - DEBUG - Converting geo-coordinates to pixel coordinates:
2024-12-26 21:03:43,720 - DEBUG - Inputs - lon: -122.30094302479418, lat: 47.446050940406245, geo_transform: [-122.30098351477962, 3.260884481353863e-06, 0.0, 47.44611612536527, 0.0, -3.260884481353863e-06], image_width: 512, image_height: 512
2024-12-26 21:03:43,720 - DEBUG - Parsed GeoTransform - x_origin: -122.30098351477962, pixel_width: 3.260884481353863e-06, y_origin: 47.44611612536527, pixel_height: -3.260884481353863e-06
2024-12-26 21:03:43,720 - DEBUG - Computed pixel coordinates before clamping - x_pixel: 12, y_pixel: 19
2024-12-26 21:03:43,720 - DEBUG - Clamped pixel coordinates - x_pixel: 12, y_pixel: 19
2024-12-26 21:03:43,720 - DEBUG - Converting geo-coordinates to pixel coordinates:
2024-12-26 21:03:43,720 - DEBUG - Inputs - lon: -122.3009267757899, lat: 47.44611612536527, geo_transform: [-122.30098351477962, 3.260884481353863e-06, 0.0, 47.44611612536527, 0.0, -3.260884481353863e-06], image_width: 512, image_height: 512
2024-12-26 21:03:43,720 - DEBUG - Parsed GeoTransform - x_origin: -122.30098351477962, pixel_width: 3.260884481353863e-06, y_origin: 47.44611612536527, pixel_height: -3.260884481353863e-06
2024-12-26 21:03:43,720 - DEBUG - Computed pixel coordinates before clamping - x_pixel: 17, y_pixel: 0
2024-12-26 21:03:43,721 - DEBUG - Clamped pixel coordinates - x_pixel: 17, y_pixel: 0
2024-12-26 21:03:43,721 - DEBUG - Converting geo-coordinates to pixel coordinates:
2024-12-26 21:03:43,721 - DEBUG - Inputs - lon: -122.30063435270439, lat: 47.44611612536527, geo_transform: [-122.30098351477962, 3.260884481353863e-06, 0.0, 47.44611612536527, 0.0, -3.260884481353863e-06], image_width: 512, image_height: 512
2024-12-26 21:03:43,721 - DEBUG - Parsed GeoTransform - x_origin: -122.30098351477962, pixel_width: 3.260884481353863e-06, y_origin: 47.44611612536527, pixel_height: -3.260884481353863e-06
2024-12-26 21:03:43,721 - DEBUG - Computed pixel coordinates before clamping - x_pixel: 107, y_pixel: 0
2024-12-26 21:03:43,721 - DEBUG - Clamped pixel coordinates - x_pixel: 107, y_pixel: 0
2024-12-26 21:03:43,721 - DEBUG - Converting geo-coordinates to pixel coordinates:
2024-12-26 21:03:43,721 - DEBUG - Inputs - lon: -122.30062803996077, lat: 47.44597251044772, geo_transform: [-122.30098351477962, 3.260884481353863e-06, 0.0, 47.44611612536527, 0.0, -3.260884481353863e-06], image_width: 512, image_height: 512
2024-12-26 21:03:43,721 - DEBUG - Parsed GeoTransform - x_origin: -122.30098351477962, pixel_width: 3.260884481353863e-06, y_origin: 47.44611612536527, pixel_height: -3.260884481353863e-06
2024-12-26 21:03:43,721 - DEBUG - Computed pixel coordinates before clamping - x_pixel: 109, y_pixel: 44
2024-12-26 21:03:43,721 - DEBUG - Clamped pixel coordinates - x_pixel: 109, y_pixel: 44
2024-12-26 21:03:43,721 - DEBUG - Pixel Coordinates: [(109, 44), (12, 19), (17, 0), (107, 0), (109, 44)] ... (showing first 5 for brevity)
2024-12-26 21:03:43,721 - DEBUG - Pixel Bounding Box: x_min=12, x_max=109, y_min=0, y_max=44
2024-12-26 21:03:43,721 - DEBUG - Pixel bounding box: (12, 0, 109, 44)
2024-12-26 21:03:43,721 - DEBUG - Input is a list. Converting to tensor.
2024-12-26 21:03:43,722 - DEBUG - Input Bounding Boxes (Corner Format): tensor([[ 12.,   0., 109.,  44.]])
2024-12-26 21:03:43,722 - DEBUG - x_min: 12.0, y_min: 0.0, x_max: 109.0, y_max: 44.0
2024-12-26 21:03:43,722 - DEBUG - Converted Bounding Boxes (Center Format): tensor([[60.5000, 22.0000, 97.0000, 44.0000]])
2024-12-26 21:03:43,722 - DEBUG - Normalized bounding box (cx, cy, w, h): tensor([[60.5000, 22.0000, 97.0000, 44.0000]])
2024-12-26 21:03:43,723 - DEBUG - Processed image tensor shape: torch.Size([3, 512, 512])
2024-12-26 21:03:43,724 - DEBUG - Processed bounding box tensor: tensor([[60.5000, 22.0000, 97.0000, 44.0000]])
2024-12-26 21:03:43,724 - DEBUG - Processing index 5588:
2024-12-26 21:03:43,724 - DEBUG - Image path: ./data/raw/train/PS-RGB_tiled/97_104001003D4C1D00_tile_224.png
2024-12-26 21:03:43,724 - DEBUG - Label path: ./data/raw/train/geojson_aircraft_tiled/97_104001003D4C1D00_tile_224.geojson
2024-12-26 21:03:43,724 - DEBUG - Auxiliary path: ./data/raw/train/PS-RGB_tiled/97_104001003D4C1D00_tile_224.png.aux.xml
2024-12-26 21:03:43,724 - DEBUG - Parsing GeoTransform from: ./data/raw/train/PS-RGB_tiled/97_104001003D4C1D00_tile_224.png.aux.xml
2024-12-26 21:03:43,725 - DEBUG - GeoTransform parsed: [-121.93097578642829, 2.9913898961180066e-06, 0.0, 37.359966110877565, 0.0, -2.9913898961180066e-06]
2024-12-26 21:03:43,725 - DEBUG - Reading GeoJSON from: ./data/raw/train/geojson_aircraft_tiled/97_104001003D4C1D00_tile_224.geojson
2024-12-26 21:03:43,725 - DEBUG - First feature coordinates: [[[-121.93048311879562, 37.35932808782739], [-121.93037701369677, 37.359355212439134], [-121.93036544584764, 37.35924073062195], [-121.93051064229871, 37.35924471953544], [-121.93048311879562, 37.35932808782739]]]
2024-12-26 21:03:43,725 - DEBUG - Feature properties: {'loc_id': 97, 'cat_id': '104001003D4C1D00', 'location': 'Norman Y. Mineta San José International Airport, Terminal Drive, Rose Garden, San Jose, Santa Clara County, California, 95053, USA', 'role': 'Medium Civil Transport/Utility', 'role_id': 2, 'is_plane': 1, 'num_engines': 2, 'propulsion': 'propeller', 'canards': 'no', 'num_tail_fins': 1, 'wing_position': 'mid/low mounted', 'wing_type': 'straight', 'length': 14.23226001314848, 'wingspan': 17.039897690253515, 'area': 121.23710234107922, 'faa_wingspan_class': 2, 'Public_Train': 1, 'Public_Test': 0, 'partialDec': 1.0, 'truncated': 0, 'new_area': 121.23710234107922}
2024-12-26 21:03:43,725 - DEBUG - GeoJSON Coords: [(-121.93048311879562, 37.35932808782739), (-121.93037701369677, 37.359355212439134), (-121.93036544584764, 37.35924073062195), (-121.93051064229871, 37.35924471953544), (-121.93048311879562, 37.35932808782739)]
2024-12-26 21:03:43,725 - DEBUG - GeoJSON Features: [14.23226001314848, 17.039897690253515, 121.23710234107922, 0, 1, 0, 2, 1, 2]
2024-12-26 21:03:43,725 - DEBUG - Parsed GeoTransform: [-121.93097578642829, 2.9913898961180066e-06, 0.0, 37.359966110877565, 0.0, -2.9913898961180066e-06]
2024-12-26 21:03:43,725 - DEBUG - Parsed GeoJSON coordinates: [(-121.93048311879562, 37.35932808782739), (-121.93037701369677, 37.359355212439134), (-121.93036544584764, 37.35924073062195), (-121.93051064229871, 37.35924471953544), (-121.93048311879562, 37.35932808782739)]
2024-12-26 21:03:43,726 - DEBUG - STREAM b'IHDR' 16 13
2024-12-26 21:03:43,726 - DEBUG - STREAM b'tRNS' 41 6
2024-12-26 21:03:43,726 - DEBUG - STREAM b'IDAT' 59 8192
2024-12-26 21:03:43,736 - DEBUG - Loaded image size: 512x512
2024-12-26 21:03:43,736 - DEBUG - Converting GeoJSON to pixel bounding boxes.
2024-12-26 21:03:43,736 - DEBUG - Input Coordinates: [(-121.93048311879562, 37.35932808782739), (-121.93037701369677, 37.359355212439134), (-121.93036544584764, 37.35924073062195), (-121.93051064229871, 37.35924471953544), (-121.93048311879562, 37.35932808782739)] ... (showing first 5 for brevity)
2024-12-26 21:03:43,736 - DEBUG - GeoTransform: [-121.93097578642829, 2.9913898961180066e-06, 0.0, 37.359966110877565, 0.0, -2.9913898961180066e-06]
2024-12-26 21:03:43,736 - DEBUG - Image Dimensions: width=512, height=512
2024-12-26 21:03:43,736 - DEBUG - Converting geo-coordinates to pixel coordinates:
2024-12-26 21:03:43,736 - DEBUG - Inputs - lon: -121.93048311879562, lat: 37.35932808782739, geo_transform: [-121.93097578642829, 2.9913898961180066e-06, 0.0, 37.359966110877565, 0.0, -2.9913898961180066e-06], image_width: 512, image_height: 512
2024-12-26 21:03:43,737 - DEBUG - Parsed GeoTransform - x_origin: -121.93097578642829, pixel_width: 2.9913898961180066e-06, y_origin: 37.359966110877565, pixel_height: -2.9913898961180066e-06
2024-12-26 21:03:43,737 - DEBUG - Computed pixel coordinates before clamping - x_pixel: 164, y_pixel: 213
2024-12-26 21:03:43,737 - DEBUG - Clamped pixel coordinates - x_pixel: 164, y_pixel: 213
2024-12-26 21:03:43,737 - DEBUG - Converting geo-coordinates to pixel coordinates:
2024-12-26 21:03:43,737 - DEBUG - Inputs - lon: -121.93037701369677, lat: 37.359355212439134, geo_transform: [-121.93097578642829, 2.9913898961180066e-06, 0.0, 37.359966110877565, 0.0, -2.9913898961180066e-06], image_width: 512, image_height: 512
2024-12-26 21:03:43,737 - DEBUG - Parsed GeoTransform - x_origin: -121.93097578642829, pixel_width: 2.9913898961180066e-06, y_origin: 37.359966110877565, pixel_height: -2.9913898961180066e-06
2024-12-26 21:03:43,737 - DEBUG - Computed pixel coordinates before clamping - x_pixel: 200, y_pixel: 204
2024-12-26 21:03:43,737 - DEBUG - Clamped pixel coordinates - x_pixel: 200, y_pixel: 204
2024-12-26 21:03:43,737 - DEBUG - Converting geo-coordinates to pixel coordinates:
2024-12-26 21:03:43,737 - DEBUG - Inputs - lon: -121.93036544584764, lat: 37.35924073062195, geo_transform: [-121.93097578642829, 2.9913898961180066e-06, 0.0, 37.359966110877565, 0.0, -2.9913898961180066e-06], image_width: 512, image_height: 512
2024-12-26 21:03:43,737 - DEBUG - Parsed GeoTransform - x_origin: -121.93097578642829, pixel_width: 2.9913898961180066e-06, y_origin: 37.359966110877565, pixel_height: -2.9913898961180066e-06
2024-12-26 21:03:43,737 - DEBUG - Computed pixel coordinates before clamping - x_pixel: 204, y_pixel: 242
2024-12-26 21:03:43,737 - DEBUG - Clamped pixel coordinates - x_pixel: 204, y_pixel: 242
2024-12-26 21:03:43,737 - DEBUG - Converting geo-coordinates to pixel coordinates:
2024-12-26 21:03:43,738 - DEBUG - Inputs - lon: -121.93051064229871, lat: 37.35924471953544, geo_transform: [-121.93097578642829, 2.9913898961180066e-06, 0.0, 37.359966110877565, 0.0, -2.9913898961180066e-06], image_width: 512, image_height: 512
2024-12-26 21:03:43,738 - DEBUG - Parsed GeoTransform - x_origin: -121.93097578642829, pixel_width: 2.9913898961180066e-06, y_origin: 37.359966110877565, pixel_height: -2.9913898961180066e-06
2024-12-26 21:03:43,738 - DEBUG - Computed pixel coordinates before clamping - x_pixel: 155, y_pixel: 241
2024-12-26 21:03:43,738 - DEBUG - Clamped pixel coordinates - x_pixel: 155, y_pixel: 241
2024-12-26 21:03:43,738 - DEBUG - Converting geo-coordinates to pixel coordinates:
2024-12-26 21:03:43,738 - DEBUG - Inputs - lon: -121.93048311879562, lat: 37.35932808782739, geo_transform: [-121.93097578642829, 2.9913898961180066e-06, 0.0, 37.359966110877565, 0.0, -2.9913898961180066e-06], image_width: 512, image_height: 512
2024-12-26 21:03:43,738 - DEBUG - Parsed GeoTransform - x_origin: -121.93097578642829, pixel_width: 2.9913898961180066e-06, y_origin: 37.359966110877565, pixel_height: -2.9913898961180066e-06
2024-12-26 21:03:43,738 - DEBUG - Computed pixel coordinates before clamping - x_pixel: 164, y_pixel: 213
2024-12-26 21:03:43,738 - DEBUG - Clamped pixel coordinates - x_pixel: 164, y_pixel: 213
2024-12-26 21:03:43,738 - DEBUG - Pixel Coordinates: [(164, 213), (200, 204), (204, 242), (155, 241), (164, 213)] ... (showing first 5 for brevity)
2024-12-26 21:03:43,738 - DEBUG - Pixel Bounding Box: x_min=155, x_max=204, y_min=204, y_max=242
2024-12-26 21:03:43,738 - DEBUG - Pixel bounding box: (155, 204, 204, 242)
2024-12-26 21:03:43,738 - DEBUG - Input is a list. Converting to tensor.
2024-12-26 21:03:43,739 - DEBUG - Input Bounding Boxes (Corner Format): tensor([[155., 204., 204., 242.]])
2024-12-26 21:03:43,739 - DEBUG - x_min: 155.0, y_min: 204.0, x_max: 204.0, y_max: 242.0
2024-12-26 21:03:43,739 - DEBUG - Converted Bounding Boxes (Center Format): tensor([[179.5000, 223.0000,  49.0000,  38.0000]])
2024-12-26 21:03:43,739 - DEBUG - Normalized bounding box (cx, cy, w, h): tensor([[179.5000, 223.0000,  49.0000,  38.0000]])
2024-12-26 21:03:43,741 - DEBUG - Processed image tensor shape: torch.Size([3, 512, 512])
2024-12-26 21:03:43,741 - DEBUG - Processed bounding box tensor: tensor([[179.5000, 223.0000,  49.0000,  38.0000]])
2024-12-26 21:03:43,741 - DEBUG - Processing index 4390:
2024-12-26 21:03:43,741 - DEBUG - Image path: ./data/raw/train/PS-RGB_tiled/84_10400100290F5300_tile_132.png
2024-12-26 21:03:43,741 - DEBUG - Label path: ./data/raw/train/geojson_aircraft_tiled/84_10400100290F5300_tile_132.geojson
2024-12-26 21:03:43,741 - DEBUG - Auxiliary path: ./data/raw/train/PS-RGB_tiled/84_10400100290F5300_tile_132.png.aux.xml
2024-12-26 21:03:43,741 - DEBUG - Parsing GeoTransform from: ./data/raw/train/PS-RGB_tiled/84_10400100290F5300_tile_132.png.aux.xml
2024-12-26 21:03:43,742 - DEBUG - GeoTransform parsed: [-80.15368175512717, 3.443814139214196e-06, 0.0, 26.07979324017342, 0.0, -3.443814139214196e-06]
2024-12-26 21:03:43,742 - DEBUG - Reading GeoJSON from: ./data/raw/train/geojson_aircraft_tiled/84_10400100290F5300_tile_132.geojson
2024-12-26 21:03:43,742 - DEBUG - First feature coordinates: [[[-80.15311158881721, 26.07939764094974], [-80.15302668362547, 26.07935896191795], [-80.15312825539188, 26.079277830290295], [-80.1532015254277, 26.079361792091007], [-80.15311158881721, 26.07939764094974]]]
2024-12-26 21:03:43,742 - DEBUG - Feature properties: {'loc_id': 84, 'cat_id': '10400100290F5300', 'location': 'Fort Lauderdale-Hollywood International Airport, 100, Terminal Drive, Dania Beach, Port Laudania, Broward County, Florida, 33315, USA', 'role': 'Medium Civil Transport/Utility', 'role_id': 2, 'is_plane': 1, 'num_engines': 2, 'propulsion': 'propeller', 'canards': 'no', 'num_tail_fins': 1, 'wing_position': 'mid/low mounted', 'wing_type': 'straight', 'length': 13.373890660049822, 'wingspan': 17.490344751584576, 'area': 116.28751407958893, 'faa_wingspan_class': 2, 'Public_Train': 1, 'Public_Test': 0, 'partialDec': 1.0, 'truncated': 0, 'new_area': 116.28751407958893}
2024-12-26 21:03:43,742 - DEBUG - GeoJSON Coords: [(-80.15311158881721, 26.07939764094974), (-80.15302668362547, 26.07935896191795), (-80.15312825539188, 26.079277830290295), (-80.1532015254277, 26.079361792091007), (-80.15311158881721, 26.07939764094974)]
2024-12-26 21:03:43,742 - DEBUG - GeoJSON Features: [13.373890660049822, 17.490344751584576, 116.28751407958893, 0, 1, 0, 2, 1, 2]
2024-12-26 21:03:43,742 - DEBUG - Parsed GeoTransform: [-80.15368175512717, 3.443814139214196e-06, 0.0, 26.07979324017342, 0.0, -3.443814139214196e-06]
2024-12-26 21:03:43,742 - DEBUG - Parsed GeoJSON coordinates: [(-80.15311158881721, 26.07939764094974), (-80.15302668362547, 26.07935896191795), (-80.15312825539188, 26.079277830290295), (-80.1532015254277, 26.079361792091007), (-80.15311158881721, 26.07939764094974)]
2024-12-26 21:03:43,743 - DEBUG - STREAM b'IHDR' 16 13
2024-12-26 21:03:43,743 - DEBUG - STREAM b'tRNS' 41 6
2024-12-26 21:03:43,743 - DEBUG - STREAM b'IDAT' 59 8192
2024-12-26 21:03:43,753 - DEBUG - Loaded image size: 512x512
2024-12-26 21:03:43,753 - DEBUG - Converting GeoJSON to pixel bounding boxes.
2024-12-26 21:03:43,753 - DEBUG - Input Coordinates: [(-80.15311158881721, 26.07939764094974), (-80.15302668362547, 26.07935896191795), (-80.15312825539188, 26.079277830290295), (-80.1532015254277, 26.079361792091007), (-80.15311158881721, 26.07939764094974)] ... (showing first 5 for brevity)
2024-12-26 21:03:43,753 - DEBUG - GeoTransform: [-80.15368175512717, 3.443814139214196e-06, 0.0, 26.07979324017342, 0.0, -3.443814139214196e-06]
2024-12-26 21:03:43,753 - DEBUG - Image Dimensions: width=512, height=512
2024-12-26 21:03:43,753 - DEBUG - Converting geo-coordinates to pixel coordinates:
2024-12-26 21:03:43,754 - DEBUG - Inputs - lon: -80.15311158881721, lat: 26.07939764094974, geo_transform: [-80.15368175512717, 3.443814139214196e-06, 0.0, 26.07979324017342, 0.0, -3.443814139214196e-06], image_width: 512, image_height: 512
2024-12-26 21:03:43,754 - DEBUG - Parsed GeoTransform - x_origin: -80.15368175512717, pixel_width: 3.443814139214196e-06, y_origin: 26.07979324017342, pixel_height: -3.443814139214196e-06
2024-12-26 21:03:43,754 - DEBUG - Computed pixel coordinates before clamping - x_pixel: 165, y_pixel: 114
2024-12-26 21:03:43,754 - DEBUG - Clamped pixel coordinates - x_pixel: 165, y_pixel: 114
2024-12-26 21:03:43,754 - DEBUG - Converting geo-coordinates to pixel coordinates:
2024-12-26 21:03:43,754 - DEBUG - Inputs - lon: -80.15302668362547, lat: 26.07935896191795, geo_transform: [-80.15368175512717, 3.443814139214196e-06, 0.0, 26.07979324017342, 0.0, -3.443814139214196e-06], image_width: 512, image_height: 512
2024-12-26 21:03:43,754 - DEBUG - Parsed GeoTransform - x_origin: -80.15368175512717, pixel_width: 3.443814139214196e-06, y_origin: 26.07979324017342, pixel_height: -3.443814139214196e-06
2024-12-26 21:03:43,754 - DEBUG - Computed pixel coordinates before clamping - x_pixel: 190, y_pixel: 126
2024-12-26 21:03:43,754 - DEBUG - Clamped pixel coordinates - x_pixel: 190, y_pixel: 126
2024-12-26 21:03:43,754 - DEBUG - Converting geo-coordinates to pixel coordinates:
2024-12-26 21:03:43,754 - DEBUG - Inputs - lon: -80.15312825539188, lat: 26.079277830290295, geo_transform: [-80.15368175512717, 3.443814139214196e-06, 0.0, 26.07979324017342, 0.0, -3.443814139214196e-06], image_width: 512, image_height: 512
2024-12-26 21:03:43,754 - DEBUG - Parsed GeoTransform - x_origin: -80.15368175512717, pixel_width: 3.443814139214196e-06, y_origin: 26.07979324017342, pixel_height: -3.443814139214196e-06
2024-12-26 21:03:43,754 - DEBUG - Computed pixel coordinates before clamping - x_pixel: 160, y_pixel: 149
2024-12-26 21:03:43,755 - DEBUG - Clamped pixel coordinates - x_pixel: 160, y_pixel: 149
2024-12-26 21:03:43,755 - DEBUG - Converting geo-coordinates to pixel coordinates:
2024-12-26 21:03:43,755 - DEBUG - Inputs - lon: -80.1532015254277, lat: 26.079361792091007, geo_transform: [-80.15368175512717, 3.443814139214196e-06, 0.0, 26.07979324017342, 0.0, -3.443814139214196e-06], image_width: 512, image_height: 512
2024-12-26 21:03:43,755 - DEBUG - Parsed GeoTransform - x_origin: -80.15368175512717, pixel_width: 3.443814139214196e-06, y_origin: 26.07979324017342, pixel_height: -3.443814139214196e-06
2024-12-26 21:03:43,755 - DEBUG - Computed pixel coordinates before clamping - x_pixel: 139, y_pixel: 125
2024-12-26 21:03:43,755 - DEBUG - Clamped pixel coordinates - x_pixel: 139, y_pixel: 125
2024-12-26 21:03:43,755 - DEBUG - Converting geo-coordinates to pixel coordinates:
2024-12-26 21:03:43,755 - DEBUG - Inputs - lon: -80.15311158881721, lat: 26.07939764094974, geo_transform: [-80.15368175512717, 3.443814139214196e-06, 0.0, 26.07979324017342, 0.0, -3.443814139214196e-06], image_width: 512, image_height: 512
2024-12-26 21:03:43,755 - DEBUG - Parsed GeoTransform - x_origin: -80.15368175512717, pixel_width: 3.443814139214196e-06, y_origin: 26.07979324017342, pixel_height: -3.443814139214196e-06
2024-12-26 21:03:43,755 - DEBUG - Computed pixel coordinates before clamping - x_pixel: 165, y_pixel: 114
2024-12-26 21:03:43,755 - DEBUG - Clamped pixel coordinates - x_pixel: 165, y_pixel: 114
2024-12-26 21:03:43,755 - DEBUG - Pixel Coordinates: [(165, 114), (190, 126), (160, 149), (139, 125), (165, 114)] ... (showing first 5 for brevity)
2024-12-26 21:03:43,755 - DEBUG - Pixel Bounding Box: x_min=139, x_max=190, y_min=114, y_max=149
2024-12-26 21:03:43,755 - DEBUG - Pixel bounding box: (139, 114, 190, 149)
2024-12-26 21:03:43,756 - DEBUG - Input is a list. Converting to tensor.
2024-12-26 21:03:43,756 - DEBUG - Input Bounding Boxes (Corner Format): tensor([[139., 114., 190., 149.]])
2024-12-26 21:03:43,756 - DEBUG - x_min: 139.0, y_min: 114.0, x_max: 190.0, y_max: 149.0
2024-12-26 21:03:43,756 - DEBUG - Converted Bounding Boxes (Center Format): tensor([[164.5000, 131.5000,  51.0000,  35.0000]])
2024-12-26 21:03:43,756 - DEBUG - Normalized bounding box (cx, cy, w, h): tensor([[164.5000, 131.5000,  51.0000,  35.0000]])
2024-12-26 21:03:43,758 - DEBUG - Processed image tensor shape: torch.Size([3, 512, 512])
2024-12-26 21:03:43,758 - DEBUG - Processed bounding box tensor: tensor([[164.5000, 131.5000,  51.0000,  35.0000]])
2024-12-26 21:03:43,758 - DEBUG - Processing index 2468:
2024-12-26 21:03:43,758 - DEBUG - Image path: ./data/raw/train/PS-RGB_tiled/45_104001001CAC2B00_tile_132.png
2024-12-26 21:03:43,758 - DEBUG - Label path: ./data/raw/train/geojson_aircraft_tiled/45_104001001CAC2B00_tile_132.geojson
2024-12-26 21:03:43,758 - DEBUG - Auxiliary path: ./data/raw/train/PS-RGB_tiled/45_104001001CAC2B00_tile_132.png.aux.xml
2024-12-26 21:03:43,758 - DEBUG - Parsing GeoTransform from: ./data/raw/train/PS-RGB_tiled/45_104001001CAC2B00_tile_132.png.aux.xml
2024-12-26 21:03:43,759 - DEBUG - GeoTransform parsed: [-77.51630522934789, 3.0632551188475683e-06, 0.0, 38.726981690485054, 0.0, -3.0632551188475683e-06]
2024-12-26 21:03:43,759 - DEBUG - Reading GeoJSON from: ./data/raw/train/geojson_aircraft_tiled/45_104001001CAC2B00_tile_132.geojson
2024-12-26 21:03:43,759 - DEBUG - First feature coordinates: [[[-77.51481987345079, 38.72613240977536], [-77.51478757407365, 38.726224295934486], [-77.51473684272705, 38.72621238509659], [-77.51473684272705, 38.726105953907506], [-77.51481987345079, 38.72613240977536]]]
2024-12-26 21:03:43,759 - DEBUG - Feature properties: {'loc_id': 45, 'cat_id': '104001001CAC2B00', 'location': 'Manassas Regional Airport, Terminal Road, Lee Manor, Manassas, Virginia, 20110, USA', 'role': 'Medium Civil Transport/Utility', 'role_id': 2, 'is_plane': 1, 'num_engines': 2, 'propulsion': 'jet', 'canards': 'no', 'num_tail_fins': 1, 'wing_position': 'mid/low mounted', 'wing_type': 'straight', 'length': 15.546442593364025, 'wingspan': 15.882457417910585, 'area': 123.45676235417685, 'faa_wingspan_class': 2, 'Public_Train': 1, 'Public_Test': 0, 'partialDec': 0.5429879366891975, 'truncated': 1, 'new_area': 67.03553266102308}
2024-12-26 21:03:43,759 - DEBUG - GeoJSON Coords: [(-77.51481987345079, 38.72613240977536), (-77.51478757407365, 38.726224295934486), (-77.51473684272705, 38.72621238509659), (-77.51473684272705, 38.726105953907506), (-77.51481987345079, 38.72613240977536)]
2024-12-26 21:03:43,759 - DEBUG - GeoJSON Features: [15.546442593364025, 15.882457417910585, 123.45676235417685, 0, 1, 0, 2, 1, 2]
2024-12-26 21:03:43,759 - DEBUG - Parsed GeoTransform: [-77.51630522934789, 3.0632551188475683e-06, 0.0, 38.726981690485054, 0.0, -3.0632551188475683e-06]
2024-12-26 21:03:43,759 - DEBUG - Parsed GeoJSON coordinates: [(-77.51481987345079, 38.72613240977536), (-77.51478757407365, 38.726224295934486), (-77.51473684272705, 38.72621238509659), (-77.51473684272705, 38.726105953907506), (-77.51481987345079, 38.72613240977536)]
2024-12-26 21:03:43,760 - DEBUG - STREAM b'IHDR' 16 13
2024-12-26 21:03:43,760 - DEBUG - STREAM b'tRNS' 41 6
2024-12-26 21:03:43,760 - DEBUG - STREAM b'IDAT' 59 8192
2024-12-26 21:03:43,770 - DEBUG - Loaded image size: 512x512
2024-12-26 21:03:43,770 - DEBUG - Converting GeoJSON to pixel bounding boxes.
2024-12-26 21:03:43,770 - DEBUG - Input Coordinates: [(-77.51481987345079, 38.72613240977536), (-77.51478757407365, 38.726224295934486), (-77.51473684272705, 38.72621238509659), (-77.51473684272705, 38.726105953907506), (-77.51481987345079, 38.72613240977536)] ... (showing first 5 for brevity)
2024-12-26 21:03:43,770 - DEBUG - GeoTransform: [-77.51630522934789, 3.0632551188475683e-06, 0.0, 38.726981690485054, 0.0, -3.0632551188475683e-06]
2024-12-26 21:03:43,770 - DEBUG - Image Dimensions: width=512, height=512
2024-12-26 21:03:43,770 - DEBUG - Converting geo-coordinates to pixel coordinates:
2024-12-26 21:03:43,770 - DEBUG - Inputs - lon: -77.51481987345079, lat: 38.72613240977536, geo_transform: [-77.51630522934789, 3.0632551188475683e-06, 0.0, 38.726981690485054, 0.0, -3.0632551188475683e-06], image_width: 512, image_height: 512
2024-12-26 21:03:43,770 - DEBUG - Parsed GeoTransform - x_origin: -77.51630522934789, pixel_width: 3.0632551188475683e-06, y_origin: 38.726981690485054, pixel_height: -3.0632551188475683e-06
2024-12-26 21:03:43,770 - DEBUG - Computed pixel coordinates before clamping - x_pixel: 484, y_pixel: 277
2024-12-26 21:03:43,770 - DEBUG - Clamped pixel coordinates - x_pixel: 484, y_pixel: 277
2024-12-26 21:03:43,770 - DEBUG - Converting geo-coordinates to pixel coordinates:
2024-12-26 21:03:43,770 - DEBUG - Inputs - lon: -77.51478757407365, lat: 38.726224295934486, geo_transform: [-77.51630522934789, 3.0632551188475683e-06, 0.0, 38.726981690485054, 0.0, -3.0632551188475683e-06], image_width: 512, image_height: 512
2024-12-26 21:03:43,771 - DEBUG - Parsed GeoTransform - x_origin: -77.51630522934789, pixel_width: 3.0632551188475683e-06, y_origin: 38.726981690485054, pixel_height: -3.0632551188475683e-06
2024-12-26 21:03:43,771 - DEBUG - Computed pixel coordinates before clamping - x_pixel: 495, y_pixel: 247
2024-12-26 21:03:43,771 - DEBUG - Clamped pixel coordinates - x_pixel: 495, y_pixel: 247
2024-12-26 21:03:43,771 - DEBUG - Converting geo-coordinates to pixel coordinates:
2024-12-26 21:03:43,771 - DEBUG - Inputs - lon: -77.51473684272705, lat: 38.72621238509659, geo_transform: [-77.51630522934789, 3.0632551188475683e-06, 0.0, 38.726981690485054, 0.0, -3.0632551188475683e-06], image_width: 512, image_height: 512
2024-12-26 21:03:43,771 - DEBUG - Parsed GeoTransform - x_origin: -77.51630522934789, pixel_width: 3.0632551188475683e-06, y_origin: 38.726981690485054, pixel_height: -3.0632551188475683e-06
2024-12-26 21:03:43,771 - DEBUG - Computed pixel coordinates before clamping - x_pixel: 511, y_pixel: 251
2024-12-26 21:03:43,771 - DEBUG - Clamped pixel coordinates - x_pixel: 511, y_pixel: 251
2024-12-26 21:03:43,771 - DEBUG - Converting geo-coordinates to pixel coordinates:
2024-12-26 21:03:43,771 - DEBUG - Inputs - lon: -77.51473684272705, lat: 38.726105953907506, geo_transform: [-77.51630522934789, 3.0632551188475683e-06, 0.0, 38.726981690485054, 0.0, -3.0632551188475683e-06], image_width: 512, image_height: 512
2024-12-26 21:03:43,771 - DEBUG - Parsed GeoTransform - x_origin: -77.51630522934789, pixel_width: 3.0632551188475683e-06, y_origin: 38.726981690485054, pixel_height: -3.0632551188475683e-06
2024-12-26 21:03:43,771 - DEBUG - Computed pixel coordinates before clamping - x_pixel: 511, y_pixel: 285
2024-12-26 21:03:43,771 - DEBUG - Clamped pixel coordinates - x_pixel: 511, y_pixel: 285
2024-12-26 21:03:43,772 - DEBUG - Converting geo-coordinates to pixel coordinates:
2024-12-26 21:03:43,772 - DEBUG - Inputs - lon: -77.51481987345079, lat: 38.72613240977536, geo_transform: [-77.51630522934789, 3.0632551188475683e-06, 0.0, 38.726981690485054, 0.0, -3.0632551188475683e-06], image_width: 512, image_height: 512
2024-12-26 21:03:43,772 - DEBUG - Parsed GeoTransform - x_origin: -77.51630522934789, pixel_width: 3.0632551188475683e-06, y_origin: 38.726981690485054, pixel_height: -3.0632551188475683e-06
2024-12-26 21:03:43,772 - DEBUG - Computed pixel coordinates before clamping - x_pixel: 484, y_pixel: 277
2024-12-26 21:03:43,772 - DEBUG - Clamped pixel coordinates - x_pixel: 484, y_pixel: 277
2024-12-26 21:03:43,772 - DEBUG - Pixel Coordinates: [(484, 277), (495, 247), (511, 251), (511, 285), (484, 277)] ... (showing first 5 for brevity)
2024-12-26 21:03:43,772 - DEBUG - Pixel Bounding Box: x_min=484, x_max=511, y_min=247, y_max=285
2024-12-26 21:03:43,772 - DEBUG - Pixel bounding box: (484, 247, 511, 285)
2024-12-26 21:03:43,772 - DEBUG - Input is a list. Converting to tensor.
2024-12-26 21:03:43,772 - DEBUG - Input Bounding Boxes (Corner Format): tensor([[484., 247., 511., 285.]])
2024-12-26 21:03:43,773 - DEBUG - x_min: 484.0, y_min: 247.0, x_max: 511.0, y_max: 285.0
2024-12-26 21:03:43,773 - DEBUG - Converted Bounding Boxes (Center Format): tensor([[497.5000, 266.0000,  27.0000,  38.0000]])
2024-12-26 21:03:43,773 - DEBUG - Normalized bounding box (cx, cy, w, h): tensor([[497.5000, 266.0000,  27.0000,  38.0000]])
2024-12-26 21:03:43,774 - DEBUG - Processed image tensor shape: torch.Size([3, 512, 512])
2024-12-26 21:03:43,775 - DEBUG - Processed bounding box tensor: tensor([[497.5000, 266.0000,  27.0000,  38.0000]])
2024-12-26 21:03:43,775 - DEBUG - Processing index 2158:
2024-12-26 21:03:43,775 - DEBUG - Image path: ./data/raw/train/PS-RGB_tiled/39_104001001D4E6100_tile_782.png
2024-12-26 21:03:43,775 - DEBUG - Label path: ./data/raw/train/geojson_aircraft_tiled/39_104001001D4E6100_tile_782.geojson
2024-12-26 21:03:43,775 - DEBUG - Auxiliary path: ./data/raw/train/PS-RGB_tiled/39_104001001D4E6100_tile_782.png.aux.xml
2024-12-26 21:03:43,775 - DEBUG - Parsing GeoTransform from: ./data/raw/train/PS-RGB_tiled/39_104001001D4E6100_tile_782.png.aux.xml
2024-12-26 21:03:43,775 - DEBUG - GeoTransform parsed: [-97.42204374771543, 2.9350410282935135e-06, 0.0, 37.643759874683454, 0.0, -2.9350410282935135e-06]
2024-12-26 21:03:43,775 - DEBUG - Reading GeoJSON from: ./data/raw/train/geojson_aircraft_tiled/39_104001001D4E6100_tile_782.geojson
2024-12-26 21:03:43,776 - DEBUG - First feature coordinates: [[[-97.42104215326458, 37.64315782271673], [-97.42118274452672, 37.64323999477862], [-97.42106012840313, 37.64332730259437], [-97.42094264803339, 37.643267599455655], [-97.42104215326458, 37.64315782271673]]]
2024-12-26 21:03:43,776 - DEBUG - Feature properties: {'loc_id': 39, 'cat_id': '104001001D4E6100', 'location': 'Wichita Dwight D. Eisenhower National Airport, Eisenhower Airport Parkway, Wichita, Sedgwick County, Kansas, 67209, USA', 'role': 'Medium Civil Transport/Utility', 'role_id': 2, 'is_plane': 1, 'num_engines': 2, 'propulsion': 'jet', 'canards': 'no', 'num_tail_fins': 1, 'wing_position': 'mid/low mounted', 'wing_type': 'straight', 'length': 18.874266163150338, 'wingspan': 21.406918842365013, 'area': 201.6629777945842, 'faa_wingspan_class': 2, 'Public_Train': 1, 'Public_Test': 0, 'partialDec': 1.0, 'truncated': 0, 'new_area': 201.6629777945842}
2024-12-26 21:03:43,776 - DEBUG - GeoJSON Coords: [(-97.42104215326458, 37.64315782271673), (-97.42118274452672, 37.64323999477862), (-97.42106012840313, 37.64332730259437), (-97.42094264803339, 37.643267599455655), (-97.42104215326458, 37.64315782271673)]
2024-12-26 21:03:43,776 - DEBUG - GeoJSON Features: [18.874266163150338, 21.406918842365013, 201.6629777945842, 0, 1, 0, 2, 1, 2]
2024-12-26 21:03:43,776 - DEBUG - Parsed GeoTransform: [-97.42204374771543, 2.9350410282935135e-06, 0.0, 37.643759874683454, 0.0, -2.9350410282935135e-06]
2024-12-26 21:03:43,776 - DEBUG - Parsed GeoJSON coordinates: [(-97.42104215326458, 37.64315782271673), (-97.42118274452672, 37.64323999477862), (-97.42106012840313, 37.64332730259437), (-97.42094264803339, 37.643267599455655), (-97.42104215326458, 37.64315782271673)]
2024-12-26 21:03:43,777 - DEBUG - STREAM b'IHDR' 16 13
2024-12-26 21:03:43,777 - DEBUG - STREAM b'tRNS' 41 6
2024-12-26 21:03:43,777 - DEBUG - STREAM b'IDAT' 59 8192
2024-12-26 21:03:43,786 - DEBUG - Loaded image size: 512x512
2024-12-26 21:03:43,786 - DEBUG - Converting GeoJSON to pixel bounding boxes.
2024-12-26 21:03:43,786 - DEBUG - Input Coordinates: [(-97.42104215326458, 37.64315782271673), (-97.42118274452672, 37.64323999477862), (-97.42106012840313, 37.64332730259437), (-97.42094264803339, 37.643267599455655), (-97.42104215326458, 37.64315782271673)] ... (showing first 5 for brevity)
2024-12-26 21:03:43,786 - DEBUG - GeoTransform: [-97.42204374771543, 2.9350410282935135e-06, 0.0, 37.643759874683454, 0.0, -2.9350410282935135e-06]
2024-12-26 21:03:43,786 - DEBUG - Image Dimensions: width=512, height=512
2024-12-26 21:03:43,787 - DEBUG - Converting geo-coordinates to pixel coordinates:
2024-12-26 21:03:43,787 - DEBUG - Inputs - lon: -97.42104215326458, lat: 37.64315782271673, geo_transform: [-97.42204374771543, 2.9350410282935135e-06, 0.0, 37.643759874683454, 0.0, -2.9350410282935135e-06], image_width: 512, image_height: 512
2024-12-26 21:03:43,787 - DEBUG - Parsed GeoTransform - x_origin: -97.42204374771543, pixel_width: 2.9350410282935135e-06, y_origin: 37.643759874683454, pixel_height: -2.9350410282935135e-06
2024-12-26 21:03:43,787 - DEBUG - Computed pixel coordinates before clamping - x_pixel: 341, y_pixel: 205
2024-12-26 21:03:43,787 - DEBUG - Clamped pixel coordinates - x_pixel: 341, y_pixel: 205
2024-12-26 21:03:43,787 - DEBUG - Converting geo-coordinates to pixel coordinates:
2024-12-26 21:03:43,787 - DEBUG - Inputs - lon: -97.42118274452672, lat: 37.64323999477862, geo_transform: [-97.42204374771543, 2.9350410282935135e-06, 0.0, 37.643759874683454, 0.0, -2.9350410282935135e-06], image_width: 512, image_height: 512
2024-12-26 21:03:43,787 - DEBUG - Parsed GeoTransform - x_origin: -97.42204374771543, pixel_width: 2.9350410282935135e-06, y_origin: 37.643759874683454, pixel_height: -2.9350410282935135e-06
2024-12-26 21:03:43,787 - DEBUG - Computed pixel coordinates before clamping - x_pixel: 293, y_pixel: 177
2024-12-26 21:03:43,787 - DEBUG - Clamped pixel coordinates - x_pixel: 293, y_pixel: 177
2024-12-26 21:03:43,787 - DEBUG - Converting geo-coordinates to pixel coordinates:
2024-12-26 21:03:43,787 - DEBUG - Inputs - lon: -97.42106012840313, lat: 37.64332730259437, geo_transform: [-97.42204374771543, 2.9350410282935135e-06, 0.0, 37.643759874683454, 0.0, -2.9350410282935135e-06], image_width: 512, image_height: 512
2024-12-26 21:03:43,787 - DEBUG - Parsed GeoTransform - x_origin: -97.42204374771543, pixel_width: 2.9350410282935135e-06, y_origin: 37.643759874683454, pixel_height: -2.9350410282935135e-06
2024-12-26 21:03:43,787 - DEBUG - Computed pixel coordinates before clamping - x_pixel: 335, y_pixel: 147
2024-12-26 21:03:43,787 - DEBUG - Clamped pixel coordinates - x_pixel: 335, y_pixel: 147
2024-12-26 21:03:43,788 - DEBUG - Converting geo-coordinates to pixel coordinates:
2024-12-26 21:03:43,788 - DEBUG - Inputs - lon: -97.42094264803339, lat: 37.643267599455655, geo_transform: [-97.42204374771543, 2.9350410282935135e-06, 0.0, 37.643759874683454, 0.0, -2.9350410282935135e-06], image_width: 512, image_height: 512
2024-12-26 21:03:43,788 - DEBUG - Parsed GeoTransform - x_origin: -97.42204374771543, pixel_width: 2.9350410282935135e-06, y_origin: 37.643759874683454, pixel_height: -2.9350410282935135e-06
2024-12-26 21:03:43,788 - DEBUG - Computed pixel coordinates before clamping - x_pixel: 375, y_pixel: 167
2024-12-26 21:03:43,788 - DEBUG - Clamped pixel coordinates - x_pixel: 375, y_pixel: 167
2024-12-26 21:03:43,788 - DEBUG - Converting geo-coordinates to pixel coordinates:
2024-12-26 21:03:43,788 - DEBUG - Inputs - lon: -97.42104215326458, lat: 37.64315782271673, geo_transform: [-97.42204374771543, 2.9350410282935135e-06, 0.0, 37.643759874683454, 0.0, -2.9350410282935135e-06], image_width: 512, image_height: 512
2024-12-26 21:03:43,788 - DEBUG - Parsed GeoTransform - x_origin: -97.42204374771543, pixel_width: 2.9350410282935135e-06, y_origin: 37.643759874683454, pixel_height: -2.9350410282935135e-06
2024-12-26 21:03:43,788 - DEBUG - Computed pixel coordinates before clamping - x_pixel: 341, y_pixel: 205
2024-12-26 21:03:43,788 - DEBUG - Clamped pixel coordinates - x_pixel: 341, y_pixel: 205
2024-12-26 21:03:43,788 - DEBUG - Pixel Coordinates: [(341, 205), (293, 177), (335, 147), (375, 167), (341, 205)] ... (showing first 5 for brevity)
2024-12-26 21:03:43,788 - DEBUG - Pixel Bounding Box: x_min=293, x_max=375, y_min=147, y_max=205
2024-12-26 21:03:43,788 - DEBUG - Pixel bounding box: (293, 147, 375, 205)
2024-12-26 21:03:43,789 - DEBUG - Input is a list. Converting to tensor.
2024-12-26 21:03:43,789 - DEBUG - Input Bounding Boxes (Corner Format): tensor([[293., 147., 375., 205.]])
2024-12-26 21:03:43,789 - DEBUG - x_min: 293.0, y_min: 147.0, x_max: 375.0, y_max: 205.0
2024-12-26 21:03:43,789 - DEBUG - Converted Bounding Boxes (Center Format): tensor([[334., 176.,  82.,  58.]])
2024-12-26 21:03:43,789 - DEBUG - Normalized bounding box (cx, cy, w, h): tensor([[334., 176.,  82.,  58.]])
2024-12-26 21:03:43,791 - DEBUG - Processed image tensor shape: torch.Size([3, 512, 512])
2024-12-26 21:03:43,791 - DEBUG - Processed bounding box tensor: tensor([[334., 176.,  82.,  58.]])
2024-12-26 21:03:43,791 - DEBUG - Processing index 3932:
2024-12-26 21:03:43,791 - DEBUG - Image path: ./data/raw/train/PS-RGB_tiled/59_1040010047789700_tile_1714.png
2024-12-26 21:03:43,791 - DEBUG - Label path: ./data/raw/train/geojson_aircraft_tiled/59_1040010047789700_tile_1714.geojson
2024-12-26 21:03:43,791 - DEBUG - Auxiliary path: ./data/raw/train/PS-RGB_tiled/59_1040010047789700_tile_1714.png.aux.xml
2024-12-26 21:03:43,791 - DEBUG - Parsing GeoTransform from: ./data/raw/train/PS-RGB_tiled/59_1040010047789700_tile_1714.png.aux.xml
2024-12-26 21:03:43,792 - DEBUG - GeoTransform parsed: [-43.226826523557726, 3.0662495031249717e-06, 0.0, -22.801396360222764, 0.0, -3.0662495031249717e-06]
2024-12-26 21:03:43,792 - DEBUG - Reading GeoJSON from: ./data/raw/train/geojson_aircraft_tiled/59_1040010047789700_tile_1714.geojson
2024-12-26 21:03:43,792 - DEBUG - First feature coordinates: [[[-43.226467551100185, -22.80170755834933], [-43.226826523557726, -22.801630558214935], [-43.226826523557726, -22.801396360222764], [-43.226536442288506, -22.801396360222764], [-43.226467551100185, -22.80170755834933]]]
2024-12-26 21:03:43,792 - DEBUG - Feature properties: {'loc_id': 59, 'cat_id': '1040010047789700', 'location': '53, Rua A Bagaceira, Jardim Guanabara, Zona Norte do Rio de Janeiro, Rio de Janeiro, Microrregião Rio de Janeiro, Região Metropolitana do Rio de Janeiro, Rio de Janeiro, Southeast Region, 21940-120, Brazil', 'role': 'Large Civil Transport/Utility', 'role_id': 3, 'is_plane': 1, 'num_engines': 2, 'propulsion': 'jet', 'canards': 'no', 'num_tail_fins': 1, 'wing_position': 'mid/low mounted', 'wing_type': 'swept', 'length': 56.642100353997385, 'wingspan': 49.25661707472795, 'area': 1387.0588280158195, 'faa_wingspan_class': 4, 'Public_Train': 1, 'Public_Test': 0, 'partialDec': 0.7145776425954805, 'truncated': 1, 'new_area': 991.1612274647944}
2024-12-26 21:03:43,792 - DEBUG - GeoJSON Coords: [(-43.226467551100185, -22.80170755834933), (-43.226826523557726, -22.801630558214935), (-43.226826523557726, -22.801396360222764), (-43.226536442288506, -22.801396360222764), (-43.226467551100185, -22.80170755834933)]
2024-12-26 21:03:43,792 - DEBUG - GeoJSON Features: [56.642100353997385, 49.25661707472795, 1387.0588280158195, 1, 1, 0, 2, 1, 4]
2024-12-26 21:03:43,792 - DEBUG - Parsed GeoTransform: [-43.226826523557726, 3.0662495031249717e-06, 0.0, -22.801396360222764, 0.0, -3.0662495031249717e-06]
2024-12-26 21:03:43,792 - DEBUG - Parsed GeoJSON coordinates: [(-43.226467551100185, -22.80170755834933), (-43.226826523557726, -22.801630558214935), (-43.226826523557726, -22.801396360222764), (-43.226536442288506, -22.801396360222764), (-43.226467551100185, -22.80170755834933)]
2024-12-26 21:03:43,793 - DEBUG - STREAM b'IHDR' 16 13
2024-12-26 21:03:43,793 - DEBUG - STREAM b'tRNS' 41 6
2024-12-26 21:03:43,793 - DEBUG - STREAM b'IDAT' 59 8192
2024-12-26 21:03:43,803 - DEBUG - Loaded image size: 512x512
2024-12-26 21:03:43,803 - DEBUG - Converting GeoJSON to pixel bounding boxes.
2024-12-26 21:03:43,804 - DEBUG - Input Coordinates: [(-43.226467551100185, -22.80170755834933), (-43.226826523557726, -22.801630558214935), (-43.226826523557726, -22.801396360222764), (-43.226536442288506, -22.801396360222764), (-43.226467551100185, -22.80170755834933)] ... (showing first 5 for brevity)
2024-12-26 21:03:43,804 - DEBUG - GeoTransform: [-43.226826523557726, 3.0662495031249717e-06, 0.0, -22.801396360222764, 0.0, -3.0662495031249717e-06]
2024-12-26 21:03:43,804 - DEBUG - Image Dimensions: width=512, height=512
2024-12-26 21:03:43,804 - DEBUG - Converting geo-coordinates to pixel coordinates:
2024-12-26 21:03:43,804 - DEBUG - Inputs - lon: -43.226467551100185, lat: -22.80170755834933, geo_transform: [-43.226826523557726, 3.0662495031249717e-06, 0.0, -22.801396360222764, 0.0, -3.0662495031249717e-06], image_width: 512, image_height: 512
2024-12-26 21:03:43,804 - DEBUG - Parsed GeoTransform - x_origin: -43.226826523557726, pixel_width: 3.0662495031249717e-06, y_origin: -22.801396360222764, pixel_height: -3.0662495031249717e-06
2024-12-26 21:03:43,804 - DEBUG - Computed pixel coordinates before clamping - x_pixel: 117, y_pixel: 101
2024-12-26 21:03:43,804 - DEBUG - Clamped pixel coordinates - x_pixel: 117, y_pixel: 101
2024-12-26 21:03:43,804 - DEBUG - Converting geo-coordinates to pixel coordinates:
2024-12-26 21:03:43,804 - DEBUG - Inputs - lon: -43.226826523557726, lat: -22.801630558214935, geo_transform: [-43.226826523557726, 3.0662495031249717e-06, 0.0, -22.801396360222764, 0.0, -3.0662495031249717e-06], image_width: 512, image_height: 512
2024-12-26 21:03:43,804 - DEBUG - Parsed GeoTransform - x_origin: -43.226826523557726, pixel_width: 3.0662495031249717e-06, y_origin: -22.801396360222764, pixel_height: -3.0662495031249717e-06
2024-12-26 21:03:43,804 - DEBUG - Computed pixel coordinates before clamping - x_pixel: 0, y_pixel: 76
2024-12-26 21:03:43,804 - DEBUG - Clamped pixel coordinates - x_pixel: 0, y_pixel: 76
2024-12-26 21:03:43,804 - DEBUG - Converting geo-coordinates to pixel coordinates:
2024-12-26 21:03:43,805 - DEBUG - Inputs - lon: -43.226826523557726, lat: -22.801396360222764, geo_transform: [-43.226826523557726, 3.0662495031249717e-06, 0.0, -22.801396360222764, 0.0, -3.0662495031249717e-06], image_width: 512, image_height: 512
2024-12-26 21:03:43,805 - DEBUG - Parsed GeoTransform - x_origin: -43.226826523557726, pixel_width: 3.0662495031249717e-06, y_origin: -22.801396360222764, pixel_height: -3.0662495031249717e-06
2024-12-26 21:03:43,805 - DEBUG - Computed pixel coordinates before clamping - x_pixel: 0, y_pixel: 0
2024-12-26 21:03:43,805 - DEBUG - Clamped pixel coordinates - x_pixel: 0, y_pixel: 0
2024-12-26 21:03:43,805 - DEBUG - Converting geo-coordinates to pixel coordinates:
2024-12-26 21:03:43,805 - DEBUG - Inputs - lon: -43.226536442288506, lat: -22.801396360222764, geo_transform: [-43.226826523557726, 3.0662495031249717e-06, 0.0, -22.801396360222764, 0.0, -3.0662495031249717e-06], image_width: 512, image_height: 512
2024-12-26 21:03:43,805 - DEBUG - Parsed GeoTransform - x_origin: -43.226826523557726, pixel_width: 3.0662495031249717e-06, y_origin: -22.801396360222764, pixel_height: -3.0662495031249717e-06
2024-12-26 21:03:43,805 - DEBUG - Computed pixel coordinates before clamping - x_pixel: 94, y_pixel: 0
2024-12-26 21:03:43,805 - DEBUG - Clamped pixel coordinates - x_pixel: 94, y_pixel: 0
2024-12-26 21:03:43,805 - DEBUG - Converting geo-coordinates to pixel coordinates:
2024-12-26 21:03:43,805 - DEBUG - Inputs - lon: -43.226467551100185, lat: -22.80170755834933, geo_transform: [-43.226826523557726, 3.0662495031249717e-06, 0.0, -22.801396360222764, 0.0, -3.0662495031249717e-06], image_width: 512, image_height: 512
2024-12-26 21:03:43,805 - DEBUG - Parsed GeoTransform - x_origin: -43.226826523557726, pixel_width: 3.0662495031249717e-06, y_origin: -22.801396360222764, pixel_height: -3.0662495031249717e-06
2024-12-26 21:03:43,805 - DEBUG - Computed pixel coordinates before clamping - x_pixel: 117, y_pixel: 101
2024-12-26 21:03:43,805 - DEBUG - Clamped pixel coordinates - x_pixel: 117, y_pixel: 101
2024-12-26 21:03:43,805 - DEBUG - Pixel Coordinates: [(117, 101), (0, 76), (0, 0), (94, 0), (117, 101)] ... (showing first 5 for brevity)
2024-12-26 21:03:43,806 - DEBUG - Pixel Bounding Box: x_min=0, x_max=117, y_min=0, y_max=101
2024-12-26 21:03:43,806 - DEBUG - Pixel bounding box: (0, 0, 117, 101)
2024-12-26 21:03:43,806 - DEBUG - Input is a list. Converting to tensor.
2024-12-26 21:03:43,806 - DEBUG - Input Bounding Boxes (Corner Format): tensor([[  0.,   0., 117., 101.]])
2024-12-26 21:03:43,806 - DEBUG - x_min: 0.0, y_min: 0.0, x_max: 117.0, y_max: 101.0
2024-12-26 21:03:43,806 - DEBUG - Converted Bounding Boxes (Center Format): tensor([[ 58.5000,  50.5000, 117.0000, 101.0000]])
2024-12-26 21:03:43,807 - DEBUG - Normalized bounding box (cx, cy, w, h): tensor([[ 58.5000,  50.5000, 117.0000, 101.0000]])
2024-12-26 21:03:43,808 - DEBUG - Processed image tensor shape: torch.Size([3, 512, 512])
2024-12-26 21:03:43,808 - DEBUG - Processed bounding box tensor: tensor([[ 58.5000,  50.5000, 117.0000, 101.0000]])
2024-12-26 21:03:43,808 - DEBUG - Processing index 721:
2024-12-26 21:03:43,809 - DEBUG - Image path: ./data/raw/train/PS-RGB_tiled/118_104001003370CB00_tile_380.png
2024-12-26 21:03:43,809 - DEBUG - Label path: ./data/raw/train/geojson_aircraft_tiled/118_104001003370CB00_tile_380.geojson
2024-12-26 21:03:43,809 - DEBUG - Auxiliary path: ./data/raw/train/PS-RGB_tiled/118_104001003370CB00_tile_380.png.aux.xml
2024-12-26 21:03:43,809 - DEBUG - Parsing GeoTransform from: ./data/raw/train/PS-RGB_tiled/118_104001003370CB00_tile_380.png.aux.xml
2024-12-26 21:03:43,809 - DEBUG - GeoTransform parsed: [-87.90882965748145, 3.233935022830277e-06, 0.0, 42.9571500458323, 0.0, -3.233935022830277e-06]
2024-12-26 21:03:43,809 - DEBUG - Reading GeoJSON from: ./data/raw/train/geojson_aircraft_tiled/118_104001003370CB00_tile_380.geojson
2024-12-26 21:03:43,810 - DEBUG - First feature coordinates: [[[-87.90787154757341, 42.955533930534756], [-87.90797430156186, 42.95549427110061], [-87.90837620048451, 42.95549427110061], [-87.90842541158995, 42.95552414927177], [-87.9082041105149, 42.955690430742514], [-87.90787154757341, 42.955533930534756]]]
2024-12-26 21:03:43,810 - DEBUG - Feature properties: {'loc_id': 118, 'cat_id': '104001003370CB00', 'location': 'Trituration Building, Bus Parking Only, Milwaukee, Milwaukee County, Wisconsin, 53207-6127, USA', 'role': 'Medium Civil Transport/Utility', 'role_id': 2, 'is_plane': 1, 'num_engines': 2, 'propulsion': 'jet', 'canards': 'no', 'num_tail_fins': 1, 'wing_position': 'mid/low mounted', 'wing_type': 'swept', 'length': 45.19319402552678, 'wingspan': 32.34216015153649, 'area': 729.3200631799992, 'faa_wingspan_class': 3, 'Public_Train': 1, 'Public_Test': 0, 'partialDec': 0.76329354780079, 'truncated': 1, 'new_area': 556.6852985069579}
2024-12-26 21:03:43,810 - DEBUG - GeoJSON Coords: [(-87.90787154757341, 42.955533930534756), (-87.90797430156186, 42.95549427110061), (-87.90837620048451, 42.95549427110061), (-87.90842541158995, 42.95552414927177), (-87.9082041105149, 42.955690430742514), (-87.90787154757341, 42.955533930534756)]
2024-12-26 21:03:43,810 - DEBUG - GeoJSON Features: [45.19319402552678, 32.34216015153649, 729.3200631799992, 1, 1, 0, 2, 1, 3]
2024-12-26 21:03:43,810 - DEBUG - Parsed GeoTransform: [-87.90882965748145, 3.233935022830277e-06, 0.0, 42.9571500458323, 0.0, -3.233935022830277e-06]
2024-12-26 21:03:43,810 - DEBUG - Parsed GeoJSON coordinates: [(-87.90787154757341, 42.955533930534756), (-87.90797430156186, 42.95549427110061), (-87.90837620048451, 42.95549427110061), (-87.90842541158995, 42.95552414927177), (-87.9082041105149, 42.955690430742514), (-87.90787154757341, 42.955533930534756)]
2024-12-26 21:03:43,810 - DEBUG - STREAM b'IHDR' 16 13
2024-12-26 21:03:43,810 - DEBUG - STREAM b'tRNS' 41 6
2024-12-26 21:03:43,811 - DEBUG - STREAM b'IDAT' 59 8192
2024-12-26 21:03:43,820 - DEBUG - Loaded image size: 512x512
2024-12-26 21:03:43,821 - DEBUG - Converting GeoJSON to pixel bounding boxes.
2024-12-26 21:03:43,821 - DEBUG - Input Coordinates: [(-87.90787154757341, 42.955533930534756), (-87.90797430156186, 42.95549427110061), (-87.90837620048451, 42.95549427110061), (-87.90842541158995, 42.95552414927177), (-87.9082041105149, 42.955690430742514)] ... (showing first 5 for brevity)
2024-12-26 21:03:43,821 - DEBUG - GeoTransform: [-87.90882965748145, 3.233935022830277e-06, 0.0, 42.9571500458323, 0.0, -3.233935022830277e-06]
2024-12-26 21:03:43,821 - DEBUG - Image Dimensions: width=512, height=512
2024-12-26 21:03:43,821 - DEBUG - Converting geo-coordinates to pixel coordinates:
2024-12-26 21:03:43,821 - DEBUG - Inputs - lon: -87.90787154757341, lat: 42.955533930534756, geo_transform: [-87.90882965748145, 3.233935022830277e-06, 0.0, 42.9571500458323, 0.0, -3.233935022830277e-06], image_width: 512, image_height: 512
2024-12-26 21:03:43,821 - DEBUG - Parsed GeoTransform - x_origin: -87.90882965748145, pixel_width: 3.233935022830277e-06, y_origin: 42.9571500458323, pixel_height: -3.233935022830277e-06
2024-12-26 21:03:43,821 - DEBUG - Computed pixel coordinates before clamping - x_pixel: 296, y_pixel: 499
2024-12-26 21:03:43,821 - DEBUG - Clamped pixel coordinates - x_pixel: 296, y_pixel: 499
2024-12-26 21:03:43,821 - DEBUG - Converting geo-coordinates to pixel coordinates:
2024-12-26 21:03:43,821 - DEBUG - Inputs - lon: -87.90797430156186, lat: 42.95549427110061, geo_transform: [-87.90882965748145, 3.233935022830277e-06, 0.0, 42.9571500458323, 0.0, -3.233935022830277e-06], image_width: 512, image_height: 512
2024-12-26 21:03:43,821 - DEBUG - Parsed GeoTransform - x_origin: -87.90882965748145, pixel_width: 3.233935022830277e-06, y_origin: 42.9571500458323, pixel_height: -3.233935022830277e-06
2024-12-26 21:03:43,822 - DEBUG - Computed pixel coordinates before clamping - x_pixel: 264, y_pixel: 511
2024-12-26 21:03:43,822 - DEBUG - Clamped pixel coordinates - x_pixel: 264, y_pixel: 511
2024-12-26 21:03:43,822 - DEBUG - Converting geo-coordinates to pixel coordinates:
2024-12-26 21:03:43,822 - DEBUG - Inputs - lon: -87.90837620048451, lat: 42.95549427110061, geo_transform: [-87.90882965748145, 3.233935022830277e-06, 0.0, 42.9571500458323, 0.0, -3.233935022830277e-06], image_width: 512, image_height: 512
2024-12-26 21:03:43,822 - DEBUG - Parsed GeoTransform - x_origin: -87.90882965748145, pixel_width: 3.233935022830277e-06, y_origin: 42.9571500458323, pixel_height: -3.233935022830277e-06
2024-12-26 21:03:43,822 - DEBUG - Computed pixel coordinates before clamping - x_pixel: 140, y_pixel: 511
2024-12-26 21:03:43,822 - DEBUG - Clamped pixel coordinates - x_pixel: 140, y_pixel: 511
2024-12-26 21:03:43,822 - DEBUG - Converting geo-coordinates to pixel coordinates:
2024-12-26 21:03:43,822 - DEBUG - Inputs - lon: -87.90842541158995, lat: 42.95552414927177, geo_transform: [-87.90882965748145, 3.233935022830277e-06, 0.0, 42.9571500458323, 0.0, -3.233935022830277e-06], image_width: 512, image_height: 512
2024-12-26 21:03:43,822 - DEBUG - Parsed GeoTransform - x_origin: -87.90882965748145, pixel_width: 3.233935022830277e-06, y_origin: 42.9571500458323, pixel_height: -3.233935022830277e-06
2024-12-26 21:03:43,822 - DEBUG - Computed pixel coordinates before clamping - x_pixel: 125, y_pixel: 502
2024-12-26 21:03:43,822 - DEBUG - Clamped pixel coordinates - x_pixel: 125, y_pixel: 502
2024-12-26 21:03:43,822 - DEBUG - Converting geo-coordinates to pixel coordinates:
2024-12-26 21:03:43,822 - DEBUG - Inputs - lon: -87.9082041105149, lat: 42.955690430742514, geo_transform: [-87.90882965748145, 3.233935022830277e-06, 0.0, 42.9571500458323, 0.0, -3.233935022830277e-06], image_width: 512, image_height: 512
2024-12-26 21:03:43,823 - DEBUG - Parsed GeoTransform - x_origin: -87.90882965748145, pixel_width: 3.233935022830277e-06, y_origin: 42.9571500458323, pixel_height: -3.233935022830277e-06
2024-12-26 21:03:43,823 - DEBUG - Computed pixel coordinates before clamping - x_pixel: 193, y_pixel: 451
2024-12-26 21:03:43,823 - DEBUG - Clamped pixel coordinates - x_pixel: 193, y_pixel: 451
2024-12-26 21:03:43,823 - DEBUG - Converting geo-coordinates to pixel coordinates:
2024-12-26 21:03:43,823 - DEBUG - Inputs - lon: -87.90787154757341, lat: 42.955533930534756, geo_transform: [-87.90882965748145, 3.233935022830277e-06, 0.0, 42.9571500458323, 0.0, -3.233935022830277e-06], image_width: 512, image_height: 512
2024-12-26 21:03:43,823 - DEBUG - Parsed GeoTransform - x_origin: -87.90882965748145, pixel_width: 3.233935022830277e-06, y_origin: 42.9571500458323, pixel_height: -3.233935022830277e-06
2024-12-26 21:03:43,823 - DEBUG - Computed pixel coordinates before clamping - x_pixel: 296, y_pixel: 499
2024-12-26 21:03:43,823 - DEBUG - Clamped pixel coordinates - x_pixel: 296, y_pixel: 499
2024-12-26 21:03:43,823 - DEBUG - Pixel Coordinates: [(296, 499), (264, 511), (140, 511), (125, 502), (193, 451)] ... (showing first 5 for brevity)
2024-12-26 21:03:43,823 - DEBUG - Pixel Bounding Box: x_min=125, x_max=296, y_min=451, y_max=511
2024-12-26 21:03:43,823 - DEBUG - Pixel bounding box: (125, 451, 296, 511)
2024-12-26 21:03:43,823 - DEBUG - Input is a list. Converting to tensor.
2024-12-26 21:03:43,824 - DEBUG - Input Bounding Boxes (Corner Format): tensor([[125., 451., 296., 511.]])
2024-12-26 21:03:43,824 - DEBUG - x_min: 125.0, y_min: 451.0, x_max: 296.0, y_max: 511.0
2024-12-26 21:03:43,824 - DEBUG - Converted Bounding Boxes (Center Format): tensor([[210.5000, 481.0000, 171.0000,  60.0000]])
2024-12-26 21:03:43,824 - DEBUG - Normalized bounding box (cx, cy, w, h): tensor([[210.5000, 481.0000, 171.0000,  60.0000]])
2024-12-26 21:03:43,825 - DEBUG - Processed image tensor shape: torch.Size([3, 512, 512])
2024-12-26 21:03:43,826 - DEBUG - Processed bounding box tensor: tensor([[210.5000, 481.0000, 171.0000,  60.0000]])
2024-12-26 21:03:43,826 - DEBUG - Processing index 1739:
2024-12-26 21:03:43,826 - DEBUG - Image path: ./data/raw/train/PS-RGB_tiled/23_104001001E51BE00_tile_1967.png
2024-12-26 21:03:43,826 - DEBUG - Label path: ./data/raw/train/geojson_aircraft_tiled/23_104001001E51BE00_tile_1967.geojson
2024-12-26 21:03:43,826 - DEBUG - Auxiliary path: ./data/raw/train/PS-RGB_tiled/23_104001001E51BE00_tile_1967.png.aux.xml
2024-12-26 21:03:43,826 - DEBUG - Parsing GeoTransform from: ./data/raw/train/PS-RGB_tiled/23_104001001E51BE00_tile_1967.png.aux.xml
2024-12-26 21:03:43,827 - DEBUG - GeoTransform parsed: [12.255241866775068, 2.8656257563412734e-06, 0.0, 41.79685438885682, 0.0, -2.8656257563412734e-06]
2024-12-26 21:03:43,827 - DEBUG - Reading GeoJSON from: ./data/raw/train/geojson_aircraft_tiled/23_104001001E51BE00_tile_1967.geojson
2024-12-26 21:03:43,827 - DEBUG - First feature coordinates: [[[12.255474477368669, 41.79619989488067], [12.255775912886012, 41.79625495159617], [12.255890155570668, 41.79604848891306], [12.255609366321634, 41.79597140951136], [12.255474477368669, 41.79619989488067]]]
2024-12-26 21:03:43,827 - DEBUG - Feature properties: {'loc_id': 23, 'cat_id': '104001001E51BE00', 'location': 'Viale di Porto, Focene, Fiumicino, RM, Lazio, 00054, Italy', 'role': 'Medium Civil Transport/Utility', 'role_id': 2, 'is_plane': 1, 'num_engines': 2, 'propulsion': 'jet', 'canards': 'no', 'num_tail_fins': 1, 'wing_position': 'mid/low mounted', 'wing_type': 'swept', 'length': 38.43352675408452, 'wingspan': 34.40900778450184, 'area': 660.7304661549429, 'faa_wingspan_class': 3, 'Public_Train': 1, 'Public_Test': 0, 'partialDec': 1.0, 'truncated': 0, 'new_area': 660.7304661549429}
2024-12-26 21:03:43,827 - DEBUG - GeoJSON Coords: [(12.255474477368669, 41.79619989488067), (12.255775912886012, 41.79625495159617), (12.255890155570668, 41.79604848891306), (12.255609366321634, 41.79597140951136), (12.255474477368669, 41.79619989488067)]
2024-12-26 21:03:43,827 - DEBUG - GeoJSON Features: [38.43352675408452, 34.40900778450184, 660.7304661549429, 1, 1, 0, 2, 1, 3]
2024-12-26 21:03:43,827 - DEBUG - Parsed GeoTransform: [12.255241866775068, 2.8656257563412734e-06, 0.0, 41.79685438885682, 0.0, -2.8656257563412734e-06]
2024-12-26 21:03:43,828 - DEBUG - Parsed GeoJSON coordinates: [(12.255474477368669, 41.79619989488067), (12.255775912886012, 41.79625495159617), (12.255890155570668, 41.79604848891306), (12.255609366321634, 41.79597140951136), (12.255474477368669, 41.79619989488067)]
2024-12-26 21:03:43,828 - DEBUG - STREAM b'IHDR' 16 13
2024-12-26 21:03:43,828 - DEBUG - STREAM b'tRNS' 41 6
2024-12-26 21:03:43,828 - DEBUG - STREAM b'IDAT' 59 8192
2024-12-26 21:03:43,838 - DEBUG - Loaded image size: 512x512
2024-12-26 21:03:43,838 - DEBUG - Converting GeoJSON to pixel bounding boxes.
2024-12-26 21:03:43,838 - DEBUG - Input Coordinates: [(12.255474477368669, 41.79619989488067), (12.255775912886012, 41.79625495159617), (12.255890155570668, 41.79604848891306), (12.255609366321634, 41.79597140951136), (12.255474477368669, 41.79619989488067)] ... (showing first 5 for brevity)
2024-12-26 21:03:43,839 - DEBUG - GeoTransform: [12.255241866775068, 2.8656257563412734e-06, 0.0, 41.79685438885682, 0.0, -2.8656257563412734e-06]
2024-12-26 21:03:43,839 - DEBUG - Image Dimensions: width=512, height=512
2024-12-26 21:03:43,839 - DEBUG - Converting geo-coordinates to pixel coordinates:
2024-12-26 21:03:43,839 - DEBUG - Inputs - lon: 12.255474477368669, lat: 41.79619989488067, geo_transform: [12.255241866775068, 2.8656257563412734e-06, 0.0, 41.79685438885682, 0.0, -2.8656257563412734e-06], image_width: 512, image_height: 512
2024-12-26 21:03:43,839 - DEBUG - Parsed GeoTransform - x_origin: 12.255241866775068, pixel_width: 2.8656257563412734e-06, y_origin: 41.79685438885682, pixel_height: -2.8656257563412734e-06
2024-12-26 21:03:43,839 - DEBUG - Computed pixel coordinates before clamping - x_pixel: 81, y_pixel: 228
2024-12-26 21:03:43,839 - DEBUG - Clamped pixel coordinates - x_pixel: 81, y_pixel: 228
2024-12-26 21:03:43,839 - DEBUG - Converting geo-coordinates to pixel coordinates:
2024-12-26 21:03:43,839 - DEBUG - Inputs - lon: 12.255775912886012, lat: 41.79625495159617, geo_transform: [12.255241866775068, 2.8656257563412734e-06, 0.0, 41.79685438885682, 0.0, -2.8656257563412734e-06], image_width: 512, image_height: 512
2024-12-26 21:03:43,839 - DEBUG - Parsed GeoTransform - x_origin: 12.255241866775068, pixel_width: 2.8656257563412734e-06, y_origin: 41.79685438885682, pixel_height: -2.8656257563412734e-06
2024-12-26 21:03:43,839 - DEBUG - Computed pixel coordinates before clamping - x_pixel: 186, y_pixel: 209
2024-12-26 21:03:43,839 - DEBUG - Clamped pixel coordinates - x_pixel: 186, y_pixel: 209
2024-12-26 21:03:43,839 - DEBUG - Converting geo-coordinates to pixel coordinates:
2024-12-26 21:03:43,840 - DEBUG - Inputs - lon: 12.255890155570668, lat: 41.79604848891306, geo_transform: [12.255241866775068, 2.8656257563412734e-06, 0.0, 41.79685438885682, 0.0, -2.8656257563412734e-06], image_width: 512, image_height: 512
2024-12-26 21:03:43,840 - DEBUG - Parsed GeoTransform - x_origin: 12.255241866775068, pixel_width: 2.8656257563412734e-06, y_origin: 41.79685438885682, pixel_height: -2.8656257563412734e-06
2024-12-26 21:03:43,840 - DEBUG - Computed pixel coordinates before clamping - x_pixel: 226, y_pixel: 281
2024-12-26 21:03:43,840 - DEBUG - Clamped pixel coordinates - x_pixel: 226, y_pixel: 281
2024-12-26 21:03:43,840 - DEBUG - Converting geo-coordinates to pixel coordinates:
2024-12-26 21:03:43,840 - DEBUG - Inputs - lon: 12.255609366321634, lat: 41.79597140951136, geo_transform: [12.255241866775068, 2.8656257563412734e-06, 0.0, 41.79685438885682, 0.0, -2.8656257563412734e-06], image_width: 512, image_height: 512
2024-12-26 21:03:43,840 - DEBUG - Parsed GeoTransform - x_origin: 12.255241866775068, pixel_width: 2.8656257563412734e-06, y_origin: 41.79685438885682, pixel_height: -2.8656257563412734e-06
2024-12-26 21:03:43,840 - DEBUG - Computed pixel coordinates before clamping - x_pixel: 128, y_pixel: 308
2024-12-26 21:03:43,840 - DEBUG - Clamped pixel coordinates - x_pixel: 128, y_pixel: 308
2024-12-26 21:03:43,840 - DEBUG - Converting geo-coordinates to pixel coordinates:
2024-12-26 21:03:43,840 - DEBUG - Inputs - lon: 12.255474477368669, lat: 41.79619989488067, geo_transform: [12.255241866775068, 2.8656257563412734e-06, 0.0, 41.79685438885682, 0.0, -2.8656257563412734e-06], image_width: 512, image_height: 512
2024-12-26 21:03:43,840 - DEBUG - Parsed GeoTransform - x_origin: 12.255241866775068, pixel_width: 2.8656257563412734e-06, y_origin: 41.79685438885682, pixel_height: -2.8656257563412734e-06
2024-12-26 21:03:43,840 - DEBUG - Computed pixel coordinates before clamping - x_pixel: 81, y_pixel: 228
2024-12-26 21:03:43,840 - DEBUG - Clamped pixel coordinates - x_pixel: 81, y_pixel: 228
2024-12-26 21:03:43,840 - DEBUG - Pixel Coordinates: [(81, 228), (186, 209), (226, 281), (128, 308), (81, 228)] ... (showing first 5 for brevity)
2024-12-26 21:03:43,841 - DEBUG - Pixel Bounding Box: x_min=81, x_max=226, y_min=209, y_max=308
2024-12-26 21:03:43,841 - DEBUG - Pixel bounding box: (81, 209, 226, 308)
2024-12-26 21:03:43,841 - DEBUG - Input is a list. Converting to tensor.
2024-12-26 21:03:43,841 - DEBUG - Input Bounding Boxes (Corner Format): tensor([[ 81., 209., 226., 308.]])
2024-12-26 21:03:43,841 - DEBUG - x_min: 81.0, y_min: 209.0, x_max: 226.0, y_max: 308.0
2024-12-26 21:03:43,841 - DEBUG - Converted Bounding Boxes (Center Format): tensor([[153.5000, 258.5000, 145.0000,  99.0000]])
2024-12-26 21:03:43,842 - DEBUG - Normalized bounding box (cx, cy, w, h): tensor([[153.5000, 258.5000, 145.0000,  99.0000]])
2024-12-26 21:03:43,843 - DEBUG - Processed image tensor shape: torch.Size([3, 512, 512])
2024-12-26 21:03:43,843 - DEBUG - Processed bounding box tensor: tensor([[153.5000, 258.5000, 145.0000,  99.0000]])
2024-12-26 21:03:43,843 - DEBUG - Processing index 1852:
2024-12-26 21:03:43,843 - DEBUG - Image path: ./data/raw/train/PS-RGB_tiled/23_104001002E8B7900_tile_2576.png
2024-12-26 21:03:43,843 - DEBUG - Label path: ./data/raw/train/geojson_aircraft_tiled/23_104001002E8B7900_tile_2576.geojson
2024-12-26 21:03:43,843 - DEBUG - Auxiliary path: ./data/raw/train/PS-RGB_tiled/23_104001002E8B7900_tile_2576.png.aux.xml
2024-12-26 21:03:43,844 - DEBUG - Parsing GeoTransform from: ./data/raw/train/PS-RGB_tiled/23_104001002E8B7900_tile_2576.png.aux.xml
2024-12-26 21:03:43,844 - DEBUG - GeoTransform parsed: [12.269706501377991, 2.9594497971230977e-06, 0.0, 41.81082413436957, 0.0, -2.9594497971230977e-06]
2024-12-26 21:03:43,844 - DEBUG - Reading GeoJSON from: ./data/raw/train/geojson_aircraft_tiled/23_104001002E8B7900_tile_2576.geojson
2024-12-26 21:03:43,844 - DEBUG - First feature coordinates: [[[12.270565638698884, 41.80972905504311], [12.27086635075223, 41.8096144980704], [12.270764067740888, 41.80943243431021], [12.270497109081283, 41.809492781286906], [12.270565638698884, 41.80972905504311]]]
2024-12-26 21:03:43,844 - DEBUG - Feature properties: {'loc_id': 23, 'cat_id': '104001002E8B7900', 'location': 'Viale di Porto, Focene, Fiumicino, RM, Lazio, 00054, Italy', 'role': 'Medium Civil Transport/Utility', 'role_id': 2, 'is_plane': 1, 'num_engines': 2, 'propulsion': 'jet', 'canards': 'no', 'num_tail_fins': 1, 'wing_position': 'mid/low mounted', 'wing_type': 'swept', 'length': 36.85002869321981, 'wingspan': 33.53705108342305, 'area': 617.1781586949595, 'faa_wingspan_class': 3, 'Public_Train': 1, 'Public_Test': 0, 'partialDec': 1.0, 'truncated': 0, 'new_area': 617.1781586949595}
2024-12-26 21:03:43,845 - DEBUG - GeoJSON Coords: [(12.270565638698884, 41.80972905504311), (12.27086635075223, 41.8096144980704), (12.270764067740888, 41.80943243431021), (12.270497109081283, 41.809492781286906), (12.270565638698884, 41.80972905504311)]
2024-12-26 21:03:43,845 - DEBUG - GeoJSON Features: [36.85002869321981, 33.53705108342305, 617.1781586949595, 1, 1, 0, 2, 1, 3]
2024-12-26 21:03:43,845 - DEBUG - Parsed GeoTransform: [12.269706501377991, 2.9594497971230977e-06, 0.0, 41.81082413436957, 0.0, -2.9594497971230977e-06]
2024-12-26 21:03:43,845 - DEBUG - Parsed GeoJSON coordinates: [(12.270565638698884, 41.80972905504311), (12.27086635075223, 41.8096144980704), (12.270764067740888, 41.80943243431021), (12.270497109081283, 41.809492781286906), (12.270565638698884, 41.80972905504311)]
2024-12-26 21:03:43,845 - DEBUG - STREAM b'IHDR' 16 13
2024-12-26 21:03:43,845 - DEBUG - STREAM b'tRNS' 41 6
2024-12-26 21:03:43,845 - DEBUG - STREAM b'IDAT' 59 8192
2024-12-26 21:03:43,855 - DEBUG - Loaded image size: 512x512
2024-12-26 21:03:43,855 - DEBUG - Converting GeoJSON to pixel bounding boxes.
2024-12-26 21:03:43,855 - DEBUG - Input Coordinates: [(12.270565638698884, 41.80972905504311), (12.27086635075223, 41.8096144980704), (12.270764067740888, 41.80943243431021), (12.270497109081283, 41.809492781286906), (12.270565638698884, 41.80972905504311)] ... (showing first 5 for brevity)
2024-12-26 21:03:43,855 - DEBUG - GeoTransform: [12.269706501377991, 2.9594497971230977e-06, 0.0, 41.81082413436957, 0.0, -2.9594497971230977e-06]
2024-12-26 21:03:43,855 - DEBUG - Image Dimensions: width=512, height=512
2024-12-26 21:03:43,855 - DEBUG - Converting geo-coordinates to pixel coordinates:
2024-12-26 21:03:43,855 - DEBUG - Inputs - lon: 12.270565638698884, lat: 41.80972905504311, geo_transform: [12.269706501377991, 2.9594497971230977e-06, 0.0, 41.81082413436957, 0.0, -2.9594497971230977e-06], image_width: 512, image_height: 512
2024-12-26 21:03:43,855 - DEBUG - Parsed GeoTransform - x_origin: 12.269706501377991, pixel_width: 2.9594497971230977e-06, y_origin: 41.81082413436957, pixel_height: -2.9594497971230977e-06
2024-12-26 21:03:43,855 - DEBUG - Computed pixel coordinates before clamping - x_pixel: 290, y_pixel: 370
2024-12-26 21:03:43,855 - DEBUG - Clamped pixel coordinates - x_pixel: 290, y_pixel: 370
2024-12-26 21:03:43,856 - DEBUG - Converting geo-coordinates to pixel coordinates:
2024-12-26 21:03:43,856 - DEBUG - Inputs - lon: 12.27086635075223, lat: 41.8096144980704, geo_transform: [12.269706501377991, 2.9594497971230977e-06, 0.0, 41.81082413436957, 0.0, -2.9594497971230977e-06], image_width: 512, image_height: 512
2024-12-26 21:03:43,856 - DEBUG - Parsed GeoTransform - x_origin: 12.269706501377991, pixel_width: 2.9594497971230977e-06, y_origin: 41.81082413436957, pixel_height: -2.9594497971230977e-06
2024-12-26 21:03:43,856 - DEBUG - Computed pixel coordinates before clamping - x_pixel: 391, y_pixel: 408
2024-12-26 21:03:43,856 - DEBUG - Clamped pixel coordinates - x_pixel: 391, y_pixel: 408
2024-12-26 21:03:43,856 - DEBUG - Converting geo-coordinates to pixel coordinates:
2024-12-26 21:03:43,856 - DEBUG - Inputs - lon: 12.270764067740888, lat: 41.80943243431021, geo_transform: [12.269706501377991, 2.9594497971230977e-06, 0.0, 41.81082413436957, 0.0, -2.9594497971230977e-06], image_width: 512, image_height: 512
2024-12-26 21:03:43,856 - DEBUG - Parsed GeoTransform - x_origin: 12.269706501377991, pixel_width: 2.9594497971230977e-06, y_origin: 41.81082413436957, pixel_height: -2.9594497971230977e-06
2024-12-26 21:03:43,856 - DEBUG - Computed pixel coordinates before clamping - x_pixel: 357, y_pixel: 470
2024-12-26 21:03:43,856 - DEBUG - Clamped pixel coordinates - x_pixel: 357, y_pixel: 470
2024-12-26 21:03:43,856 - DEBUG - Converting geo-coordinates to pixel coordinates:
2024-12-26 21:03:43,856 - DEBUG - Inputs - lon: 12.270497109081283, lat: 41.809492781286906, geo_transform: [12.269706501377991, 2.9594497971230977e-06, 0.0, 41.81082413436957, 0.0, -2.9594497971230977e-06], image_width: 512, image_height: 512
2024-12-26 21:03:43,856 - DEBUG - Parsed GeoTransform - x_origin: 12.269706501377991, pixel_width: 2.9594497971230977e-06, y_origin: 41.81082413436957, pixel_height: -2.9594497971230977e-06
2024-12-26 21:03:43,856 - DEBUG - Computed pixel coordinates before clamping - x_pixel: 267, y_pixel: 449
2024-12-26 21:03:43,857 - DEBUG - Clamped pixel coordinates - x_pixel: 267, y_pixel: 449
2024-12-26 21:03:43,857 - DEBUG - Converting geo-coordinates to pixel coordinates:
2024-12-26 21:03:43,857 - DEBUG - Inputs - lon: 12.270565638698884, lat: 41.80972905504311, geo_transform: [12.269706501377991, 2.9594497971230977e-06, 0.0, 41.81082413436957, 0.0, -2.9594497971230977e-06], image_width: 512, image_height: 512
2024-12-26 21:03:43,857 - DEBUG - Parsed GeoTransform - x_origin: 12.269706501377991, pixel_width: 2.9594497971230977e-06, y_origin: 41.81082413436957, pixel_height: -2.9594497971230977e-06
2024-12-26 21:03:43,857 - DEBUG - Computed pixel coordinates before clamping - x_pixel: 290, y_pixel: 370
2024-12-26 21:03:43,857 - DEBUG - Clamped pixel coordinates - x_pixel: 290, y_pixel: 370
2024-12-26 21:03:43,857 - DEBUG - Pixel Coordinates: [(290, 370), (391, 408), (357, 470), (267, 449), (290, 370)] ... (showing first 5 for brevity)
2024-12-26 21:03:43,857 - DEBUG - Pixel Bounding Box: x_min=267, x_max=391, y_min=370, y_max=470
2024-12-26 21:03:43,857 - DEBUG - Pixel bounding box: (267, 370, 391, 470)
2024-12-26 21:03:43,857 - DEBUG - Input is a list. Converting to tensor.
2024-12-26 21:03:43,858 - DEBUG - Input Bounding Boxes (Corner Format): tensor([[267., 370., 391., 470.]])
2024-12-26 21:03:43,858 - DEBUG - x_min: 267.0, y_min: 370.0, x_max: 391.0, y_max: 470.0
2024-12-26 21:03:43,858 - DEBUG - Converted Bounding Boxes (Center Format): tensor([[329., 420., 124., 100.]])
2024-12-26 21:03:43,858 - DEBUG - Normalized bounding box (cx, cy, w, h): tensor([[329., 420., 124., 100.]])
2024-12-26 21:03:43,859 - DEBUG - Processed image tensor shape: torch.Size([3, 512, 512])
2024-12-26 21:03:43,860 - DEBUG - Processed bounding box tensor: tensor([[329., 420., 124., 100.]])
2024-12-26 21:03:43,860 - DEBUG - Processing index 5575:
2024-12-26 21:03:43,860 - DEBUG - Image path: ./data/raw/train/PS-RGB_tiled/97_104001003D4C1D00_tile_193.png
2024-12-26 21:03:43,860 - DEBUG - Label path: ./data/raw/train/geojson_aircraft_tiled/97_104001003D4C1D00_tile_193.geojson
2024-12-26 21:03:43,860 - DEBUG - Auxiliary path: ./data/raw/train/PS-RGB_tiled/97_104001003D4C1D00_tile_193.png.aux.xml
2024-12-26 21:03:43,860 - DEBUG - Parsing GeoTransform from: ./data/raw/train/PS-RGB_tiled/97_104001003D4C1D00_tile_193.png.aux.xml
2024-12-26 21:03:43,860 - DEBUG - GeoTransform parsed: [-121.93219926489581, 2.9913898961180066e-06, 0.0, 37.37220089555269, 0.0, -2.9913898961180066e-06]
2024-12-26 21:03:43,861 - DEBUG - Reading GeoJSON from: ./data/raw/train/geojson_aircraft_tiled/97_104001003D4C1D00_tile_193.geojson
2024-12-26 21:03:43,861 - DEBUG - First feature coordinates: [[[-121.93207070636483, 37.37100762652866], [-121.93216324915781, 37.370784247373166], [-121.93219926489581, 37.370788096383336], [-121.93219926489581, 37.370992033175845], [-121.93207070636483, 37.37100762652866]]]
2024-12-26 21:03:43,861 - DEBUG - Feature properties: {'loc_id': 97, 'cat_id': '104001003D4C1D00', 'location': 'Norman Y. Mineta San José International Airport, Terminal Drive, Rose Garden, San Jose, Santa Clara County, California, 95053, USA', 'role': 'Medium Civil Transport/Utility', 'role_id': 2, 'is_plane': 1, 'num_engines': 2, 'propulsion': 'jet', 'canards': 'no', 'num_tail_fins': 1, 'wing_position': 'mid/low mounted', 'wing_type': 'swept', 'length': 34.794441788156355, 'wingspan': 27.5175205075388, 'area': 478.65235635911637, 'faa_wingspan_class': 3, 'Public_Train': 1, 'Public_Test': 0, 'partialDec': 0.35530449253989055, 'truncated': 1, 'new_area': 170.0673325791987}
2024-12-26 21:03:43,861 - DEBUG - GeoJSON Coords: [(-121.93207070636483, 37.37100762652866), (-121.93216324915781, 37.370784247373166), (-121.93219926489581, 37.370788096383336), (-121.93219926489581, 37.370992033175845), (-121.93207070636483, 37.37100762652866)]
2024-12-26 21:03:43,861 - DEBUG - GeoJSON Features: [34.794441788156355, 27.5175205075388, 478.65235635911637, 1, 1, 0, 2, 1, 3]
2024-12-26 21:03:43,862 - DEBUG - Parsed GeoTransform: [-121.93219926489581, 2.9913898961180066e-06, 0.0, 37.37220089555269, 0.0, -2.9913898961180066e-06]
2024-12-26 21:03:43,862 - DEBUG - Parsed GeoJSON coordinates: [(-121.93207070636483, 37.37100762652866), (-121.93216324915781, 37.370784247373166), (-121.93219926489581, 37.370788096383336), (-121.93219926489581, 37.370992033175845), (-121.93207070636483, 37.37100762652866)]
2024-12-26 21:03:43,862 - DEBUG - STREAM b'IHDR' 16 13
2024-12-26 21:03:43,862 - DEBUG - STREAM b'tRNS' 41 6
2024-12-26 21:03:43,862 - DEBUG - STREAM b'IDAT' 59 8192
2024-12-26 21:03:43,872 - DEBUG - Loaded image size: 512x512
2024-12-26 21:03:43,873 - DEBUG - Converting GeoJSON to pixel bounding boxes.
2024-12-26 21:03:43,873 - DEBUG - Input Coordinates: [(-121.93207070636483, 37.37100762652866), (-121.93216324915781, 37.370784247373166), (-121.93219926489581, 37.370788096383336), (-121.93219926489581, 37.370992033175845), (-121.93207070636483, 37.37100762652866)] ... (showing first 5 for brevity)
2024-12-26 21:03:43,873 - DEBUG - GeoTransform: [-121.93219926489581, 2.9913898961180066e-06, 0.0, 37.37220089555269, 0.0, -2.9913898961180066e-06]
2024-12-26 21:03:43,873 - DEBUG - Image Dimensions: width=512, height=512
2024-12-26 21:03:43,873 - DEBUG - Converting geo-coordinates to pixel coordinates:
2024-12-26 21:03:43,873 - DEBUG - Inputs - lon: -121.93207070636483, lat: 37.37100762652866, geo_transform: [-121.93219926489581, 2.9913898961180066e-06, 0.0, 37.37220089555269, 0.0, -2.9913898961180066e-06], image_width: 512, image_height: 512
2024-12-26 21:03:43,873 - DEBUG - Parsed GeoTransform - x_origin: -121.93219926489581, pixel_width: 2.9913898961180066e-06, y_origin: 37.37220089555269, pixel_height: -2.9913898961180066e-06
2024-12-26 21:03:43,873 - DEBUG - Computed pixel coordinates before clamping - x_pixel: 42, y_pixel: 398
2024-12-26 21:03:43,873 - DEBUG - Clamped pixel coordinates - x_pixel: 42, y_pixel: 398
2024-12-26 21:03:43,873 - DEBUG - Converting geo-coordinates to pixel coordinates:
2024-12-26 21:03:43,873 - DEBUG - Inputs - lon: -121.93216324915781, lat: 37.370784247373166, geo_transform: [-121.93219926489581, 2.9913898961180066e-06, 0.0, 37.37220089555269, 0.0, -2.9913898961180066e-06], image_width: 512, image_height: 512
2024-12-26 21:03:43,873 - DEBUG - Parsed GeoTransform - x_origin: -121.93219926489581, pixel_width: 2.9913898961180066e-06, y_origin: 37.37220089555269, pixel_height: -2.9913898961180066e-06
2024-12-26 21:03:43,873 - DEBUG - Computed pixel coordinates before clamping - x_pixel: 12, y_pixel: 473
2024-12-26 21:03:43,873 - DEBUG - Clamped pixel coordinates - x_pixel: 12, y_pixel: 473
2024-12-26 21:03:43,874 - DEBUG - Converting geo-coordinates to pixel coordinates:
2024-12-26 21:03:43,874 - DEBUG - Inputs - lon: -121.93219926489581, lat: 37.370788096383336, geo_transform: [-121.93219926489581, 2.9913898961180066e-06, 0.0, 37.37220089555269, 0.0, -2.9913898961180066e-06], image_width: 512, image_height: 512
2024-12-26 21:03:43,874 - DEBUG - Parsed GeoTransform - x_origin: -121.93219926489581, pixel_width: 2.9913898961180066e-06, y_origin: 37.37220089555269, pixel_height: -2.9913898961180066e-06
2024-12-26 21:03:43,874 - DEBUG - Computed pixel coordinates before clamping - x_pixel: 0, y_pixel: 472
2024-12-26 21:03:43,874 - DEBUG - Clamped pixel coordinates - x_pixel: 0, y_pixel: 472
2024-12-26 21:03:43,874 - DEBUG - Converting geo-coordinates to pixel coordinates:
2024-12-26 21:03:43,874 - DEBUG - Inputs - lon: -121.93219926489581, lat: 37.370992033175845, geo_transform: [-121.93219926489581, 2.9913898961180066e-06, 0.0, 37.37220089555269, 0.0, -2.9913898961180066e-06], image_width: 512, image_height: 512
2024-12-26 21:03:43,874 - DEBUG - Parsed GeoTransform - x_origin: -121.93219926489581, pixel_width: 2.9913898961180066e-06, y_origin: 37.37220089555269, pixel_height: -2.9913898961180066e-06
2024-12-26 21:03:43,874 - DEBUG - Computed pixel coordinates before clamping - x_pixel: 0, y_pixel: 404
2024-12-26 21:03:43,874 - DEBUG - Clamped pixel coordinates - x_pixel: 0, y_pixel: 404
2024-12-26 21:03:43,874 - DEBUG - Converting geo-coordinates to pixel coordinates:
2024-12-26 21:03:43,874 - DEBUG - Inputs - lon: -121.93207070636483, lat: 37.37100762652866, geo_transform: [-121.93219926489581, 2.9913898961180066e-06, 0.0, 37.37220089555269, 0.0, -2.9913898961180066e-06], image_width: 512, image_height: 512
2024-12-26 21:03:43,874 - DEBUG - Parsed GeoTransform - x_origin: -121.93219926489581, pixel_width: 2.9913898961180066e-06, y_origin: 37.37220089555269, pixel_height: -2.9913898961180066e-06
2024-12-26 21:03:43,874 - DEBUG - Computed pixel coordinates before clamping - x_pixel: 42, y_pixel: 398
2024-12-26 21:03:43,875 - DEBUG - Clamped pixel coordinates - x_pixel: 42, y_pixel: 398
2024-12-26 21:03:43,875 - DEBUG - Pixel Coordinates: [(42, 398), (12, 473), (0, 472), (0, 404), (42, 398)] ... (showing first 5 for brevity)
2024-12-26 21:03:43,875 - DEBUG - Pixel Bounding Box: x_min=0, x_max=42, y_min=398, y_max=473
2024-12-26 21:03:43,875 - DEBUG - Pixel bounding box: (0, 398, 42, 473)
2024-12-26 21:03:43,875 - DEBUG - Input is a list. Converting to tensor.
2024-12-26 21:03:43,875 - DEBUG - Input Bounding Boxes (Corner Format): tensor([[  0., 398.,  42., 473.]])
2024-12-26 21:03:43,875 - DEBUG - x_min: 0.0, y_min: 398.0, x_max: 42.0, y_max: 473.0
2024-12-26 21:03:43,876 - DEBUG - Converted Bounding Boxes (Center Format): tensor([[ 21.0000, 435.5000,  42.0000,  75.0000]])
2024-12-26 21:03:43,876 - DEBUG - Normalized bounding box (cx, cy, w, h): tensor([[ 21.0000, 435.5000,  42.0000,  75.0000]])
2024-12-26 21:03:43,877 - DEBUG - Processed image tensor shape: torch.Size([3, 512, 512])
2024-12-26 21:03:43,877 - DEBUG - Processed bounding box tensor: tensor([[ 21.0000, 435.5000,  42.0000,  75.0000]])
2024-12-26 21:03:43,877 - DEBUG - Processing index 18:
2024-12-26 21:03:43,877 - DEBUG - Image path: ./data/raw/train/PS-RGB_tiled/100_1040010039437200_tile_476.png
2024-12-26 21:03:43,877 - DEBUG - Label path: ./data/raw/train/geojson_aircraft_tiled/100_1040010039437200_tile_476.geojson
2024-12-26 21:03:43,878 - DEBUG - Auxiliary path: ./data/raw/train/PS-RGB_tiled/100_1040010039437200_tile_476.png.aux.xml
2024-12-26 21:03:43,878 - DEBUG - Parsing GeoTransform from: ./data/raw/train/PS-RGB_tiled/100_1040010039437200_tile_476.png.aux.xml
2024-12-26 21:03:43,878 - DEBUG - GeoTransform parsed: [-108.53338490132343, 3.045288813165178e-06, 0.0, 45.805000436286036, 0.0, -3.045288813165178e-06]
2024-12-26 21:03:43,878 - DEBUG - Reading GeoJSON from: ./data/raw/train/geojson_aircraft_tiled/100_1040010039437200_tile_476.geojson
2024-12-26 21:03:43,878 - DEBUG - First feature coordinates: [[[-108.53273676131518, 45.804127121643454], [-108.53308753445418, 45.80398109843627], [-108.53329942682548, 45.80416283384086], [-108.5330930896849, 45.804303301817335], [-108.53273676131518, 45.804127121643454]]]
2024-12-26 21:03:43,879 - DEBUG - Feature properties: {'loc_id': 100, 'cat_id': '1040010039437200', 'location': 'Terminal Circle, Billings, Yellowstone County, Montana, 59105, USA', 'role': 'Medium Civil Transport/Utility', 'role_id': 2, 'is_plane': 1, 'num_engines': 2, 'propulsion': 'jet', 'canards': 'no', 'num_tail_fins': 1, 'wing_position': 'mid/low mounted', 'wing_type': 'swept', 'length': 43.92146543490003, 'wingspan': 35.8165550519504, 'area': 782.4248216246301, 'faa_wingspan_class': 3, 'Public_Train': 1, 'Public_Test': 0, 'partialDec': 1.0, 'truncated': 0, 'new_area': 782.4248216246301}
2024-12-26 21:03:43,879 - DEBUG - GeoJSON Coords: [(-108.53273676131518, 45.804127121643454), (-108.53308753445418, 45.80398109843627), (-108.53329942682548, 45.80416283384086), (-108.5330930896849, 45.804303301817335), (-108.53273676131518, 45.804127121643454)]
2024-12-26 21:03:43,879 - DEBUG - GeoJSON Features: [43.92146543490003, 35.8165550519504, 782.4248216246301, 1, 1, 0, 2, 1, 3]
2024-12-26 21:03:43,879 - DEBUG - Parsed GeoTransform: [-108.53338490132343, 3.045288813165178e-06, 0.0, 45.805000436286036, 0.0, -3.045288813165178e-06]
2024-12-26 21:03:43,879 - DEBUG - Parsed GeoJSON coordinates: [(-108.53273676131518, 45.804127121643454), (-108.53308753445418, 45.80398109843627), (-108.53329942682548, 45.80416283384086), (-108.5330930896849, 45.804303301817335), (-108.53273676131518, 45.804127121643454)]
2024-12-26 21:03:43,879 - DEBUG - STREAM b'IHDR' 16 13
2024-12-26 21:03:43,879 - DEBUG - STREAM b'tRNS' 41 6
2024-12-26 21:03:43,880 - DEBUG - STREAM b'IDAT' 59 8192
2024-12-26 21:03:43,890 - DEBUG - Loaded image size: 512x512
2024-12-26 21:03:43,890 - DEBUG - Converting GeoJSON to pixel bounding boxes.
2024-12-26 21:03:43,890 - DEBUG - Input Coordinates: [(-108.53273676131518, 45.804127121643454), (-108.53308753445418, 45.80398109843627), (-108.53329942682548, 45.80416283384086), (-108.5330930896849, 45.804303301817335), (-108.53273676131518, 45.804127121643454)] ... (showing first 5 for brevity)
2024-12-26 21:03:43,890 - DEBUG - GeoTransform: [-108.53338490132343, 3.045288813165178e-06, 0.0, 45.805000436286036, 0.0, -3.045288813165178e-06]
2024-12-26 21:03:43,890 - DEBUG - Image Dimensions: width=512, height=512
2024-12-26 21:03:43,890 - DEBUG - Converting geo-coordinates to pixel coordinates:
2024-12-26 21:03:43,890 - DEBUG - Inputs - lon: -108.53273676131518, lat: 45.804127121643454, geo_transform: [-108.53338490132343, 3.045288813165178e-06, 0.0, 45.805000436286036, 0.0, -3.045288813165178e-06], image_width: 512, image_height: 512
2024-12-26 21:03:43,890 - DEBUG - Parsed GeoTransform - x_origin: -108.53338490132343, pixel_width: 3.045288813165178e-06, y_origin: 45.805000436286036, pixel_height: -3.045288813165178e-06
2024-12-26 21:03:43,890 - DEBUG - Computed pixel coordinates before clamping - x_pixel: 212, y_pixel: 286
2024-12-26 21:03:43,890 - DEBUG - Clamped pixel coordinates - x_pixel: 212, y_pixel: 286
2024-12-26 21:03:43,890 - DEBUG - Converting geo-coordinates to pixel coordinates:
2024-12-26 21:03:43,890 - DEBUG - Inputs - lon: -108.53308753445418, lat: 45.80398109843627, geo_transform: [-108.53338490132343, 3.045288813165178e-06, 0.0, 45.805000436286036, 0.0, -3.045288813165178e-06], image_width: 512, image_height: 512
2024-12-26 21:03:43,890 - DEBUG - Parsed GeoTransform - x_origin: -108.53338490132343, pixel_width: 3.045288813165178e-06, y_origin: 45.805000436286036, pixel_height: -3.045288813165178e-06
2024-12-26 21:03:43,891 - DEBUG - Computed pixel coordinates before clamping - x_pixel: 97, y_pixel: 334
2024-12-26 21:03:43,891 - DEBUG - Clamped pixel coordinates - x_pixel: 97, y_pixel: 334
2024-12-26 21:03:43,891 - DEBUG - Converting geo-coordinates to pixel coordinates:
2024-12-26 21:03:43,891 - DEBUG - Inputs - lon: -108.53329942682548, lat: 45.80416283384086, geo_transform: [-108.53338490132343, 3.045288813165178e-06, 0.0, 45.805000436286036, 0.0, -3.045288813165178e-06], image_width: 512, image_height: 512
2024-12-26 21:03:43,891 - DEBUG - Parsed GeoTransform - x_origin: -108.53338490132343, pixel_width: 3.045288813165178e-06, y_origin: 45.805000436286036, pixel_height: -3.045288813165178e-06
2024-12-26 21:03:43,891 - DEBUG - Computed pixel coordinates before clamping - x_pixel: 28, y_pixel: 275
2024-12-26 21:03:43,891 - DEBUG - Clamped pixel coordinates - x_pixel: 28, y_pixel: 275
2024-12-26 21:03:43,891 - DEBUG - Converting geo-coordinates to pixel coordinates:
2024-12-26 21:03:43,891 - DEBUG - Inputs - lon: -108.5330930896849, lat: 45.804303301817335, geo_transform: [-108.53338490132343, 3.045288813165178e-06, 0.0, 45.805000436286036, 0.0, -3.045288813165178e-06], image_width: 512, image_height: 512
2024-12-26 21:03:43,891 - DEBUG - Parsed GeoTransform - x_origin: -108.53338490132343, pixel_width: 3.045288813165178e-06, y_origin: 45.805000436286036, pixel_height: -3.045288813165178e-06
2024-12-26 21:03:43,891 - DEBUG - Computed pixel coordinates before clamping - x_pixel: 95, y_pixel: 228
2024-12-26 21:03:43,891 - DEBUG - Clamped pixel coordinates - x_pixel: 95, y_pixel: 228
2024-12-26 21:03:43,891 - DEBUG - Converting geo-coordinates to pixel coordinates:
2024-12-26 21:03:43,892 - DEBUG - Inputs - lon: -108.53273676131518, lat: 45.804127121643454, geo_transform: [-108.53338490132343, 3.045288813165178e-06, 0.0, 45.805000436286036, 0.0, -3.045288813165178e-06], image_width: 512, image_height: 512
2024-12-26 21:03:43,892 - DEBUG - Parsed GeoTransform - x_origin: -108.53338490132343, pixel_width: 3.045288813165178e-06, y_origin: 45.805000436286036, pixel_height: -3.045288813165178e-06
2024-12-26 21:03:43,892 - DEBUG - Computed pixel coordinates before clamping - x_pixel: 212, y_pixel: 286
2024-12-26 21:03:43,892 - DEBUG - Clamped pixel coordinates - x_pixel: 212, y_pixel: 286
2024-12-26 21:03:43,892 - DEBUG - Pixel Coordinates: [(212, 286), (97, 334), (28, 275), (95, 228), (212, 286)] ... (showing first 5 for brevity)
2024-12-26 21:03:43,892 - DEBUG - Pixel Bounding Box: x_min=28, x_max=212, y_min=228, y_max=334
2024-12-26 21:03:43,892 - DEBUG - Pixel bounding box: (28, 228, 212, 334)
2024-12-26 21:03:43,892 - DEBUG - Input is a list. Converting to tensor.
2024-12-26 21:03:43,892 - DEBUG - Input Bounding Boxes (Corner Format): tensor([[ 28., 228., 212., 334.]])
2024-12-26 21:03:43,892 - DEBUG - x_min: 28.0, y_min: 228.0, x_max: 212.0, y_max: 334.0
2024-12-26 21:03:43,893 - DEBUG - Converted Bounding Boxes (Center Format): tensor([[120., 281., 184., 106.]])
2024-12-26 21:03:43,893 - DEBUG - Normalized bounding box (cx, cy, w, h): tensor([[120., 281., 184., 106.]])
2024-12-26 21:03:43,895 - DEBUG - Processed image tensor shape: torch.Size([3, 512, 512])
2024-12-26 21:03:43,895 - DEBUG - Processed bounding box tensor: tensor([[120., 281., 184., 106.]])
2024-12-26 21:03:43,895 - DEBUG - Processing index 2157:
2024-12-26 21:03:43,895 - DEBUG - Image path: ./data/raw/train/PS-RGB_tiled/39_104001001D4E6100_tile_767.png
2024-12-26 21:03:43,895 - DEBUG - Label path: ./data/raw/train/geojson_aircraft_tiled/39_104001001D4E6100_tile_767.geojson
2024-12-26 21:03:43,896 - DEBUG - Auxiliary path: ./data/raw/train/PS-RGB_tiled/39_104001001D4E6100_tile_767.png.aux.xml
2024-12-26 21:03:43,896 - DEBUG - Parsing GeoTransform from: ./data/raw/train/PS-RGB_tiled/39_104001001D4E6100_tile_767.png.aux.xml
2024-12-26 21:03:43,896 - DEBUG - GeoTransform parsed: [-97.42204374771543, 2.9350410282935135e-06, 0.0, 37.66176635139204, 0.0, -2.9350410282935135e-06]
2024-12-26 21:03:43,896 - DEBUG - Reading GeoJSON from: ./data/raw/train/geojson_aircraft_tiled/39_104001001D4E6100_tile_767.geojson
2024-12-26 21:03:43,896 - DEBUG - First feature coordinates: [[[-97.42187896016026, 37.66132121873214], [-97.42182278785232, 37.66124418242413], [-97.42191876225273, 37.66120052851625], [-97.42198488508377, 37.66128815731662], [-97.42187896016026, 37.66132121873214]]]
2024-12-26 21:03:43,897 - DEBUG - Feature properties: {'loc_id': 39, 'cat_id': '104001001D4E6100', 'location': 'Wichita Dwight D. Eisenhower National Airport, Eisenhower Airport Parkway, Wichita, Sedgwick County, Kansas, 67209, USA', 'role': 'Medium Civil Transport/Utility', 'role_id': 2, 'is_plane': 1, 'num_engines': 2, 'propulsion': 'jet', 'canards': 'no', 'num_tail_fins': 1, 'wing_position': 'mid/low mounted', 'wing_type': 'straight', 'length': 13.84590126101713, 'wingspan': 15.110053073616617, 'area': 104.33169429856422, 'faa_wingspan_class': 2, 'Public_Train': 1, 'Public_Test': 0, 'partialDec': 1.0, 'truncated': 0, 'new_area': 104.33169429856422}
2024-12-26 21:03:43,897 - DEBUG - GeoJSON Coords: [(-97.42187896016026, 37.66132121873214), (-97.42182278785232, 37.66124418242413), (-97.42191876225273, 37.66120052851625), (-97.42198488508377, 37.66128815731662), (-97.42187896016026, 37.66132121873214)]
2024-12-26 21:03:43,897 - DEBUG - GeoJSON Features: [13.84590126101713, 15.110053073616617, 104.33169429856422, 0, 1, 0, 2, 1, 2]
2024-12-26 21:03:43,897 - DEBUG - Parsed GeoTransform: [-97.42204374771543, 2.9350410282935135e-06, 0.0, 37.66176635139204, 0.0, -2.9350410282935135e-06]
2024-12-26 21:03:43,897 - DEBUG - Parsed GeoJSON coordinates: [(-97.42187896016026, 37.66132121873214), (-97.42182278785232, 37.66124418242413), (-97.42191876225273, 37.66120052851625), (-97.42198488508377, 37.66128815731662), (-97.42187896016026, 37.66132121873214)]
2024-12-26 21:03:43,897 - DEBUG - STREAM b'IHDR' 16 13
2024-12-26 21:03:43,897 - DEBUG - STREAM b'tRNS' 41 6
2024-12-26 21:03:43,897 - DEBUG - STREAM b'IDAT' 59 8192
2024-12-26 21:03:43,908 - DEBUG - Loaded image size: 512x512
2024-12-26 21:03:43,908 - DEBUG - Converting GeoJSON to pixel bounding boxes.
2024-12-26 21:03:43,908 - DEBUG - Input Coordinates: [(-97.42187896016026, 37.66132121873214), (-97.42182278785232, 37.66124418242413), (-97.42191876225273, 37.66120052851625), (-97.42198488508377, 37.66128815731662), (-97.42187896016026, 37.66132121873214)] ... (showing first 5 for brevity)
2024-12-26 21:03:43,908 - DEBUG - GeoTransform: [-97.42204374771543, 2.9350410282935135e-06, 0.0, 37.66176635139204, 0.0, -2.9350410282935135e-06]
2024-12-26 21:03:43,908 - DEBUG - Image Dimensions: width=512, height=512
2024-12-26 21:03:43,908 - DEBUG - Converting geo-coordinates to pixel coordinates:
2024-12-26 21:03:43,908 - DEBUG - Inputs - lon: -97.42187896016026, lat: 37.66132121873214, geo_transform: [-97.42204374771543, 2.9350410282935135e-06, 0.0, 37.66176635139204, 0.0, -2.9350410282935135e-06], image_width: 512, image_height: 512
2024-12-26 21:03:43,908 - DEBUG - Parsed GeoTransform - x_origin: -97.42204374771543, pixel_width: 2.9350410282935135e-06, y_origin: 37.66176635139204, pixel_height: -2.9350410282935135e-06
2024-12-26 21:03:43,908 - DEBUG - Computed pixel coordinates before clamping - x_pixel: 56, y_pixel: 151
2024-12-26 21:03:43,908 - DEBUG - Clamped pixel coordinates - x_pixel: 56, y_pixel: 151
2024-12-26 21:03:43,909 - DEBUG - Converting geo-coordinates to pixel coordinates:
2024-12-26 21:03:43,909 - DEBUG - Inputs - lon: -97.42182278785232, lat: 37.66124418242413, geo_transform: [-97.42204374771543, 2.9350410282935135e-06, 0.0, 37.66176635139204, 0.0, -2.9350410282935135e-06], image_width: 512, image_height: 512
2024-12-26 21:03:43,909 - DEBUG - Parsed GeoTransform - x_origin: -97.42204374771543, pixel_width: 2.9350410282935135e-06, y_origin: 37.66176635139204, pixel_height: -2.9350410282935135e-06
2024-12-26 21:03:43,909 - DEBUG - Computed pixel coordinates before clamping - x_pixel: 75, y_pixel: 177
2024-12-26 21:03:43,909 - DEBUG - Clamped pixel coordinates - x_pixel: 75, y_pixel: 177
2024-12-26 21:03:43,909 - DEBUG - Converting geo-coordinates to pixel coordinates:
2024-12-26 21:03:43,909 - DEBUG - Inputs - lon: -97.42191876225273, lat: 37.66120052851625, geo_transform: [-97.42204374771543, 2.9350410282935135e-06, 0.0, 37.66176635139204, 0.0, -2.9350410282935135e-06], image_width: 512, image_height: 512
2024-12-26 21:03:43,909 - DEBUG - Parsed GeoTransform - x_origin: -97.42204374771543, pixel_width: 2.9350410282935135e-06, y_origin: 37.66176635139204, pixel_height: -2.9350410282935135e-06
2024-12-26 21:03:43,909 - DEBUG - Computed pixel coordinates before clamping - x_pixel: 42, y_pixel: 192
2024-12-26 21:03:43,909 - DEBUG - Clamped pixel coordinates - x_pixel: 42, y_pixel: 192
2024-12-26 21:03:43,909 - DEBUG - Converting geo-coordinates to pixel coordinates:
2024-12-26 21:03:43,909 - DEBUG - Inputs - lon: -97.42198488508377, lat: 37.66128815731662, geo_transform: [-97.42204374771543, 2.9350410282935135e-06, 0.0, 37.66176635139204, 0.0, -2.9350410282935135e-06], image_width: 512, image_height: 512
2024-12-26 21:03:43,909 - DEBUG - Parsed GeoTransform - x_origin: -97.42204374771543, pixel_width: 2.9350410282935135e-06, y_origin: 37.66176635139204, pixel_height: -2.9350410282935135e-06
2024-12-26 21:03:43,909 - DEBUG - Computed pixel coordinates before clamping - x_pixel: 20, y_pixel: 162
2024-12-26 21:03:43,909 - DEBUG - Clamped pixel coordinates - x_pixel: 20, y_pixel: 162
2024-12-26 21:03:43,910 - DEBUG - Converting geo-coordinates to pixel coordinates:
2024-12-26 21:03:43,910 - DEBUG - Inputs - lon: -97.42187896016026, lat: 37.66132121873214, geo_transform: [-97.42204374771543, 2.9350410282935135e-06, 0.0, 37.66176635139204, 0.0, -2.9350410282935135e-06], image_width: 512, image_height: 512
2024-12-26 21:03:43,910 - DEBUG - Parsed GeoTransform - x_origin: -97.42204374771543, pixel_width: 2.9350410282935135e-06, y_origin: 37.66176635139204, pixel_height: -2.9350410282935135e-06
2024-12-26 21:03:43,910 - DEBUG - Computed pixel coordinates before clamping - x_pixel: 56, y_pixel: 151
2024-12-26 21:03:43,910 - DEBUG - Clamped pixel coordinates - x_pixel: 56, y_pixel: 151
2024-12-26 21:03:43,910 - DEBUG - Pixel Coordinates: [(56, 151), (75, 177), (42, 192), (20, 162), (56, 151)] ... (showing first 5 for brevity)
2024-12-26 21:03:43,910 - DEBUG - Pixel Bounding Box: x_min=20, x_max=75, y_min=151, y_max=192
2024-12-26 21:03:43,910 - DEBUG - Pixel bounding box: (20, 151, 75, 192)
2024-12-26 21:03:43,910 - DEBUG - Input is a list. Converting to tensor.
2024-12-26 21:03:43,910 - DEBUG - Input Bounding Boxes (Corner Format): tensor([[ 20., 151.,  75., 192.]])
2024-12-26 21:03:43,911 - DEBUG - x_min: 20.0, y_min: 151.0, x_max: 75.0, y_max: 192.0
2024-12-26 21:03:43,911 - DEBUG - Converted Bounding Boxes (Center Format): tensor([[ 47.5000, 171.5000,  55.0000,  41.0000]])
2024-12-26 21:03:43,911 - DEBUG - Normalized bounding box (cx, cy, w, h): tensor([[ 47.5000, 171.5000,  55.0000,  41.0000]])
2024-12-26 21:03:43,914 - DEBUG - Processed image tensor shape: torch.Size([3, 512, 512])
2024-12-26 21:03:43,914 - DEBUG - Processed bounding box tensor: tensor([[ 47.5000, 171.5000,  55.0000,  41.0000]])
2024-12-26 21:03:43,914 - DEBUG - Processing index 2534:
2024-12-26 21:03:43,914 - DEBUG - Image path: ./data/raw/train/PS-RGB_tiled/45_1040010044AFF200_tile_117.png
2024-12-26 21:03:43,914 - DEBUG - Label path: ./data/raw/train/geojson_aircraft_tiled/45_1040010044AFF200_tile_117.geojson
2024-12-26 21:03:43,914 - DEBUG - Auxiliary path: ./data/raw/train/PS-RGB_tiled/45_1040010044AFF200_tile_117.png.aux.xml
2024-12-26 21:03:43,914 - DEBUG - Parsing GeoTransform from: ./data/raw/train/PS-RGB_tiled/45_1040010044AFF200_tile_117.png.aux.xml
2024-12-26 21:03:43,915 - DEBUG - GeoTransform parsed: [-77.518102544774, 2.841670682095092e-06, 0.0, 38.73092266619006, 0.0, -2.841670682095092e-06]
2024-12-26 21:03:43,915 - DEBUG - Reading GeoJSON from: ./data/raw/train/geojson_aircraft_tiled/45_1040010044AFF200_tile_117.geojson
2024-12-26 21:03:43,915 - DEBUG - First feature coordinates: [[[-77.51729490956642, 38.73084880065839], [-77.517461833573, 38.73090506717747], [-77.51745554821136, 38.73092266619006], [-77.51728217412992, 38.73092266619006], [-77.51729490956642, 38.73084880065839]]]
2024-12-26 21:03:43,915 - DEBUG - Feature properties: {'loc_id': 45, 'cat_id': '1040010044AFF200', 'location': 'Manassas Regional Airport, Terminal Road, Lee Manor, Manassas, Virginia, 20110, USA', 'role': 'Medium Civil Transport/Utility', 'role_id': 2, 'is_plane': 1, 'num_engines': 2, 'propulsion': 'jet', 'canards': 'no', 'num_tail_fins': 1, 'wing_position': 'mid/low mounted', 'wing_type': 'swept', 'length': 21.843035381254015, 'wingspan': 19.385329490674064, 'area': 211.71267849486856, 'faa_wingspan_class': 2, 'Public_Train': 1, 'Public_Test': 0, 'partialDec': 0.36711568023365415, 'truncated': 1, 'new_area': 77.7230439797326}
2024-12-26 21:03:43,915 - DEBUG - GeoJSON Coords: [(-77.51729490956642, 38.73084880065839), (-77.517461833573, 38.73090506717747), (-77.51745554821136, 38.73092266619006), (-77.51728217412992, 38.73092266619006), (-77.51729490956642, 38.73084880065839)]
2024-12-26 21:03:43,915 - DEBUG - GeoJSON Features: [21.843035381254015, 19.385329490674064, 211.71267849486856, 1, 1, 0, 2, 1, 2]
2024-12-26 21:03:43,915 - DEBUG - Parsed GeoTransform: [-77.518102544774, 2.841670682095092e-06, 0.0, 38.73092266619006, 0.0, -2.841670682095092e-06]
2024-12-26 21:03:43,916 - DEBUG - Parsed GeoJSON coordinates: [(-77.51729490956642, 38.73084880065839), (-77.517461833573, 38.73090506717747), (-77.51745554821136, 38.73092266619006), (-77.51728217412992, 38.73092266619006), (-77.51729490956642, 38.73084880065839)]
2024-12-26 21:03:43,916 - DEBUG - STREAM b'IHDR' 16 13
2024-12-26 21:03:43,916 - DEBUG - STREAM b'tRNS' 41 6
2024-12-26 21:03:43,916 - DEBUG - STREAM b'IDAT' 59 8192
2024-12-26 21:03:43,926 - DEBUG - Loaded image size: 512x512
2024-12-26 21:03:43,926 - DEBUG - Converting GeoJSON to pixel bounding boxes.
2024-12-26 21:03:43,926 - DEBUG - Input Coordinates: [(-77.51729490956642, 38.73084880065839), (-77.517461833573, 38.73090506717747), (-77.51745554821136, 38.73092266619006), (-77.51728217412992, 38.73092266619006), (-77.51729490956642, 38.73084880065839)] ... (showing first 5 for brevity)
2024-12-26 21:03:43,927 - DEBUG - GeoTransform: [-77.518102544774, 2.841670682095092e-06, 0.0, 38.73092266619006, 0.0, -2.841670682095092e-06]
2024-12-26 21:03:43,927 - DEBUG - Image Dimensions: width=512, height=512
2024-12-26 21:03:43,927 - DEBUG - Converting geo-coordinates to pixel coordinates:
2024-12-26 21:03:43,927 - DEBUG - Inputs - lon: -77.51729490956642, lat: 38.73084880065839, geo_transform: [-77.518102544774, 2.841670682095092e-06, 0.0, 38.73092266619006, 0.0, -2.841670682095092e-06], image_width: 512, image_height: 512
2024-12-26 21:03:43,927 - DEBUG - Parsed GeoTransform - x_origin: -77.518102544774, pixel_width: 2.841670682095092e-06, y_origin: 38.73092266619006, pixel_height: -2.841670682095092e-06
2024-12-26 21:03:43,927 - DEBUG - Computed pixel coordinates before clamping - x_pixel: 284, y_pixel: 25
2024-12-26 21:03:43,927 - DEBUG - Clamped pixel coordinates - x_pixel: 284, y_pixel: 25
2024-12-26 21:03:43,927 - DEBUG - Converting geo-coordinates to pixel coordinates:
2024-12-26 21:03:43,927 - DEBUG - Inputs - lon: -77.517461833573, lat: 38.73090506717747, geo_transform: [-77.518102544774, 2.841670682095092e-06, 0.0, 38.73092266619006, 0.0, -2.841670682095092e-06], image_width: 512, image_height: 512
2024-12-26 21:03:43,927 - DEBUG - Parsed GeoTransform - x_origin: -77.518102544774, pixel_width: 2.841670682095092e-06, y_origin: 38.73092266619006, pixel_height: -2.841670682095092e-06
2024-12-26 21:03:43,927 - DEBUG - Computed pixel coordinates before clamping - x_pixel: 225, y_pixel: 6
2024-12-26 21:03:43,928 - DEBUG - Clamped pixel coordinates - x_pixel: 225, y_pixel: 6
2024-12-26 21:03:43,928 - DEBUG - Converting geo-coordinates to pixel coordinates:
2024-12-26 21:03:43,928 - DEBUG - Inputs - lon: -77.51745554821136, lat: 38.73092266619006, geo_transform: [-77.518102544774, 2.841670682095092e-06, 0.0, 38.73092266619006, 0.0, -2.841670682095092e-06], image_width: 512, image_height: 512
2024-12-26 21:03:43,928 - DEBUG - Parsed GeoTransform - x_origin: -77.518102544774, pixel_width: 2.841670682095092e-06, y_origin: 38.73092266619006, pixel_height: -2.841670682095092e-06
2024-12-26 21:03:43,928 - DEBUG - Computed pixel coordinates before clamping - x_pixel: 227, y_pixel: 0
2024-12-26 21:03:43,928 - DEBUG - Clamped pixel coordinates - x_pixel: 227, y_pixel: 0
2024-12-26 21:03:43,928 - DEBUG - Converting geo-coordinates to pixel coordinates:
2024-12-26 21:03:43,928 - DEBUG - Inputs - lon: -77.51728217412992, lat: 38.73092266619006, geo_transform: [-77.518102544774, 2.841670682095092e-06, 0.0, 38.73092266619006, 0.0, -2.841670682095092e-06], image_width: 512, image_height: 512
2024-12-26 21:03:43,928 - DEBUG - Parsed GeoTransform - x_origin: -77.518102544774, pixel_width: 2.841670682095092e-06, y_origin: 38.73092266619006, pixel_height: -2.841670682095092e-06
2024-12-26 21:03:43,929 - DEBUG - Computed pixel coordinates before clamping - x_pixel: 288, y_pixel: 0
2024-12-26 21:03:43,929 - DEBUG - Clamped pixel coordinates - x_pixel: 288, y_pixel: 0
2024-12-26 21:03:43,929 - DEBUG - Converting geo-coordinates to pixel coordinates:
2024-12-26 21:03:43,929 - DEBUG - Inputs - lon: -77.51729490956642, lat: 38.73084880065839, geo_transform: [-77.518102544774, 2.841670682095092e-06, 0.0, 38.73092266619006, 0.0, -2.841670682095092e-06], image_width: 512, image_height: 512
2024-12-26 21:03:43,929 - DEBUG - Parsed GeoTransform - x_origin: -77.518102544774, pixel_width: 2.841670682095092e-06, y_origin: 38.73092266619006, pixel_height: -2.841670682095092e-06
2024-12-26 21:03:43,929 - DEBUG - Computed pixel coordinates before clamping - x_pixel: 284, y_pixel: 25
2024-12-26 21:03:43,929 - DEBUG - Clamped pixel coordinates - x_pixel: 284, y_pixel: 25
2024-12-26 21:03:43,929 - DEBUG - Pixel Coordinates: [(284, 25), (225, 6), (227, 0), (288, 0), (284, 25)] ... (showing first 5 for brevity)
2024-12-26 21:03:43,929 - DEBUG - Pixel Bounding Box: x_min=225, x_max=288, y_min=0, y_max=25
2024-12-26 21:03:43,929 - DEBUG - Pixel bounding box: (225, 0, 288, 25)
2024-12-26 21:03:43,929 - DEBUG - Input is a list. Converting to tensor.
2024-12-26 21:03:43,930 - DEBUG - Input Bounding Boxes (Corner Format): tensor([[225.,   0., 288.,  25.]])
2024-12-26 21:03:43,930 - DEBUG - x_min: 225.0, y_min: 0.0, x_max: 288.0, y_max: 25.0
2024-12-26 21:03:43,930 - DEBUG - Converted Bounding Boxes (Center Format): tensor([[256.5000,  12.5000,  63.0000,  25.0000]])
2024-12-26 21:03:43,930 - DEBUG - Normalized bounding box (cx, cy, w, h): tensor([[256.5000,  12.5000,  63.0000,  25.0000]])
2024-12-26 21:03:43,931 - DEBUG - Processed image tensor shape: torch.Size([3, 512, 512])
2024-12-26 21:03:43,932 - DEBUG - Processed bounding box tensor: tensor([[256.5000,  12.5000,  63.0000,  25.0000]])
2024-12-26 21:03:43,932 - DEBUG - Processing index 580:
2024-12-26 21:03:43,932 - DEBUG - Image path: ./data/raw/train/PS-RGB_tiled/115_10400100067A5900_tile_105.png
2024-12-26 21:03:43,932 - DEBUG - Label path: ./data/raw/train/geojson_aircraft_tiled/115_10400100067A5900_tile_105.geojson
2024-12-26 21:03:43,932 - DEBUG - Auxiliary path: ./data/raw/train/PS-RGB_tiled/115_10400100067A5900_tile_105.png.aux.xml
2024-12-26 21:03:43,932 - DEBUG - Parsing GeoTransform from: ./data/raw/train/PS-RGB_tiled/115_10400100067A5900_tile_105.png.aux.xml
2024-12-26 21:03:43,933 - DEBUG - GeoTransform parsed: [-86.77729465079858, 3.47198857312195e-06, 0.0, 33.556005353896786, 0.0, -3.47198857312195e-06]
2024-12-26 21:03:43,933 - DEBUG - Reading GeoJSON from: ./data/raw/train/geojson_aircraft_tiled/115_10400100067A5900_tile_105.geojson
2024-12-26 21:03:43,933 - DEBUG - First feature coordinates: [[[-86.77591244399291, 33.55531371959011], [-86.77599883705855, 33.55531515947454], [-86.77596140006344, 33.555409471904525], [-86.77585772838466, 33.555376354562696], [-86.77591244399291, 33.55531371959011]]]
2024-12-26 21:03:43,933 - DEBUG - Feature properties: {'loc_id': 115, 'cat_id': '10400100067A5900', 'location': 'Birmingham-Shuttlesworth International Airport, Messer Airport Highway, Woodlawn, Birmingham, Jefferson County, Alabama, 35212, USA', 'role': 'Small Civil Transport/Utility', 'role_id': 1, 'is_plane': 1, 'num_engines': 2, 'propulsion': 'propeller', 'canards': 'no', 'num_tail_fins': 1, 'wing_position': 'mid/low mounted', 'wing_type': 'straight', 'length': 11.547891237720938, 'wingspan': 14.751522266587287, 'area': 84.9448086103646, 'faa_wingspan_class': 1, 'Public_Train': 1, 'Public_Test': 0, 'partialDec': 1.0, 'truncated': 0, 'new_area': 84.9448086103646}
2024-12-26 21:03:43,933 - DEBUG - GeoJSON Coords: [(-86.77591244399291, 33.55531371959011), (-86.77599883705855, 33.55531515947454), (-86.77596140006344, 33.555409471904525), (-86.77585772838466, 33.555376354562696), (-86.77591244399291, 33.55531371959011)]
2024-12-26 21:03:43,933 - DEBUG - GeoJSON Features: [11.547891237720938, 14.751522266587287, 84.9448086103646, 0, 1, 0, 2, 1, 1]
2024-12-26 21:03:43,933 - DEBUG - Parsed GeoTransform: [-86.77729465079858, 3.47198857312195e-06, 0.0, 33.556005353896786, 0.0, -3.47198857312195e-06]
2024-12-26 21:03:43,933 - DEBUG - Parsed GeoJSON coordinates: [(-86.77591244399291, 33.55531371959011), (-86.77599883705855, 33.55531515947454), (-86.77596140006344, 33.555409471904525), (-86.77585772838466, 33.555376354562696), (-86.77591244399291, 33.55531371959011)]
2024-12-26 21:03:43,934 - DEBUG - STREAM b'IHDR' 16 13
2024-12-26 21:03:43,934 - DEBUG - STREAM b'tRNS' 41 6
2024-12-26 21:03:43,934 - DEBUG - STREAM b'IDAT' 59 8192
2024-12-26 21:03:43,943 - DEBUG - Loaded image size: 512x512
2024-12-26 21:03:43,943 - DEBUG - Converting GeoJSON to pixel bounding boxes.
2024-12-26 21:03:43,943 - DEBUG - Input Coordinates: [(-86.77591244399291, 33.55531371959011), (-86.77599883705855, 33.55531515947454), (-86.77596140006344, 33.555409471904525), (-86.77585772838466, 33.555376354562696), (-86.77591244399291, 33.55531371959011)] ... (showing first 5 for brevity)
2024-12-26 21:03:43,943 - DEBUG - GeoTransform: [-86.77729465079858, 3.47198857312195e-06, 0.0, 33.556005353896786, 0.0, -3.47198857312195e-06]
2024-12-26 21:03:43,944 - DEBUG - Image Dimensions: width=512, height=512
2024-12-26 21:03:43,944 - DEBUG - Converting geo-coordinates to pixel coordinates:
2024-12-26 21:03:43,944 - DEBUG - Inputs - lon: -86.77591244399291, lat: 33.55531371959011, geo_transform: [-86.77729465079858, 3.47198857312195e-06, 0.0, 33.556005353896786, 0.0, -3.47198857312195e-06], image_width: 512, image_height: 512
2024-12-26 21:03:43,944 - DEBUG - Parsed GeoTransform - x_origin: -86.77729465079858, pixel_width: 3.47198857312195e-06, y_origin: 33.556005353896786, pixel_height: -3.47198857312195e-06
2024-12-26 21:03:43,944 - DEBUG - Computed pixel coordinates before clamping - x_pixel: 398, y_pixel: 199
2024-12-26 21:03:43,944 - DEBUG - Clamped pixel coordinates - x_pixel: 398, y_pixel: 199
2024-12-26 21:03:43,944 - DEBUG - Converting geo-coordinates to pixel coordinates:
2024-12-26 21:03:43,944 - DEBUG - Inputs - lon: -86.77599883705855, lat: 33.55531515947454, geo_transform: [-86.77729465079858, 3.47198857312195e-06, 0.0, 33.556005353896786, 0.0, -3.47198857312195e-06], image_width: 512, image_height: 512
2024-12-26 21:03:43,944 - DEBUG - Parsed GeoTransform - x_origin: -86.77729465079858, pixel_width: 3.47198857312195e-06, y_origin: 33.556005353896786, pixel_height: -3.47198857312195e-06
2024-12-26 21:03:43,945 - DEBUG - Computed pixel coordinates before clamping - x_pixel: 373, y_pixel: 198
2024-12-26 21:03:43,945 - DEBUG - Clamped pixel coordinates - x_pixel: 373, y_pixel: 198
2024-12-26 21:03:43,945 - DEBUG - Converting geo-coordinates to pixel coordinates:
2024-12-26 21:03:43,945 - DEBUG - Inputs - lon: -86.77596140006344, lat: 33.555409471904525, geo_transform: [-86.77729465079858, 3.47198857312195e-06, 0.0, 33.556005353896786, 0.0, -3.47198857312195e-06], image_width: 512, image_height: 512
2024-12-26 21:03:43,945 - DEBUG - Parsed GeoTransform - x_origin: -86.77729465079858, pixel_width: 3.47198857312195e-06, y_origin: 33.556005353896786, pixel_height: -3.47198857312195e-06
2024-12-26 21:03:43,945 - DEBUG - Computed pixel coordinates before clamping - x_pixel: 384, y_pixel: 171
2024-12-26 21:03:43,945 - DEBUG - Clamped pixel coordinates - x_pixel: 384, y_pixel: 171
2024-12-26 21:03:43,945 - DEBUG - Converting geo-coordinates to pixel coordinates:
2024-12-26 21:03:43,945 - DEBUG - Inputs - lon: -86.77585772838466, lat: 33.555376354562696, geo_transform: [-86.77729465079858, 3.47198857312195e-06, 0.0, 33.556005353896786, 0.0, -3.47198857312195e-06], image_width: 512, image_height: 512
2024-12-26 21:03:43,945 - DEBUG - Parsed GeoTransform - x_origin: -86.77729465079858, pixel_width: 3.47198857312195e-06, y_origin: 33.556005353896786, pixel_height: -3.47198857312195e-06
2024-12-26 21:03:43,945 - DEBUG - Computed pixel coordinates before clamping - x_pixel: 413, y_pixel: 181
2024-12-26 21:03:43,946 - DEBUG - Clamped pixel coordinates - x_pixel: 413, y_pixel: 181
2024-12-26 21:03:43,946 - DEBUG - Converting geo-coordinates to pixel coordinates:
2024-12-26 21:03:43,946 - DEBUG - Inputs - lon: -86.77591244399291, lat: 33.55531371959011, geo_transform: [-86.77729465079858, 3.47198857312195e-06, 0.0, 33.556005353896786, 0.0, -3.47198857312195e-06], image_width: 512, image_height: 512
2024-12-26 21:03:43,946 - DEBUG - Parsed GeoTransform - x_origin: -86.77729465079858, pixel_width: 3.47198857312195e-06, y_origin: 33.556005353896786, pixel_height: -3.47198857312195e-06
2024-12-26 21:03:43,946 - DEBUG - Computed pixel coordinates before clamping - x_pixel: 398, y_pixel: 199
2024-12-26 21:03:43,946 - DEBUG - Clamped pixel coordinates - x_pixel: 398, y_pixel: 199
2024-12-26 21:03:43,946 - DEBUG - Pixel Coordinates: [(398, 199), (373, 198), (384, 171), (413, 181), (398, 199)] ... (showing first 5 for brevity)
2024-12-26 21:03:43,946 - DEBUG - Pixel Bounding Box: x_min=373, x_max=413, y_min=171, y_max=199
2024-12-26 21:03:43,946 - DEBUG - Pixel bounding box: (373, 171, 413, 199)
2024-12-26 21:03:43,946 - DEBUG - Input is a list. Converting to tensor.
2024-12-26 21:03:43,946 - DEBUG - Input Bounding Boxes (Corner Format): tensor([[373., 171., 413., 199.]])
2024-12-26 21:03:43,947 - DEBUG - x_min: 373.0, y_min: 171.0, x_max: 413.0, y_max: 199.0
2024-12-26 21:03:43,947 - DEBUG - Converted Bounding Boxes (Center Format): tensor([[393., 185.,  40.,  28.]])
2024-12-26 21:03:43,947 - DEBUG - Normalized bounding box (cx, cy, w, h): tensor([[393., 185.,  40.,  28.]])
2024-12-26 21:03:43,948 - DEBUG - Processed image tensor shape: torch.Size([3, 512, 512])
2024-12-26 21:03:43,949 - DEBUG - Processed bounding box tensor: tensor([[393., 185.,  40.,  28.]])
2024-12-26 21:03:43,949 - DEBUG - Processing index 1675:
2024-12-26 21:03:43,949 - DEBUG - Image path: ./data/raw/train/PS-RGB_tiled/21_104001001E7CA100_tile_177.png
2024-12-26 21:03:43,949 - DEBUG - Label path: ./data/raw/train/geojson_aircraft_tiled/21_104001001E7CA100_tile_177.geojson
2024-12-26 21:03:43,949 - DEBUG - Auxiliary path: ./data/raw/train/PS-RGB_tiled/21_104001001E7CA100_tile_177.png.aux.xml
2024-12-26 21:03:43,949 - DEBUG - Parsing GeoTransform from: ./data/raw/train/PS-RGB_tiled/21_104001001E7CA100_tile_177.png.aux.xml
2024-12-26 21:03:43,950 - DEBUG - GeoTransform parsed: [18.257779980299613, 3.045288813165178e-06, 0.0, 42.56405406473475, 0.0, -3.045288813165178e-06]
2024-12-26 21:03:43,950 - DEBUG - Reading GeoJSON from: ./data/raw/train/geojson_aircraft_tiled/21_104001001E7CA100_tile_177.geojson
2024-12-26 21:03:43,950 - DEBUG - First feature coordinates: [[[18.25820900044384, 42.56265234284937], [18.25807488966477, 42.56262540606896], [18.258044514146434, 42.56272627571475], [18.258184929278364, 42.562756651233094], [18.25820900044384, 42.56265234284937]]]
2024-12-26 21:03:43,950 - DEBUG - Feature properties: {'loc_id': 21, 'cat_id': '104001001E7CA100', 'location': 'Dubrovnik airport, D8, Durovići, Općina Konavle, Dubrovnik-Neretva County, 20213, Croatia', 'role': 'Medium Civil Transport/Utility', 'role_id': 2, 'is_plane': 1, 'num_engines': 2, 'propulsion': 'jet', 'canards': 'no', 'num_tail_fins': 1, 'wing_position': 'mid/low mounted', 'wing_type': 'straight', 'length': 15.811481407060851, 'wingspan': 17.1562712195974, 'area': 135.62808675547416, 'faa_wingspan_class': 2, 'Public_Train': 1, 'Public_Test': 0, 'partialDec': 1.0, 'truncated': 0, 'new_area': 135.62808675547416}
2024-12-26 21:03:43,950 - DEBUG - GeoJSON Coords: [(18.25820900044384, 42.56265234284937), (18.25807488966477, 42.56262540606896), (18.258044514146434, 42.56272627571475), (18.258184929278364, 42.562756651233094), (18.25820900044384, 42.56265234284937)]
2024-12-26 21:03:43,950 - DEBUG - GeoJSON Features: [15.811481407060851, 17.1562712195974, 135.62808675547416, 0, 1, 0, 2, 1, 2]
2024-12-26 21:03:43,950 - DEBUG - Parsed GeoTransform: [18.257779980299613, 3.045288813165178e-06, 0.0, 42.56405406473475, 0.0, -3.045288813165178e-06]
2024-12-26 21:03:43,950 - DEBUG - Parsed GeoJSON coordinates: [(18.25820900044384, 42.56265234284937), (18.25807488966477, 42.56262540606896), (18.258044514146434, 42.56272627571475), (18.258184929278364, 42.562756651233094), (18.25820900044384, 42.56265234284937)]
2024-12-26 21:03:43,951 - DEBUG - STREAM b'IHDR' 16 13
2024-12-26 21:03:43,951 - DEBUG - STREAM b'tRNS' 41 6
2024-12-26 21:03:43,951 - DEBUG - STREAM b'IDAT' 59 8192
2024-12-26 21:03:43,961 - DEBUG - Loaded image size: 512x512
2024-12-26 21:03:43,961 - DEBUG - Converting GeoJSON to pixel bounding boxes.
2024-12-26 21:03:43,961 - DEBUG - Input Coordinates: [(18.25820900044384, 42.56265234284937), (18.25807488966477, 42.56262540606896), (18.258044514146434, 42.56272627571475), (18.258184929278364, 42.562756651233094), (18.25820900044384, 42.56265234284937)] ... (showing first 5 for brevity)
2024-12-26 21:03:43,961 - DEBUG - GeoTransform: [18.257779980299613, 3.045288813165178e-06, 0.0, 42.56405406473475, 0.0, -3.045288813165178e-06]
2024-12-26 21:03:43,961 - DEBUG - Image Dimensions: width=512, height=512
2024-12-26 21:03:43,961 - DEBUG - Converting geo-coordinates to pixel coordinates:
2024-12-26 21:03:43,961 - DEBUG - Inputs - lon: 18.25820900044384, lat: 42.56265234284937, geo_transform: [18.257779980299613, 3.045288813165178e-06, 0.0, 42.56405406473475, 0.0, -3.045288813165178e-06], image_width: 512, image_height: 512
2024-12-26 21:03:43,962 - DEBUG - Parsed GeoTransform - x_origin: 18.257779980299613, pixel_width: 3.045288813165178e-06, y_origin: 42.56405406473475, pixel_height: -3.045288813165178e-06
2024-12-26 21:03:43,962 - DEBUG - Computed pixel coordinates before clamping - x_pixel: 140, y_pixel: 460
2024-12-26 21:03:43,962 - DEBUG - Clamped pixel coordinates - x_pixel: 140, y_pixel: 460
2024-12-26 21:03:43,962 - DEBUG - Converting geo-coordinates to pixel coordinates:
2024-12-26 21:03:43,962 - DEBUG - Inputs - lon: 18.25807488966477, lat: 42.56262540606896, geo_transform: [18.257779980299613, 3.045288813165178e-06, 0.0, 42.56405406473475, 0.0, -3.045288813165178e-06], image_width: 512, image_height: 512
2024-12-26 21:03:43,962 - DEBUG - Parsed GeoTransform - x_origin: 18.257779980299613, pixel_width: 3.045288813165178e-06, y_origin: 42.56405406473475, pixel_height: -3.045288813165178e-06
2024-12-26 21:03:43,962 - DEBUG - Computed pixel coordinates before clamping - x_pixel: 96, y_pixel: 469
2024-12-26 21:03:43,962 - DEBUG - Clamped pixel coordinates - x_pixel: 96, y_pixel: 469
2024-12-26 21:03:43,962 - DEBUG - Converting geo-coordinates to pixel coordinates:
2024-12-26 21:03:43,962 - DEBUG - Inputs - lon: 18.258044514146434, lat: 42.56272627571475, geo_transform: [18.257779980299613, 3.045288813165178e-06, 0.0, 42.56405406473475, 0.0, -3.045288813165178e-06], image_width: 512, image_height: 512
2024-12-26 21:03:43,963 - DEBUG - Parsed GeoTransform - x_origin: 18.257779980299613, pixel_width: 3.045288813165178e-06, y_origin: 42.56405406473475, pixel_height: -3.045288813165178e-06
2024-12-26 21:03:43,963 - DEBUG - Computed pixel coordinates before clamping - x_pixel: 86, y_pixel: 436
2024-12-26 21:03:43,963 - DEBUG - Clamped pixel coordinates - x_pixel: 86, y_pixel: 436
2024-12-26 21:03:43,963 - DEBUG - Converting geo-coordinates to pixel coordinates:
2024-12-26 21:03:43,963 - DEBUG - Inputs - lon: 18.258184929278364, lat: 42.562756651233094, geo_transform: [18.257779980299613, 3.045288813165178e-06, 0.0, 42.56405406473475, 0.0, -3.045288813165178e-06], image_width: 512, image_height: 512
2024-12-26 21:03:43,963 - DEBUG - Parsed GeoTransform - x_origin: 18.257779980299613, pixel_width: 3.045288813165178e-06, y_origin: 42.56405406473475, pixel_height: -3.045288813165178e-06
2024-12-26 21:03:43,963 - DEBUG - Computed pixel coordinates before clamping - x_pixel: 132, y_pixel: 426
2024-12-26 21:03:43,963 - DEBUG - Clamped pixel coordinates - x_pixel: 132, y_pixel: 426
2024-12-26 21:03:43,963 - DEBUG - Converting geo-coordinates to pixel coordinates:
2024-12-26 21:03:43,963 - DEBUG - Inputs - lon: 18.25820900044384, lat: 42.56265234284937, geo_transform: [18.257779980299613, 3.045288813165178e-06, 0.0, 42.56405406473475, 0.0, -3.045288813165178e-06], image_width: 512, image_height: 512
2024-12-26 21:03:43,963 - DEBUG - Parsed GeoTransform - x_origin: 18.257779980299613, pixel_width: 3.045288813165178e-06, y_origin: 42.56405406473475, pixel_height: -3.045288813165178e-06
2024-12-26 21:03:43,963 - DEBUG - Computed pixel coordinates before clamping - x_pixel: 140, y_pixel: 460
2024-12-26 21:03:43,963 - DEBUG - Clamped pixel coordinates - x_pixel: 140, y_pixel: 460
2024-12-26 21:03:43,964 - DEBUG - Pixel Coordinates: [(140, 460), (96, 469), (86, 436), (132, 426), (140, 460)] ... (showing first 5 for brevity)
2024-12-26 21:03:43,964 - DEBUG - Pixel Bounding Box: x_min=86, x_max=140, y_min=426, y_max=469
2024-12-26 21:03:43,964 - DEBUG - Pixel bounding box: (86, 426, 140, 469)
2024-12-26 21:03:43,964 - DEBUG - Input is a list. Converting to tensor.
2024-12-26 21:03:43,964 - DEBUG - Input Bounding Boxes (Corner Format): tensor([[ 86., 426., 140., 469.]])
2024-12-26 21:03:43,964 - DEBUG - x_min: 86.0, y_min: 426.0, x_max: 140.0, y_max: 469.0
2024-12-26 21:03:43,964 - DEBUG - Converted Bounding Boxes (Center Format): tensor([[113.0000, 447.5000,  54.0000,  43.0000]])
2024-12-26 21:03:43,965 - DEBUG - Normalized bounding box (cx, cy, w, h): tensor([[113.0000, 447.5000,  54.0000,  43.0000]])
2024-12-26 21:03:43,966 - DEBUG - Processed image tensor shape: torch.Size([3, 512, 512])
2024-12-26 21:03:43,966 - DEBUG - Processed bounding box tensor: tensor([[113.0000, 447.5000,  54.0000,  43.0000]])
2024-12-26 21:03:43,966 - DEBUG - Processing index 1476:
2024-12-26 21:03:43,966 - DEBUG - Image path: ./data/raw/train/PS-RGB_tiled/18_1040050010DC4900_tile_2583.png
2024-12-26 21:03:43,966 - DEBUG - Label path: ./data/raw/train/geojson_aircraft_tiled/18_1040050010DC4900_tile_2583.geojson
2024-12-26 21:03:43,967 - DEBUG - Auxiliary path: ./data/raw/train/PS-RGB_tiled/18_1040050010DC4900_tile_2583.png.aux.xml
2024-12-26 21:03:43,967 - DEBUG - Parsing GeoTransform from: ./data/raw/train/PS-RGB_tiled/18_1040050010DC4900_tile_2583.png.aux.xml
2024-12-26 21:03:43,967 - DEBUG - GeoTransform parsed: [8.562474470904876, 3.273460895331536e-06, 0.0, 50.045048107437864, 0.0, -3.273460895331536e-06]
2024-12-26 21:03:43,967 - DEBUG - Reading GeoJSON from: ./data/raw/train/geojson_aircraft_tiled/18_1040050010DC4900_tile_2583.geojson
2024-12-26 21:03:43,967 - DEBUG - First feature coordinates: [[[8.56279930381883, 50.04404725039354], [8.562487490710353, 50.04418654834578], [8.562664291957429, 50.04437620786537], [8.5629643183161, 50.04428084234422], [8.56279930381883, 50.04404725039354]]]
2024-12-26 21:03:43,967 - DEBUG - Feature properties: {'loc_id': 18, 'cat_id': '1040050010DC4900', 'location': '520 A380-Halle, Okrifteler Straße, Rüsselsheim am Main, Kreis Groß-Gerau, Regierungsbezirk Darmstadt, Hesse, 65428, Germany', 'role': 'Medium Civil Transport/Utility', 'role_id': 2, 'is_plane': 1, 'num_engines': 2, 'propulsion': 'jet', 'canards': 'no', 'num_tail_fins': 1, 'wing_position': 'mid/low mounted', 'wing_type': 'swept', 'length': 37.8316896041344, 'wingspan': 35.71537251146549, 'area': 675.0583509736908, 'faa_wingspan_class': 3, 'Public_Train': 1, 'Public_Test': 0, 'partialDec': 1.0, 'truncated': 0, 'new_area': 675.0583509736908}
2024-12-26 21:03:43,968 - DEBUG - GeoJSON Coords: [(8.56279930381883, 50.04404725039354), (8.562487490710353, 50.04418654834578), (8.562664291957429, 50.04437620786537), (8.5629643183161, 50.04428084234422), (8.56279930381883, 50.04404725039354)]
2024-12-26 21:03:43,968 - DEBUG - GeoJSON Features: [37.8316896041344, 35.71537251146549, 675.0583509736908, 1, 1, 0, 2, 1, 3]
2024-12-26 21:03:43,968 - DEBUG - Parsed GeoTransform: [8.562474470904876, 3.273460895331536e-06, 0.0, 50.045048107437864, 0.0, -3.273460895331536e-06]
2024-12-26 21:03:43,968 - DEBUG - Parsed GeoJSON coordinates: [(8.56279930381883, 50.04404725039354), (8.562487490710353, 50.04418654834578), (8.562664291957429, 50.04437620786537), (8.5629643183161, 50.04428084234422), (8.56279930381883, 50.04404725039354)]
2024-12-26 21:03:43,968 - DEBUG - STREAM b'IHDR' 16 13
2024-12-26 21:03:43,968 - DEBUG - STREAM b'tRNS' 41 6
2024-12-26 21:03:43,968 - DEBUG - STREAM b'IDAT' 59 8192
2024-12-26 21:03:43,979 - DEBUG - Loaded image size: 512x512
2024-12-26 21:03:43,979 - DEBUG - Converting GeoJSON to pixel bounding boxes.
2024-12-26 21:03:43,979 - DEBUG - Input Coordinates: [(8.56279930381883, 50.04404725039354), (8.562487490710353, 50.04418654834578), (8.562664291957429, 50.04437620786537), (8.5629643183161, 50.04428084234422), (8.56279930381883, 50.04404725039354)] ... (showing first 5 for brevity)
2024-12-26 21:03:43,979 - DEBUG - GeoTransform: [8.562474470904876, 3.273460895331536e-06, 0.0, 50.045048107437864, 0.0, -3.273460895331536e-06]
2024-12-26 21:03:43,979 - DEBUG - Image Dimensions: width=512, height=512
2024-12-26 21:03:43,980 - DEBUG - Converting geo-coordinates to pixel coordinates:
2024-12-26 21:03:43,980 - DEBUG - Inputs - lon: 8.56279930381883, lat: 50.04404725039354, geo_transform: [8.562474470904876, 3.273460895331536e-06, 0.0, 50.045048107437864, 0.0, -3.273460895331536e-06], image_width: 512, image_height: 512
2024-12-26 21:03:43,980 - DEBUG - Parsed GeoTransform - x_origin: 8.562474470904876, pixel_width: 3.273460895331536e-06, y_origin: 50.045048107437864, pixel_height: -3.273460895331536e-06
2024-12-26 21:03:43,980 - DEBUG - Computed pixel coordinates before clamping - x_pixel: 99, y_pixel: 305
2024-12-26 21:03:43,980 - DEBUG - Clamped pixel coordinates - x_pixel: 99, y_pixel: 305
2024-12-26 21:03:43,980 - DEBUG - Converting geo-coordinates to pixel coordinates:
2024-12-26 21:03:43,980 - DEBUG - Inputs - lon: 8.562487490710353, lat: 50.04418654834578, geo_transform: [8.562474470904876, 3.273460895331536e-06, 0.0, 50.045048107437864, 0.0, -3.273460895331536e-06], image_width: 512, image_height: 512
2024-12-26 21:03:43,980 - DEBUG - Parsed GeoTransform - x_origin: 8.562474470904876, pixel_width: 3.273460895331536e-06, y_origin: 50.045048107437864, pixel_height: -3.273460895331536e-06
2024-12-26 21:03:43,980 - DEBUG - Computed pixel coordinates before clamping - x_pixel: 3, y_pixel: 263
2024-12-26 21:03:43,980 - DEBUG - Clamped pixel coordinates - x_pixel: 3, y_pixel: 263
2024-12-26 21:03:43,980 - DEBUG - Converting geo-coordinates to pixel coordinates:
2024-12-26 21:03:43,980 - DEBUG - Inputs - lon: 8.562664291957429, lat: 50.04437620786537, geo_transform: [8.562474470904876, 3.273460895331536e-06, 0.0, 50.045048107437864, 0.0, -3.273460895331536e-06], image_width: 512, image_height: 512
2024-12-26 21:03:43,980 - DEBUG - Parsed GeoTransform - x_origin: 8.562474470904876, pixel_width: 3.273460895331536e-06, y_origin: 50.045048107437864, pixel_height: -3.273460895331536e-06
2024-12-26 21:03:43,980 - DEBUG - Computed pixel coordinates before clamping - x_pixel: 57, y_pixel: 205
2024-12-26 21:03:43,981 - DEBUG - Clamped pixel coordinates - x_pixel: 57, y_pixel: 205
2024-12-26 21:03:43,981 - DEBUG - Converting geo-coordinates to pixel coordinates:
2024-12-26 21:03:43,981 - DEBUG - Inputs - lon: 8.5629643183161, lat: 50.04428084234422, geo_transform: [8.562474470904876, 3.273460895331536e-06, 0.0, 50.045048107437864, 0.0, -3.273460895331536e-06], image_width: 512, image_height: 512
2024-12-26 21:03:43,981 - DEBUG - Parsed GeoTransform - x_origin: 8.562474470904876, pixel_width: 3.273460895331536e-06, y_origin: 50.045048107437864, pixel_height: -3.273460895331536e-06
2024-12-26 21:03:43,981 - DEBUG - Computed pixel coordinates before clamping - x_pixel: 149, y_pixel: 234
2024-12-26 21:03:43,981 - DEBUG - Clamped pixel coordinates - x_pixel: 149, y_pixel: 234
2024-12-26 21:03:43,981 - DEBUG - Converting geo-coordinates to pixel coordinates:
2024-12-26 21:03:43,981 - DEBUG - Inputs - lon: 8.56279930381883, lat: 50.04404725039354, geo_transform: [8.562474470904876, 3.273460895331536e-06, 0.0, 50.045048107437864, 0.0, -3.273460895331536e-06], image_width: 512, image_height: 512
2024-12-26 21:03:43,981 - DEBUG - Parsed GeoTransform - x_origin: 8.562474470904876, pixel_width: 3.273460895331536e-06, y_origin: 50.045048107437864, pixel_height: -3.273460895331536e-06
2024-12-26 21:03:43,981 - DEBUG - Computed pixel coordinates before clamping - x_pixel: 99, y_pixel: 305
2024-12-26 21:03:43,981 - DEBUG - Clamped pixel coordinates - x_pixel: 99, y_pixel: 305
2024-12-26 21:03:43,981 - DEBUG - Pixel Coordinates: [(99, 305), (3, 263), (57, 205), (149, 234), (99, 305)] ... (showing first 5 for brevity)
2024-12-26 21:03:43,981 - DEBUG - Pixel Bounding Box: x_min=3, x_max=149, y_min=205, y_max=305
2024-12-26 21:03:43,982 - DEBUG - Pixel bounding box: (3, 205, 149, 305)
2024-12-26 21:03:43,982 - DEBUG - Input is a list. Converting to tensor.
2024-12-26 21:03:43,982 - DEBUG - Input Bounding Boxes (Corner Format): tensor([[  3., 205., 149., 305.]])
2024-12-26 21:03:43,982 - DEBUG - x_min: 3.0, y_min: 205.0, x_max: 149.0, y_max: 305.0
2024-12-26 21:03:43,982 - DEBUG - Converted Bounding Boxes (Center Format): tensor([[ 76., 255., 146., 100.]])
2024-12-26 21:03:43,983 - DEBUG - Normalized bounding box (cx, cy, w, h): tensor([[ 76., 255., 146., 100.]])
2024-12-26 21:03:43,984 - DEBUG - Processed image tensor shape: torch.Size([3, 512, 512])
2024-12-26 21:03:43,984 - DEBUG - Processed bounding box tensor: tensor([[ 76., 255., 146., 100.]])
2024-12-26 21:03:43,984 - DEBUG - Processing index 2783:
2024-12-26 21:03:43,984 - DEBUG - Image path: ./data/raw/train/PS-RGB_tiled/4_1040010019345B00_tile_872.png
2024-12-26 21:03:43,984 - DEBUG - Label path: ./data/raw/train/geojson_aircraft_tiled/4_1040010019345B00_tile_872.geojson
2024-12-26 21:03:43,984 - DEBUG - Auxiliary path: ./data/raw/train/PS-RGB_tiled/4_1040010019345B00_tile_872.png.aux.xml
2024-12-26 21:03:43,984 - DEBUG - Parsing GeoTransform from: ./data/raw/train/PS-RGB_tiled/4_1040010019345B00_tile_872.png.aux.xml
2024-12-26 21:03:43,985 - DEBUG - GeoTransform parsed: [-122.3023172165325, 3.260884481353863e-06, 0.0, 47.443448721859525, 0.0, -3.260884481353863e-06]
2024-12-26 21:03:43,985 - DEBUG - Reading GeoJSON from: ./data/raw/train/geojson_aircraft_tiled/4_1040010019345B00_tile_872.geojson
2024-12-26 21:03:43,985 - DEBUG - First feature coordinates: [[[-122.30206697669948, 47.44225783991217], [-122.30213591916302, 47.44201875503862], [-122.3023172165325, 47.44202205135443], [-122.3023172165325, 47.44220544312403], [-122.30206697669948, 47.44225783991217]]]
2024-12-26 21:03:43,985 - DEBUG - Feature properties: {'loc_id': 4, 'cat_id': '1040010019345B00', 'location': 'Seattle-Tacoma International Airport, Seattle-Tacoma Departures, SeaTac, King County, Washington, 98158, USA', 'role': 'Medium Civil Transport/Utility', 'role_id': 2, 'is_plane': 1, 'num_engines': 2, 'propulsion': 'jet', 'canards': 'no', 'num_tail_fins': 1, 'wing_position': 'mid/low mounted', 'wing_type': 'swept', 'length': 35.14475525058268, 'wingspan': 28.099258897327186, 'area': 493.6730919464787, 'faa_wingspan_class': 3, 'Public_Train': 1, 'Public_Test': 0, 'partialDec': 0.7592968631543111, 'truncated': 1, 'new_area': 374.8444301386511}
2024-12-26 21:03:43,985 - DEBUG - GeoJSON Coords: [(-122.30206697669948, 47.44225783991217), (-122.30213591916302, 47.44201875503862), (-122.3023172165325, 47.44202205135443), (-122.3023172165325, 47.44220544312403), (-122.30206697669948, 47.44225783991217)]
2024-12-26 21:03:43,985 - DEBUG - GeoJSON Features: [35.14475525058268, 28.099258897327186, 493.6730919464787, 1, 1, 0, 2, 1, 3]
2024-12-26 21:03:43,985 - DEBUG - Parsed GeoTransform: [-122.3023172165325, 3.260884481353863e-06, 0.0, 47.443448721859525, 0.0, -3.260884481353863e-06]
2024-12-26 21:03:43,986 - DEBUG - Parsed GeoJSON coordinates: [(-122.30206697669948, 47.44225783991217), (-122.30213591916302, 47.44201875503862), (-122.3023172165325, 47.44202205135443), (-122.3023172165325, 47.44220544312403), (-122.30206697669948, 47.44225783991217)]
2024-12-26 21:03:43,986 - DEBUG - STREAM b'IHDR' 16 13
2024-12-26 21:03:43,986 - DEBUG - STREAM b'tRNS' 41 6
2024-12-26 21:03:43,986 - DEBUG - STREAM b'IDAT' 59 8192
2024-12-26 21:03:43,997 - DEBUG - Loaded image size: 512x512
2024-12-26 21:03:43,997 - DEBUG - Converting GeoJSON to pixel bounding boxes.
2024-12-26 21:03:43,997 - DEBUG - Input Coordinates: [(-122.30206697669948, 47.44225783991217), (-122.30213591916302, 47.44201875503862), (-122.3023172165325, 47.44202205135443), (-122.3023172165325, 47.44220544312403), (-122.30206697669948, 47.44225783991217)] ... (showing first 5 for brevity)
2024-12-26 21:03:43,997 - DEBUG - GeoTransform: [-122.3023172165325, 3.260884481353863e-06, 0.0, 47.443448721859525, 0.0, -3.260884481353863e-06]
2024-12-26 21:03:43,997 - DEBUG - Image Dimensions: width=512, height=512
2024-12-26 21:03:43,997 - DEBUG - Converting geo-coordinates to pixel coordinates:
2024-12-26 21:03:43,997 - DEBUG - Inputs - lon: -122.30206697669948, lat: 47.44225783991217, geo_transform: [-122.3023172165325, 3.260884481353863e-06, 0.0, 47.443448721859525, 0.0, -3.260884481353863e-06], image_width: 512, image_height: 512
2024-12-26 21:03:43,997 - DEBUG - Parsed GeoTransform - x_origin: -122.3023172165325, pixel_width: 3.260884481353863e-06, y_origin: 47.443448721859525, pixel_height: -3.260884481353863e-06
2024-12-26 21:03:43,998 - DEBUG - Computed pixel coordinates before clamping - x_pixel: 76, y_pixel: 365
2024-12-26 21:03:43,998 - DEBUG - Clamped pixel coordinates - x_pixel: 76, y_pixel: 365
2024-12-26 21:03:43,998 - DEBUG - Converting geo-coordinates to pixel coordinates:
2024-12-26 21:03:43,998 - DEBUG - Inputs - lon: -122.30213591916302, lat: 47.44201875503862, geo_transform: [-122.3023172165325, 3.260884481353863e-06, 0.0, 47.443448721859525, 0.0, -3.260884481353863e-06], image_width: 512, image_height: 512
2024-12-26 21:03:43,998 - DEBUG - Parsed GeoTransform - x_origin: -122.3023172165325, pixel_width: 3.260884481353863e-06, y_origin: 47.443448721859525, pixel_height: -3.260884481353863e-06
2024-12-26 21:03:43,998 - DEBUG - Computed pixel coordinates before clamping - x_pixel: 55, y_pixel: 438
2024-12-26 21:03:43,998 - DEBUG - Clamped pixel coordinates - x_pixel: 55, y_pixel: 438
2024-12-26 21:03:43,998 - DEBUG - Converting geo-coordinates to pixel coordinates:
2024-12-26 21:03:43,998 - DEBUG - Inputs - lon: -122.3023172165325, lat: 47.44202205135443, geo_transform: [-122.3023172165325, 3.260884481353863e-06, 0.0, 47.443448721859525, 0.0, -3.260884481353863e-06], image_width: 512, image_height: 512
2024-12-26 21:03:43,998 - DEBUG - Parsed GeoTransform - x_origin: -122.3023172165325, pixel_width: 3.260884481353863e-06, y_origin: 47.443448721859525, pixel_height: -3.260884481353863e-06
2024-12-26 21:03:43,998 - DEBUG - Computed pixel coordinates before clamping - x_pixel: 0, y_pixel: 437
2024-12-26 21:03:43,998 - DEBUG - Clamped pixel coordinates - x_pixel: 0, y_pixel: 437
2024-12-26 21:03:43,998 - DEBUG - Converting geo-coordinates to pixel coordinates:
2024-12-26 21:03:43,998 - DEBUG - Inputs - lon: -122.3023172165325, lat: 47.44220544312403, geo_transform: [-122.3023172165325, 3.260884481353863e-06, 0.0, 47.443448721859525, 0.0, -3.260884481353863e-06], image_width: 512, image_height: 512
2024-12-26 21:03:43,998 - DEBUG - Parsed GeoTransform - x_origin: -122.3023172165325, pixel_width: 3.260884481353863e-06, y_origin: 47.443448721859525, pixel_height: -3.260884481353863e-06
2024-12-26 21:03:43,999 - DEBUG - Computed pixel coordinates before clamping - x_pixel: 0, y_pixel: 381
2024-12-26 21:03:43,999 - DEBUG - Clamped pixel coordinates - x_pixel: 0, y_pixel: 381
2024-12-26 21:03:43,999 - DEBUG - Converting geo-coordinates to pixel coordinates:
2024-12-26 21:03:43,999 - DEBUG - Inputs - lon: -122.30206697669948, lat: 47.44225783991217, geo_transform: [-122.3023172165325, 3.260884481353863e-06, 0.0, 47.443448721859525, 0.0, -3.260884481353863e-06], image_width: 512, image_height: 512
2024-12-26 21:03:43,999 - DEBUG - Parsed GeoTransform - x_origin: -122.3023172165325, pixel_width: 3.260884481353863e-06, y_origin: 47.443448721859525, pixel_height: -3.260884481353863e-06
2024-12-26 21:03:43,999 - DEBUG - Computed pixel coordinates before clamping - x_pixel: 76, y_pixel: 365
2024-12-26 21:03:43,999 - DEBUG - Clamped pixel coordinates - x_pixel: 76, y_pixel: 365
2024-12-26 21:03:43,999 - DEBUG - Pixel Coordinates: [(76, 365), (55, 438), (0, 437), (0, 381), (76, 365)] ... (showing first 5 for brevity)
2024-12-26 21:03:43,999 - DEBUG - Pixel Bounding Box: x_min=0, x_max=76, y_min=365, y_max=438
2024-12-26 21:03:43,999 - DEBUG - Pixel bounding box: (0, 365, 76, 438)
2024-12-26 21:03:43,999 - DEBUG - Input is a list. Converting to tensor.
2024-12-26 21:03:44,000 - DEBUG - Input Bounding Boxes (Corner Format): tensor([[  0., 365.,  76., 438.]])
2024-12-26 21:03:44,000 - DEBUG - x_min: 0.0, y_min: 365.0, x_max: 76.0, y_max: 438.0
2024-12-26 21:03:44,000 - DEBUG - Converted Bounding Boxes (Center Format): tensor([[ 38.0000, 401.5000,  76.0000,  73.0000]])
2024-12-26 21:03:44,000 - DEBUG - Normalized bounding box (cx, cy, w, h): tensor([[ 38.0000, 401.5000,  76.0000,  73.0000]])
2024-12-26 21:03:44,001 - DEBUG - Processed image tensor shape: torch.Size([3, 512, 512])
2024-12-26 21:03:44,002 - DEBUG - Processed bounding box tensor: tensor([[ 38.0000, 401.5000,  76.0000,  73.0000]])
2024-12-26 21:03:44,002 - DEBUG - Processing index 2548:
2024-12-26 21:03:44,002 - DEBUG - Image path: ./data/raw/train/PS-RGB_tiled/45_1040010044AFF200_tile_198.png
2024-12-26 21:03:44,002 - DEBUG - Label path: ./data/raw/train/geojson_aircraft_tiled/45_1040010044AFF200_tile_198.geojson
2024-12-26 21:03:44,002 - DEBUG - Auxiliary path: ./data/raw/train/PS-RGB_tiled/45_1040010044AFF200_tile_198.png.aux.xml
2024-12-26 21:03:44,002 - DEBUG - Parsing GeoTransform from: ./data/raw/train/PS-RGB_tiled/45_1040010044AFF200_tile_198.png.aux.xml
2024-12-26 21:03:44,002 - DEBUG - GeoTransform parsed: [-77.5134535715381, 2.841670682095092e-06, 0.0, 38.725111449645176, 0.0, -2.841670682095092e-06]
2024-12-26 21:03:44,003 - DEBUG - Reading GeoJSON from: ./data/raw/train/geojson_aircraft_tiled/45_1040010044AFF200_tile_198.geojson
2024-12-26 21:03:44,003 - DEBUG - First feature coordinates: [[[-77.51343502635807, 38.72413151605669], [-77.51344409151947, 38.724178717414354], [-77.51336062951619, 38.7241690270694], [-77.51339032573459, 38.72409931910411], [-77.51343502635807, 38.72413151605669]]]
2024-12-26 21:03:44,003 - DEBUG - Feature properties: {'loc_id': 45, 'cat_id': '1040010044AFF200', 'location': 'Manassas Regional Airport, Terminal Road, Lee Manor, Manassas, Virginia, 20110, USA', 'role': 'Small Civil Transport/Utility', 'role_id': 1, 'is_plane': 1, 'num_engines': 1, 'propulsion': 'propeller', 'canards': 'no', 'num_tail_fins': 1, 'wing_position': 'mid/low mounted', 'wing_type': 'straight', 'length': 7.6953745124372475, 'wingspan': 9.979247323860813, 'area': 38.26111399706512, 'faa_wingspan_class': 1, 'Public_Train': 1, 'Public_Test': 0, 'partialDec': 1.0, 'truncated': 0, 'new_area': 38.26111399706512}
2024-12-26 21:03:44,003 - DEBUG - GeoJSON Coords: [(-77.51343502635807, 38.72413151605669), (-77.51344409151947, 38.724178717414354), (-77.51336062951619, 38.7241690270694), (-77.51339032573459, 38.72409931910411), (-77.51343502635807, 38.72413151605669)]
2024-12-26 21:03:44,003 - DEBUG - GeoJSON Features: [7.6953745124372475, 9.979247323860813, 38.26111399706512, 0, 1, 0, 1, 1, 1]
2024-12-26 21:03:44,003 - DEBUG - Parsed GeoTransform: [-77.5134535715381, 2.841670682095092e-06, 0.0, 38.725111449645176, 0.0, -2.841670682095092e-06]
2024-12-26 21:03:44,003 - DEBUG - Parsed GeoJSON coordinates: [(-77.51343502635807, 38.72413151605669), (-77.51344409151947, 38.724178717414354), (-77.51336062951619, 38.7241690270694), (-77.51339032573459, 38.72409931910411), (-77.51343502635807, 38.72413151605669)]
2024-12-26 21:03:44,004 - DEBUG - STREAM b'IHDR' 16 13
2024-12-26 21:03:44,004 - DEBUG - STREAM b'tRNS' 41 6
2024-12-26 21:03:44,004 - DEBUG - STREAM b'IDAT' 59 8192
2024-12-26 21:03:44,014 - DEBUG - Loaded image size: 512x512
2024-12-26 21:03:44,014 - DEBUG - Converting GeoJSON to pixel bounding boxes.
2024-12-26 21:03:44,015 - DEBUG - Input Coordinates: [(-77.51343502635807, 38.72413151605669), (-77.51344409151947, 38.724178717414354), (-77.51336062951619, 38.7241690270694), (-77.51339032573459, 38.72409931910411), (-77.51343502635807, 38.72413151605669)] ... (showing first 5 for brevity)
2024-12-26 21:03:44,015 - DEBUG - GeoTransform: [-77.5134535715381, 2.841670682095092e-06, 0.0, 38.725111449645176, 0.0, -2.841670682095092e-06]
2024-12-26 21:03:44,015 - DEBUG - Image Dimensions: width=512, height=512
2024-12-26 21:03:44,015 - DEBUG - Converting geo-coordinates to pixel coordinates:
2024-12-26 21:03:44,015 - DEBUG - Inputs - lon: -77.51343502635807, lat: 38.72413151605669, geo_transform: [-77.5134535715381, 2.841670682095092e-06, 0.0, 38.725111449645176, 0.0, -2.841670682095092e-06], image_width: 512, image_height: 512
2024-12-26 21:03:44,015 - DEBUG - Parsed GeoTransform - x_origin: -77.5134535715381, pixel_width: 2.841670682095092e-06, y_origin: 38.725111449645176, pixel_height: -2.841670682095092e-06
2024-12-26 21:03:44,015 - DEBUG - Computed pixel coordinates before clamping - x_pixel: 6, y_pixel: 344
2024-12-26 21:03:44,015 - DEBUG - Clamped pixel coordinates - x_pixel: 6, y_pixel: 344
2024-12-26 21:03:44,015 - DEBUG - Converting geo-coordinates to pixel coordinates:
2024-12-26 21:03:44,015 - DEBUG - Inputs - lon: -77.51344409151947, lat: 38.724178717414354, geo_transform: [-77.5134535715381, 2.841670682095092e-06, 0.0, 38.725111449645176, 0.0, -2.841670682095092e-06], image_width: 512, image_height: 512
2024-12-26 21:03:44,015 - DEBUG - Parsed GeoTransform - x_origin: -77.5134535715381, pixel_width: 2.841670682095092e-06, y_origin: 38.725111449645176, pixel_height: -2.841670682095092e-06
2024-12-26 21:03:44,015 - DEBUG - Computed pixel coordinates before clamping - x_pixel: 3, y_pixel: 328
2024-12-26 21:03:44,015 - DEBUG - Clamped pixel coordinates - x_pixel: 3, y_pixel: 328
2024-12-26 21:03:44,016 - DEBUG - Converting geo-coordinates to pixel coordinates:
2024-12-26 21:03:44,016 - DEBUG - Inputs - lon: -77.51336062951619, lat: 38.7241690270694, geo_transform: [-77.5134535715381, 2.841670682095092e-06, 0.0, 38.725111449645176, 0.0, -2.841670682095092e-06], image_width: 512, image_height: 512
2024-12-26 21:03:44,016 - DEBUG - Parsed GeoTransform - x_origin: -77.5134535715381, pixel_width: 2.841670682095092e-06, y_origin: 38.725111449645176, pixel_height: -2.841670682095092e-06
2024-12-26 21:03:44,016 - DEBUG - Computed pixel coordinates before clamping - x_pixel: 32, y_pixel: 331
2024-12-26 21:03:44,016 - DEBUG - Clamped pixel coordinates - x_pixel: 32, y_pixel: 331
2024-12-26 21:03:44,016 - DEBUG - Converting geo-coordinates to pixel coordinates:
2024-12-26 21:03:44,016 - DEBUG - Inputs - lon: -77.51339032573459, lat: 38.72409931910411, geo_transform: [-77.5134535715381, 2.841670682095092e-06, 0.0, 38.725111449645176, 0.0, -2.841670682095092e-06], image_width: 512, image_height: 512
2024-12-26 21:03:44,016 - DEBUG - Parsed GeoTransform - x_origin: -77.5134535715381, pixel_width: 2.841670682095092e-06, y_origin: 38.725111449645176, pixel_height: -2.841670682095092e-06
2024-12-26 21:03:44,016 - DEBUG - Computed pixel coordinates before clamping - x_pixel: 22, y_pixel: 356
2024-12-26 21:03:44,016 - DEBUG - Clamped pixel coordinates - x_pixel: 22, y_pixel: 356
2024-12-26 21:03:44,016 - DEBUG - Converting geo-coordinates to pixel coordinates:
2024-12-26 21:03:44,016 - DEBUG - Inputs - lon: -77.51343502635807, lat: 38.72413151605669, geo_transform: [-77.5134535715381, 2.841670682095092e-06, 0.0, 38.725111449645176, 0.0, -2.841670682095092e-06], image_width: 512, image_height: 512
2024-12-26 21:03:44,016 - DEBUG - Parsed GeoTransform - x_origin: -77.5134535715381, pixel_width: 2.841670682095092e-06, y_origin: 38.725111449645176, pixel_height: -2.841670682095092e-06
2024-12-26 21:03:44,016 - DEBUG - Computed pixel coordinates before clamping - x_pixel: 6, y_pixel: 344
2024-12-26 21:03:44,017 - DEBUG - Clamped pixel coordinates - x_pixel: 6, y_pixel: 344
2024-12-26 21:03:44,017 - DEBUG - Pixel Coordinates: [(6, 344), (3, 328), (32, 331), (22, 356), (6, 344)] ... (showing first 5 for brevity)
2024-12-26 21:03:44,017 - DEBUG - Pixel Bounding Box: x_min=3, x_max=32, y_min=328, y_max=356
2024-12-26 21:03:44,017 - DEBUG - Pixel bounding box: (3, 328, 32, 356)
2024-12-26 21:03:44,017 - DEBUG - Input is a list. Converting to tensor.
2024-12-26 21:03:44,017 - DEBUG - Input Bounding Boxes (Corner Format): tensor([[  3., 328.,  32., 356.]])
2024-12-26 21:03:44,017 - DEBUG - x_min: 3.0, y_min: 328.0, x_max: 32.0, y_max: 356.0
2024-12-26 21:03:44,018 - DEBUG - Converted Bounding Boxes (Center Format): tensor([[ 17.5000, 342.0000,  29.0000,  28.0000]])
2024-12-26 21:03:44,018 - DEBUG - Normalized bounding box (cx, cy, w, h): tensor([[ 17.5000, 342.0000,  29.0000,  28.0000]])
2024-12-26 21:03:44,019 - DEBUG - Processed image tensor shape: torch.Size([3, 512, 512])
2024-12-26 21:03:44,019 - DEBUG - Processed bounding box tensor: tensor([[ 17.5000, 342.0000,  29.0000,  28.0000]])
2024-12-26 21:03:44,019 - DEBUG - Processing index 1378:
2024-12-26 21:03:44,019 - DEBUG - Image path: ./data/raw/train/PS-RGB_tiled/18_10400100211BDD00_tile_4476.png
2024-12-26 21:03:44,020 - DEBUG - Label path: ./data/raw/train/geojson_aircraft_tiled/18_10400100211BDD00_tile_4476.geojson
2024-12-26 21:03:44,020 - DEBUG - Auxiliary path: ./data/raw/train/PS-RGB_tiled/18_10400100211BDD00_tile_4476.png.aux.xml
2024-12-26 21:03:44,020 - DEBUG - Parsing GeoTransform from: ./data/raw/train/PS-RGB_tiled/18_10400100211BDD00_tile_4476.png.aux.xml
2024-12-26 21:03:44,020 - DEBUG - GeoTransform parsed: [8.588611590391514, 2.8746089091824687e-06, 0.0, 50.0495523155862, 0.0, -2.8746089091824687e-06]
2024-12-26 21:03:44,020 - DEBUG - Reading GeoJSON from: ./data/raw/train/geojson_aircraft_tiled/18_10400100211BDD00_tile_4476.geojson
2024-12-26 21:03:44,020 - DEBUG - First feature coordinates: [[[8.58872091605112, 50.048987249066336], [8.588611590391514, 50.04902599948867], [8.588611590391514, 50.04926351686133], [8.58884706878917, 50.04920027621741], [8.58872091605112, 50.048987249066336]]]
2024-12-26 21:03:44,020 - DEBUG - Feature properties: {'loc_id': 18, 'cat_id': '10400100211BDD00', 'location': '520 A380-Halle, Okrifteler Straße, Rüsselsheim am Main, Kreis Groß-Gerau, Regierungsbezirk Darmstadt, Hesse, 65428, Germany', 'role': 'Medium Civil Transport/Utility', 'role_id': 2, 'is_plane': 1, 'num_engines': 2, 'propulsion': 'jet', 'canards': 'no', 'num_tail_fins': 1, 'wing_position': 'mid/low mounted', 'wing_type': 'swept', 'length': 34.53873408375234, 'wingspan': 33.071902665401176, 'area': 571.1180564196749, 'faa_wingspan_class': 3, 'Public_Train': 1, 'Public_Test': 0, 'partialDec': 0.5861591632084717, 'truncated': 1, 'new_area': 334.76608204420535}
2024-12-26 21:03:44,021 - DEBUG - GeoJSON Coords: [(8.58872091605112, 50.048987249066336), (8.588611590391514, 50.04902599948867), (8.588611590391514, 50.04926351686133), (8.58884706878917, 50.04920027621741), (8.58872091605112, 50.048987249066336)]
2024-12-26 21:03:44,021 - DEBUG - GeoJSON Features: [34.53873408375234, 33.071902665401176, 571.1180564196749, 1, 1, 0, 2, 1, 3]
2024-12-26 21:03:44,021 - DEBUG - Parsed GeoTransform: [8.588611590391514, 2.8746089091824687e-06, 0.0, 50.0495523155862, 0.0, -2.8746089091824687e-06]
2024-12-26 21:03:44,021 - DEBUG - Parsed GeoJSON coordinates: [(8.58872091605112, 50.048987249066336), (8.588611590391514, 50.04902599948867), (8.588611590391514, 50.04926351686133), (8.58884706878917, 50.04920027621741), (8.58872091605112, 50.048987249066336)]
2024-12-26 21:03:44,021 - DEBUG - STREAM b'IHDR' 16 13
2024-12-26 21:03:44,021 - DEBUG - STREAM b'tRNS' 41 6
2024-12-26 21:03:44,021 - DEBUG - STREAM b'IDAT' 59 8192
2024-12-26 21:03:44,032 - DEBUG - Loaded image size: 512x512
2024-12-26 21:03:44,032 - DEBUG - Converting GeoJSON to pixel bounding boxes.
2024-12-26 21:03:44,032 - DEBUG - Input Coordinates: [(8.58872091605112, 50.048987249066336), (8.588611590391514, 50.04902599948867), (8.588611590391514, 50.04926351686133), (8.58884706878917, 50.04920027621741), (8.58872091605112, 50.048987249066336)] ... (showing first 5 for brevity)
2024-12-26 21:03:44,032 - DEBUG - GeoTransform: [8.588611590391514, 2.8746089091824687e-06, 0.0, 50.0495523155862, 0.0, -2.8746089091824687e-06]
2024-12-26 21:03:44,032 - DEBUG - Image Dimensions: width=512, height=512
2024-12-26 21:03:44,032 - DEBUG - Converting geo-coordinates to pixel coordinates:
2024-12-26 21:03:44,032 - DEBUG - Inputs - lon: 8.58872091605112, lat: 50.048987249066336, geo_transform: [8.588611590391514, 2.8746089091824687e-06, 0.0, 50.0495523155862, 0.0, -2.8746089091824687e-06], image_width: 512, image_height: 512
2024-12-26 21:03:44,032 - DEBUG - Parsed GeoTransform - x_origin: 8.588611590391514, pixel_width: 2.8746089091824687e-06, y_origin: 50.0495523155862, pixel_height: -2.8746089091824687e-06
2024-12-26 21:03:44,032 - DEBUG - Computed pixel coordinates before clamping - x_pixel: 38, y_pixel: 196
2024-12-26 21:03:44,033 - DEBUG - Clamped pixel coordinates - x_pixel: 38, y_pixel: 196
2024-12-26 21:03:44,033 - DEBUG - Converting geo-coordinates to pixel coordinates:
2024-12-26 21:03:44,033 - DEBUG - Inputs - lon: 8.588611590391514, lat: 50.04902599948867, geo_transform: [8.588611590391514, 2.8746089091824687e-06, 0.0, 50.0495523155862, 0.0, -2.8746089091824687e-06], image_width: 512, image_height: 512
2024-12-26 21:03:44,033 - DEBUG - Parsed GeoTransform - x_origin: 8.588611590391514, pixel_width: 2.8746089091824687e-06, y_origin: 50.0495523155862, pixel_height: -2.8746089091824687e-06
2024-12-26 21:03:44,033 - DEBUG - Computed pixel coordinates before clamping - x_pixel: 0, y_pixel: 183
2024-12-26 21:03:44,033 - DEBUG - Clamped pixel coordinates - x_pixel: 0, y_pixel: 183
2024-12-26 21:03:44,033 - DEBUG - Converting geo-coordinates to pixel coordinates:
2024-12-26 21:03:44,033 - DEBUG - Inputs - lon: 8.588611590391514, lat: 50.04926351686133, geo_transform: [8.588611590391514, 2.8746089091824687e-06, 0.0, 50.0495523155862, 0.0, -2.8746089091824687e-06], image_width: 512, image_height: 512
2024-12-26 21:03:44,033 - DEBUG - Parsed GeoTransform - x_origin: 8.588611590391514, pixel_width: 2.8746089091824687e-06, y_origin: 50.0495523155862, pixel_height: -2.8746089091824687e-06
2024-12-26 21:03:44,033 - DEBUG - Computed pixel coordinates before clamping - x_pixel: 0, y_pixel: 100
2024-12-26 21:03:44,033 - DEBUG - Clamped pixel coordinates - x_pixel: 0, y_pixel: 100
2024-12-26 21:03:44,033 - DEBUG - Converting geo-coordinates to pixel coordinates:
2024-12-26 21:03:44,033 - DEBUG - Inputs - lon: 8.58884706878917, lat: 50.04920027621741, geo_transform: [8.588611590391514, 2.8746089091824687e-06, 0.0, 50.0495523155862, 0.0, -2.8746089091824687e-06], image_width: 512, image_height: 512
2024-12-26 21:03:44,033 - DEBUG - Parsed GeoTransform - x_origin: 8.588611590391514, pixel_width: 2.8746089091824687e-06, y_origin: 50.0495523155862, pixel_height: -2.8746089091824687e-06
2024-12-26 21:03:44,034 - DEBUG - Computed pixel coordinates before clamping - x_pixel: 81, y_pixel: 122
2024-12-26 21:03:44,034 - DEBUG - Clamped pixel coordinates - x_pixel: 81, y_pixel: 122
2024-12-26 21:03:44,034 - DEBUG - Converting geo-coordinates to pixel coordinates:
2024-12-26 21:03:44,034 - DEBUG - Inputs - lon: 8.58872091605112, lat: 50.048987249066336, geo_transform: [8.588611590391514, 2.8746089091824687e-06, 0.0, 50.0495523155862, 0.0, -2.8746089091824687e-06], image_width: 512, image_height: 512
2024-12-26 21:03:44,034 - DEBUG - Parsed GeoTransform - x_origin: 8.588611590391514, pixel_width: 2.8746089091824687e-06, y_origin: 50.0495523155862, pixel_height: -2.8746089091824687e-06
2024-12-26 21:03:44,034 - DEBUG - Computed pixel coordinates before clamping - x_pixel: 38, y_pixel: 196
2024-12-26 21:03:44,034 - DEBUG - Clamped pixel coordinates - x_pixel: 38, y_pixel: 196
2024-12-26 21:03:44,034 - DEBUG - Pixel Coordinates: [(38, 196), (0, 183), (0, 100), (81, 122), (38, 196)] ... (showing first 5 for brevity)
2024-12-26 21:03:44,034 - DEBUG - Pixel Bounding Box: x_min=0, x_max=81, y_min=100, y_max=196
2024-12-26 21:03:44,034 - DEBUG - Pixel bounding box: (0, 100, 81, 196)
2024-12-26 21:03:44,034 - DEBUG - Input is a list. Converting to tensor.
2024-12-26 21:03:44,035 - DEBUG - Input Bounding Boxes (Corner Format): tensor([[  0., 100.,  81., 196.]])
2024-12-26 21:03:44,035 - DEBUG - x_min: 0.0, y_min: 100.0, x_max: 81.0, y_max: 196.0
2024-12-26 21:03:44,035 - DEBUG - Converted Bounding Boxes (Center Format): tensor([[ 40.5000, 148.0000,  81.0000,  96.0000]])
2024-12-26 21:03:44,035 - DEBUG - Normalized bounding box (cx, cy, w, h): tensor([[ 40.5000, 148.0000,  81.0000,  96.0000]])
2024-12-26 21:03:44,037 - DEBUG - Processed image tensor shape: torch.Size([3, 512, 512])
2024-12-26 21:03:44,037 - DEBUG - Processed bounding box tensor: tensor([[ 40.5000, 148.0000,  81.0000,  96.0000]])
2024-12-26 21:03:44,037 - DEBUG - Processing index 5419:
2024-12-26 21:03:44,037 - DEBUG - Image path: ./data/raw/train/PS-RGB_tiled/96_10400100096C2500_tile_1159.png
2024-12-26 21:03:44,038 - DEBUG - Label path: ./data/raw/train/geojson_aircraft_tiled/96_10400100096C2500_tile_1159.geojson
2024-12-26 21:03:44,038 - DEBUG - Auxiliary path: ./data/raw/train/PS-RGB_tiled/96_10400100096C2500_tile_1159.png.aux.xml
2024-12-26 21:03:44,038 - DEBUG - Parsing GeoTransform from: ./data/raw/train/PS-RGB_tiled/96_10400100096C2500_tile_1159.png.aux.xml
2024-12-26 21:03:44,038 - DEBUG - GeoTransform parsed: [-147.83928654233884, 3.4270728089159745e-06, 0.0, 64.81990643968741, 0.0, -3.4270728089159745e-06]
2024-12-26 21:03:44,038 - DEBUG - Reading GeoJSON from: ./data/raw/train/geojson_aircraft_tiled/96_10400100096C2500_tile_1159.geojson
2024-12-26 21:03:44,038 - DEBUG - First feature coordinates: [[[-147.8388935219293, 64.81820760144109], [-147.83883383710958, 64.81816889956582], [-147.83898700205074, 64.81815177840924], [-147.83898820790753, 64.81815177840924], [-147.83900496467857, 64.81822625294724], [-147.8388935219293, 64.81820760144109]]]
2024-12-26 21:03:44,039 - DEBUG - Feature properties: {'loc_id': 96, 'cat_id': '10400100096C2500', 'location': 'Fairbanks International Airport, Old Airport Way, Broadmoor, Fairbanks North Star, Alaska, 99709, USA', 'role': 'Small Civil Transport/Utility', 'role_id': 1, 'is_plane': 1, 'num_engines': 1, 'propulsion': 'propeller', 'canards': 'no', 'num_tail_fins': 1, 'wing_position': 'high mounted', 'wing_type': 'straight', 'length': 7.686633434044864, 'wingspan': 10.337701236280608, 'area': 39.69581423894424, 'faa_wingspan_class': 1, 'Public_Train': 1, 'Public_Test': 0, 'partialDec': 0.999989432753808, 'truncated': 1, 'new_area': 39.695394763502385}
2024-12-26 21:03:44,039 - DEBUG - GeoJSON Coords: [(-147.8388935219293, 64.81820760144109), (-147.83883383710958, 64.81816889956582), (-147.83898700205074, 64.81815177840924), (-147.83898820790753, 64.81815177840924), (-147.83900496467857, 64.81822625294724), (-147.8388935219293, 64.81820760144109)]
2024-12-26 21:03:44,039 - DEBUG - GeoJSON Features: [7.686633434044864, 10.337701236280608, 39.69581423894424, 0, 0, 0, 1, 1, 1]
2024-12-26 21:03:44,039 - DEBUG - Parsed GeoTransform: [-147.83928654233884, 3.4270728089159745e-06, 0.0, 64.81990643968741, 0.0, -3.4270728089159745e-06]
2024-12-26 21:03:44,039 - DEBUG - Parsed GeoJSON coordinates: [(-147.8388935219293, 64.81820760144109), (-147.83883383710958, 64.81816889956582), (-147.83898700205074, 64.81815177840924), (-147.83898820790753, 64.81815177840924), (-147.83900496467857, 64.81822625294724), (-147.8388935219293, 64.81820760144109)]
2024-12-26 21:03:44,039 - DEBUG - STREAM b'IHDR' 16 13
2024-12-26 21:03:44,039 - DEBUG - STREAM b'tRNS' 41 6
2024-12-26 21:03:44,039 - DEBUG - STREAM b'IDAT' 59 8192
2024-12-26 21:03:44,049 - DEBUG - Loaded image size: 512x512
2024-12-26 21:03:44,049 - DEBUG - Converting GeoJSON to pixel bounding boxes.
2024-12-26 21:03:44,049 - DEBUG - Input Coordinates: [(-147.8388935219293, 64.81820760144109), (-147.83883383710958, 64.81816889956582), (-147.83898700205074, 64.81815177840924), (-147.83898820790753, 64.81815177840924), (-147.83900496467857, 64.81822625294724)] ... (showing first 5 for brevity)
2024-12-26 21:03:44,049 - DEBUG - GeoTransform: [-147.83928654233884, 3.4270728089159745e-06, 0.0, 64.81990643968741, 0.0, -3.4270728089159745e-06]
2024-12-26 21:03:44,049 - DEBUG - Image Dimensions: width=512, height=512
2024-12-26 21:03:44,049 - DEBUG - Converting geo-coordinates to pixel coordinates:
2024-12-26 21:03:44,050 - DEBUG - Inputs - lon: -147.8388935219293, lat: 64.81820760144109, geo_transform: [-147.83928654233884, 3.4270728089159745e-06, 0.0, 64.81990643968741, 0.0, -3.4270728089159745e-06], image_width: 512, image_height: 512
2024-12-26 21:03:44,050 - DEBUG - Parsed GeoTransform - x_origin: -147.83928654233884, pixel_width: 3.4270728089159745e-06, y_origin: 64.81990643968741, pixel_height: -3.4270728089159745e-06
2024-12-26 21:03:44,050 - DEBUG - Computed pixel coordinates before clamping - x_pixel: 114, y_pixel: 495
2024-12-26 21:03:44,050 - DEBUG - Clamped pixel coordinates - x_pixel: 114, y_pixel: 495
2024-12-26 21:03:44,050 - DEBUG - Converting geo-coordinates to pixel coordinates:
2024-12-26 21:03:44,050 - DEBUG - Inputs - lon: -147.83883383710958, lat: 64.81816889956582, geo_transform: [-147.83928654233884, 3.4270728089159745e-06, 0.0, 64.81990643968741, 0.0, -3.4270728089159745e-06], image_width: 512, image_height: 512
2024-12-26 21:03:44,050 - DEBUG - Parsed GeoTransform - x_origin: -147.83928654233884, pixel_width: 3.4270728089159745e-06, y_origin: 64.81990643968741, pixel_height: -3.4270728089159745e-06
2024-12-26 21:03:44,050 - DEBUG - Computed pixel coordinates before clamping - x_pixel: 132, y_pixel: 507
2024-12-26 21:03:44,050 - DEBUG - Clamped pixel coordinates - x_pixel: 132, y_pixel: 507
2024-12-26 21:03:44,050 - DEBUG - Converting geo-coordinates to pixel coordinates:
2024-12-26 21:03:44,050 - DEBUG - Inputs - lon: -147.83898700205074, lat: 64.81815177840924, geo_transform: [-147.83928654233884, 3.4270728089159745e-06, 0.0, 64.81990643968741, 0.0, -3.4270728089159745e-06], image_width: 512, image_height: 512
2024-12-26 21:03:44,050 - DEBUG - Parsed GeoTransform - x_origin: -147.83928654233884, pixel_width: 3.4270728089159745e-06, y_origin: 64.81990643968741, pixel_height: -3.4270728089159745e-06
2024-12-26 21:03:44,050 - DEBUG - Computed pixel coordinates before clamping - x_pixel: 87, y_pixel: 512
2024-12-26 21:03:44,050 - DEBUG - Clamped pixel coordinates - x_pixel: 87, y_pixel: 511
2024-12-26 21:03:44,051 - DEBUG - Converting geo-coordinates to pixel coordinates:
2024-12-26 21:03:44,051 - DEBUG - Inputs - lon: -147.83898820790753, lat: 64.81815177840924, geo_transform: [-147.83928654233884, 3.4270728089159745e-06, 0.0, 64.81990643968741, 0.0, -3.4270728089159745e-06], image_width: 512, image_height: 512
2024-12-26 21:03:44,051 - DEBUG - Parsed GeoTransform - x_origin: -147.83928654233884, pixel_width: 3.4270728089159745e-06, y_origin: 64.81990643968741, pixel_height: -3.4270728089159745e-06
2024-12-26 21:03:44,051 - DEBUG - Computed pixel coordinates before clamping - x_pixel: 87, y_pixel: 512
2024-12-26 21:03:44,051 - DEBUG - Clamped pixel coordinates - x_pixel: 87, y_pixel: 511
2024-12-26 21:03:44,051 - DEBUG - Converting geo-coordinates to pixel coordinates:
2024-12-26 21:03:44,051 - DEBUG - Inputs - lon: -147.83900496467857, lat: 64.81822625294724, geo_transform: [-147.83928654233884, 3.4270728089159745e-06, 0.0, 64.81990643968741, 0.0, -3.4270728089159745e-06], image_width: 512, image_height: 512
2024-12-26 21:03:44,051 - DEBUG - Parsed GeoTransform - x_origin: -147.83928654233884, pixel_width: 3.4270728089159745e-06, y_origin: 64.81990643968741, pixel_height: -3.4270728089159745e-06
2024-12-26 21:03:44,051 - DEBUG - Computed pixel coordinates before clamping - x_pixel: 82, y_pixel: 490
2024-12-26 21:03:44,051 - DEBUG - Clamped pixel coordinates - x_pixel: 82, y_pixel: 490
2024-12-26 21:03:44,051 - DEBUG - Converting geo-coordinates to pixel coordinates:
2024-12-26 21:03:44,051 - DEBUG - Inputs - lon: -147.8388935219293, lat: 64.81820760144109, geo_transform: [-147.83928654233884, 3.4270728089159745e-06, 0.0, 64.81990643968741, 0.0, -3.4270728089159745e-06], image_width: 512, image_height: 512
2024-12-26 21:03:44,051 - DEBUG - Parsed GeoTransform - x_origin: -147.83928654233884, pixel_width: 3.4270728089159745e-06, y_origin: 64.81990643968741, pixel_height: -3.4270728089159745e-06
2024-12-26 21:03:44,051 - DEBUG - Computed pixel coordinates before clamping - x_pixel: 114, y_pixel: 495
2024-12-26 21:03:44,052 - DEBUG - Clamped pixel coordinates - x_pixel: 114, y_pixel: 495
2024-12-26 21:03:44,052 - DEBUG - Pixel Coordinates: [(114, 495), (132, 507), (87, 511), (87, 511), (82, 490)] ... (showing first 5 for brevity)
2024-12-26 21:03:44,052 - DEBUG - Pixel Bounding Box: x_min=82, x_max=132, y_min=490, y_max=511
2024-12-26 21:03:44,052 - DEBUG - Pixel bounding box: (82, 490, 132, 511)
2024-12-26 21:03:44,052 - DEBUG - Input is a list. Converting to tensor.
2024-12-26 21:03:44,052 - DEBUG - Input Bounding Boxes (Corner Format): tensor([[ 82., 490., 132., 511.]])
2024-12-26 21:03:44,052 - DEBUG - x_min: 82.0, y_min: 490.0, x_max: 132.0, y_max: 511.0
2024-12-26 21:03:44,053 - DEBUG - Converted Bounding Boxes (Center Format): tensor([[107.0000, 500.5000,  50.0000,  21.0000]])
2024-12-26 21:03:44,053 - DEBUG - Normalized bounding box (cx, cy, w, h): tensor([[107.0000, 500.5000,  50.0000,  21.0000]])
2024-12-26 21:03:44,054 - DEBUG - Processed image tensor shape: torch.Size([3, 512, 512])
2024-12-26 21:03:44,055 - DEBUG - Processed bounding box tensor: tensor([[107.0000, 500.5000,  50.0000,  21.0000]])
2024-12-26 21:03:44,055 - DEBUG - Processing index 2142:
2024-12-26 21:03:44,055 - DEBUG - Image path: ./data/raw/train/PS-RGB_tiled/39_104001001D4E6100_tile_671.png
2024-12-26 21:03:44,055 - DEBUG - Label path: ./data/raw/train/geojson_aircraft_tiled/39_104001001D4E6100_tile_671.geojson
2024-12-26 21:03:44,055 - DEBUG - Auxiliary path: ./data/raw/train/PS-RGB_tiled/39_104001001D4E6100_tile_671.png.aux.xml
2024-12-26 21:03:44,055 - DEBUG - Parsing GeoTransform from: ./data/raw/train/PS-RGB_tiled/39_104001001D4E6100_tile_671.png.aux.xml
2024-12-26 21:03:44,055 - DEBUG - GeoTransform parsed: [-97.42564504305716, 2.9350410282935135e-06, 0.0, 37.65816505605032, 0.0, -2.9350410282935135e-06]
2024-12-26 21:03:44,055 - DEBUG - Reading GeoJSON from: ./data/raw/train/geojson_aircraft_tiled/39_104001001D4E6100_tile_671.geojson
2024-12-26 21:03:44,056 - DEBUG - First feature coordinates: [[[-97.42466001408167, 37.65679735224825], [-97.42471090069955, 37.65682451259031], [-97.42464003405992, 37.65685854106485], [-97.42459414244748, 37.65679828881177], [-97.42466001408167, 37.65679735224825]]]
2024-12-26 21:03:44,056 - DEBUG - Feature properties: {'loc_id': 39, 'cat_id': '104001001D4E6100', 'location': 'Wichita Dwight D. Eisenhower National Airport, Eisenhower Airport Parkway, Wichita, Sedgwick County, Kansas, 67209, USA', 'role': 'Small Civil Transport/Utility', 'role_id': 1, 'is_plane': 1, 'num_engines': 1, 'propulsion': 'propeller', 'canards': 'no', 'num_tail_fins': 1, 'wing_position': 'high mounted', 'wing_type': 'straight', 'length': 7.015321225326809, 'wingspan': 10.704269231137488, 'area': 37.53839845361508, 'faa_wingspan_class': 1, 'Public_Train': 1, 'Public_Test': 0, 'partialDec': 1.0, 'truncated': 0, 'new_area': 37.53839845361508}
2024-12-26 21:03:44,056 - DEBUG - GeoJSON Coords: [(-97.42466001408167, 37.65679735224825), (-97.42471090069955, 37.65682451259031), (-97.42464003405992, 37.65685854106485), (-97.42459414244748, 37.65679828881177), (-97.42466001408167, 37.65679735224825)]
2024-12-26 21:03:44,056 - DEBUG - GeoJSON Features: [7.015321225326809, 10.704269231137488, 37.53839845361508, 0, 0, 0, 1, 1, 1]
2024-12-26 21:03:44,056 - DEBUG - Parsed GeoTransform: [-97.42564504305716, 2.9350410282935135e-06, 0.0, 37.65816505605032, 0.0, -2.9350410282935135e-06]
2024-12-26 21:03:44,056 - DEBUG - Parsed GeoJSON coordinates: [(-97.42466001408167, 37.65679735224825), (-97.42471090069955, 37.65682451259031), (-97.42464003405992, 37.65685854106485), (-97.42459414244748, 37.65679828881177), (-97.42466001408167, 37.65679735224825)]
2024-12-26 21:03:44,057 - DEBUG - STREAM b'IHDR' 16 13
2024-12-26 21:03:44,057 - DEBUG - STREAM b'tRNS' 41 6
2024-12-26 21:03:44,057 - DEBUG - STREAM b'IDAT' 59 8192
2024-12-26 21:03:44,068 - DEBUG - Loaded image size: 512x512
2024-12-26 21:03:44,068 - DEBUG - Converting GeoJSON to pixel bounding boxes.
2024-12-26 21:03:44,068 - DEBUG - Input Coordinates: [(-97.42466001408167, 37.65679735224825), (-97.42471090069955, 37.65682451259031), (-97.42464003405992, 37.65685854106485), (-97.42459414244748, 37.65679828881177), (-97.42466001408167, 37.65679735224825)] ... (showing first 5 for brevity)
2024-12-26 21:03:44,068 - DEBUG - GeoTransform: [-97.42564504305716, 2.9350410282935135e-06, 0.0, 37.65816505605032, 0.0, -2.9350410282935135e-06]
2024-12-26 21:03:44,068 - DEBUG - Image Dimensions: width=512, height=512
2024-12-26 21:03:44,068 - DEBUG - Converting geo-coordinates to pixel coordinates:
2024-12-26 21:03:44,068 - DEBUG - Inputs - lon: -97.42466001408167, lat: 37.65679735224825, geo_transform: [-97.42564504305716, 2.9350410282935135e-06, 0.0, 37.65816505605032, 0.0, -2.9350410282935135e-06], image_width: 512, image_height: 512
2024-12-26 21:03:44,068 - DEBUG - Parsed GeoTransform - x_origin: -97.42564504305716, pixel_width: 2.9350410282935135e-06, y_origin: 37.65816505605032, pixel_height: -2.9350410282935135e-06
2024-12-26 21:03:44,068 - DEBUG - Computed pixel coordinates before clamping - x_pixel: 335, y_pixel: 465
2024-12-26 21:03:44,069 - DEBUG - Clamped pixel coordinates - x_pixel: 335, y_pixel: 465
2024-12-26 21:03:44,069 - DEBUG - Converting geo-coordinates to pixel coordinates:
2024-12-26 21:03:44,069 - DEBUG - Inputs - lon: -97.42471090069955, lat: 37.65682451259031, geo_transform: [-97.42564504305716, 2.9350410282935135e-06, 0.0, 37.65816505605032, 0.0, -2.9350410282935135e-06], image_width: 512, image_height: 512
2024-12-26 21:03:44,069 - DEBUG - Parsed GeoTransform - x_origin: -97.42564504305716, pixel_width: 2.9350410282935135e-06, y_origin: 37.65816505605032, pixel_height: -2.9350410282935135e-06
2024-12-26 21:03:44,069 - DEBUG - Computed pixel coordinates before clamping - x_pixel: 318, y_pixel: 456
2024-12-26 21:03:44,069 - DEBUG - Clamped pixel coordinates - x_pixel: 318, y_pixel: 456
2024-12-26 21:03:44,069 - DEBUG - Converting geo-coordinates to pixel coordinates:
2024-12-26 21:03:44,069 - DEBUG - Inputs - lon: -97.42464003405992, lat: 37.65685854106485, geo_transform: [-97.42564504305716, 2.9350410282935135e-06, 0.0, 37.65816505605032, 0.0, -2.9350410282935135e-06], image_width: 512, image_height: 512
2024-12-26 21:03:44,069 - DEBUG - Parsed GeoTransform - x_origin: -97.42564504305716, pixel_width: 2.9350410282935135e-06, y_origin: 37.65816505605032, pixel_height: -2.9350410282935135e-06
2024-12-26 21:03:44,069 - DEBUG - Computed pixel coordinates before clamping - x_pixel: 342, y_pixel: 445
2024-12-26 21:03:44,069 - DEBUG - Clamped pixel coordinates - x_pixel: 342, y_pixel: 445
2024-12-26 21:03:44,069 - DEBUG - Converting geo-coordinates to pixel coordinates:
2024-12-26 21:03:44,069 - DEBUG - Inputs - lon: -97.42459414244748, lat: 37.65679828881177, geo_transform: [-97.42564504305716, 2.9350410282935135e-06, 0.0, 37.65816505605032, 0.0, -2.9350410282935135e-06], image_width: 512, image_height: 512
2024-12-26 21:03:44,070 - DEBUG - Parsed GeoTransform - x_origin: -97.42564504305716, pixel_width: 2.9350410282935135e-06, y_origin: 37.65816505605032, pixel_height: -2.9350410282935135e-06
2024-12-26 21:03:44,070 - DEBUG - Computed pixel coordinates before clamping - x_pixel: 358, y_pixel: 465
2024-12-26 21:03:44,070 - DEBUG - Clamped pixel coordinates - x_pixel: 358, y_pixel: 465
2024-12-26 21:03:44,070 - DEBUG - Converting geo-coordinates to pixel coordinates:
2024-12-26 21:03:44,070 - DEBUG - Inputs - lon: -97.42466001408167, lat: 37.65679735224825, geo_transform: [-97.42564504305716, 2.9350410282935135e-06, 0.0, 37.65816505605032, 0.0, -2.9350410282935135e-06], image_width: 512, image_height: 512
2024-12-26 21:03:44,070 - DEBUG - Parsed GeoTransform - x_origin: -97.42564504305716, pixel_width: 2.9350410282935135e-06, y_origin: 37.65816505605032, pixel_height: -2.9350410282935135e-06
2024-12-26 21:03:44,070 - DEBUG - Computed pixel coordinates before clamping - x_pixel: 335, y_pixel: 465
2024-12-26 21:03:44,070 - DEBUG - Clamped pixel coordinates - x_pixel: 335, y_pixel: 465
2024-12-26 21:03:44,070 - DEBUG - Pixel Coordinates: [(335, 465), (318, 456), (342, 445), (358, 465), (335, 465)] ... (showing first 5 for brevity)
2024-12-26 21:03:44,070 - DEBUG - Pixel Bounding Box: x_min=318, x_max=358, y_min=445, y_max=465
2024-12-26 21:03:44,070 - DEBUG - Pixel bounding box: (318, 445, 358, 465)
2024-12-26 21:03:44,070 - DEBUG - Input is a list. Converting to tensor.
2024-12-26 21:03:44,071 - DEBUG - Input Bounding Boxes (Corner Format): tensor([[318., 445., 358., 465.]])
2024-12-26 21:03:44,071 - DEBUG - x_min: 318.0, y_min: 445.0, x_max: 358.0, y_max: 465.0
2024-12-26 21:03:44,071 - DEBUG - Converted Bounding Boxes (Center Format): tensor([[338., 455.,  40.,  20.]])
2024-12-26 21:03:44,071 - DEBUG - Normalized bounding box (cx, cy, w, h): tensor([[338., 455.,  40.,  20.]])
2024-12-26 21:03:44,073 - DEBUG - Processed image tensor shape: torch.Size([3, 512, 512])
2024-12-26 21:03:44,073 - DEBUG - Processed bounding box tensor: tensor([[338., 455.,  40.,  20.]])
2024-12-26 21:03:44,073 - DEBUG - Processing index 1175:
2024-12-26 21:03:44,073 - DEBUG - Image path: ./data/raw/train/PS-RGB_tiled/18_10400100211BDD00_tile_1702.png
2024-12-26 21:03:44,073 - DEBUG - Label path: ./data/raw/train/geojson_aircraft_tiled/18_10400100211BDD00_tile_1702.geojson
2024-12-26 21:03:44,073 - DEBUG - Auxiliary path: ./data/raw/train/PS-RGB_tiled/18_10400100211BDD00_tile_1702.png.aux.xml
2024-12-26 21:03:44,073 - DEBUG - Parsing GeoTransform from: ./data/raw/train/PS-RGB_tiled/18_10400100211BDD00_tile_1702.png.aux.xml
2024-12-26 21:03:44,074 - DEBUG - GeoTransform parsed: [8.525122978023308, 2.8746089091824687e-06, 0.0, 50.009578004095104, 0.0, -2.8746089091824687e-06]
2024-12-26 21:03:44,074 - DEBUG - Reading GeoJSON from: ./data/raw/train/geojson_aircraft_tiled/18_10400100211BDD00_tile_1702.geojson
2024-12-26 21:03:44,074 - DEBUG - First feature coordinates: [[[8.525935490169154, 50.00881973736688], [8.52562591082879, 50.009120663868536], [8.525966255817885, 50.009286990656996], [8.526285449423478, 50.00910528104417], [8.525935490169154, 50.00881973736688]]]
2024-12-26 21:03:44,074 - DEBUG - Feature properties: {'loc_id': 18, 'cat_id': '10400100211BDD00', 'location': '520 A380-Halle, Okrifteler Straße, Rüsselsheim am Main, Kreis Groß-Gerau, Regierungsbezirk Darmstadt, Hesse, 65428, Germany', 'role': 'Large Civil Transport/Utility', 'role_id': 3, 'is_plane': 1, 'num_engines': 2, 'propulsion': 'jet', 'canards': 'no', 'num_tail_fins': 1, 'wing_position': 'mid/low mounted', 'wing_type': 'swept', 'length': 51.998926272767044, 'wingspan': 47.28987671930845, 'area': 1229.4875273893254, 'faa_wingspan_class': 4, 'Public_Train': 1, 'Public_Test': 0, 'partialDec': 1.0, 'truncated': 0, 'new_area': 1229.4875273893254}
2024-12-26 21:03:44,074 - DEBUG - GeoJSON Coords: [(8.525935490169154, 50.00881973736688), (8.52562591082879, 50.009120663868536), (8.525966255817885, 50.009286990656996), (8.526285449423478, 50.00910528104417), (8.525935490169154, 50.00881973736688)]
2024-12-26 21:03:44,074 - DEBUG - GeoJSON Features: [51.998926272767044, 47.28987671930845, 1229.4875273893254, 1, 1, 0, 2, 1, 4]
2024-12-26 21:03:44,074 - DEBUG - Parsed GeoTransform: [8.525122978023308, 2.8746089091824687e-06, 0.0, 50.009578004095104, 0.0, -2.8746089091824687e-06]
2024-12-26 21:03:44,074 - DEBUG - Parsed GeoJSON coordinates: [(8.525935490169154, 50.00881973736688), (8.52562591082879, 50.009120663868536), (8.525966255817885, 50.009286990656996), (8.526285449423478, 50.00910528104417), (8.525935490169154, 50.00881973736688)]
2024-12-26 21:03:44,075 - DEBUG - STREAM b'IHDR' 16 13
2024-12-26 21:03:44,075 - DEBUG - STREAM b'tRNS' 41 6
2024-12-26 21:03:44,075 - DEBUG - STREAM b'IDAT' 59 8192
2024-12-26 21:03:44,085 - DEBUG - Loaded image size: 512x512
2024-12-26 21:03:44,085 - DEBUG - Converting GeoJSON to pixel bounding boxes.
2024-12-26 21:03:44,085 - DEBUG - Input Coordinates: [(8.525935490169154, 50.00881973736688), (8.52562591082879, 50.009120663868536), (8.525966255817885, 50.009286990656996), (8.526285449423478, 50.00910528104417), (8.525935490169154, 50.00881973736688)] ... (showing first 5 for brevity)
2024-12-26 21:03:44,086 - DEBUG - GeoTransform: [8.525122978023308, 2.8746089091824687e-06, 0.0, 50.009578004095104, 0.0, -2.8746089091824687e-06]
2024-12-26 21:03:44,086 - DEBUG - Image Dimensions: width=512, height=512
2024-12-26 21:03:44,086 - DEBUG - Converting geo-coordinates to pixel coordinates:
2024-12-26 21:03:44,086 - DEBUG - Inputs - lon: 8.525935490169154, lat: 50.00881973736688, geo_transform: [8.525122978023308, 2.8746089091824687e-06, 0.0, 50.009578004095104, 0.0, -2.8746089091824687e-06], image_width: 512, image_height: 512
2024-12-26 21:03:44,086 - DEBUG - Parsed GeoTransform - x_origin: 8.525122978023308, pixel_width: 2.8746089091824687e-06, y_origin: 50.009578004095104, pixel_height: -2.8746089091824687e-06
2024-12-26 21:03:44,086 - DEBUG - Computed pixel coordinates before clamping - x_pixel: 282, y_pixel: 263
2024-12-26 21:03:44,086 - DEBUG - Clamped pixel coordinates - x_pixel: 282, y_pixel: 263
2024-12-26 21:03:44,086 - DEBUG - Converting geo-coordinates to pixel coordinates:
2024-12-26 21:03:44,086 - DEBUG - Inputs - lon: 8.52562591082879, lat: 50.009120663868536, geo_transform: [8.525122978023308, 2.8746089091824687e-06, 0.0, 50.009578004095104, 0.0, -2.8746089091824687e-06], image_width: 512, image_height: 512
2024-12-26 21:03:44,086 - DEBUG - Parsed GeoTransform - x_origin: 8.525122978023308, pixel_width: 2.8746089091824687e-06, y_origin: 50.009578004095104, pixel_height: -2.8746089091824687e-06
2024-12-26 21:03:44,086 - DEBUG - Computed pixel coordinates before clamping - x_pixel: 174, y_pixel: 159
2024-12-26 21:03:44,086 - DEBUG - Clamped pixel coordinates - x_pixel: 174, y_pixel: 159
2024-12-26 21:03:44,086 - DEBUG - Converting geo-coordinates to pixel coordinates:
2024-12-26 21:03:44,086 - DEBUG - Inputs - lon: 8.525966255817885, lat: 50.009286990656996, geo_transform: [8.525122978023308, 2.8746089091824687e-06, 0.0, 50.009578004095104, 0.0, -2.8746089091824687e-06], image_width: 512, image_height: 512
2024-12-26 21:03:44,087 - DEBUG - Parsed GeoTransform - x_origin: 8.525122978023308, pixel_width: 2.8746089091824687e-06, y_origin: 50.009578004095104, pixel_height: -2.8746089091824687e-06
2024-12-26 21:03:44,087 - DEBUG - Computed pixel coordinates before clamping - x_pixel: 293, y_pixel: 101
2024-12-26 21:03:44,087 - DEBUG - Clamped pixel coordinates - x_pixel: 293, y_pixel: 101
2024-12-26 21:03:44,087 - DEBUG - Converting geo-coordinates to pixel coordinates:
2024-12-26 21:03:44,087 - DEBUG - Inputs - lon: 8.526285449423478, lat: 50.00910528104417, geo_transform: [8.525122978023308, 2.8746089091824687e-06, 0.0, 50.009578004095104, 0.0, -2.8746089091824687e-06], image_width: 512, image_height: 512
2024-12-26 21:03:44,087 - DEBUG - Parsed GeoTransform - x_origin: 8.525122978023308, pixel_width: 2.8746089091824687e-06, y_origin: 50.009578004095104, pixel_height: -2.8746089091824687e-06
2024-12-26 21:03:44,087 - DEBUG - Computed pixel coordinates before clamping - x_pixel: 404, y_pixel: 164
2024-12-26 21:03:44,087 - DEBUG - Clamped pixel coordinates - x_pixel: 404, y_pixel: 164
2024-12-26 21:03:44,087 - DEBUG - Converting geo-coordinates to pixel coordinates:
2024-12-26 21:03:44,087 - DEBUG - Inputs - lon: 8.525935490169154, lat: 50.00881973736688, geo_transform: [8.525122978023308, 2.8746089091824687e-06, 0.0, 50.009578004095104, 0.0, -2.8746089091824687e-06], image_width: 512, image_height: 512
2024-12-26 21:03:44,087 - DEBUG - Parsed GeoTransform - x_origin: 8.525122978023308, pixel_width: 2.8746089091824687e-06, y_origin: 50.009578004095104, pixel_height: -2.8746089091824687e-06
2024-12-26 21:03:44,087 - DEBUG - Computed pixel coordinates before clamping - x_pixel: 282, y_pixel: 263
2024-12-26 21:03:44,087 - DEBUG - Clamped pixel coordinates - x_pixel: 282, y_pixel: 263
2024-12-26 21:03:44,087 - DEBUG - Pixel Coordinates: [(282, 263), (174, 159), (293, 101), (404, 164), (282, 263)] ... (showing first 5 for brevity)
2024-12-26 21:03:44,088 - DEBUG - Pixel Bounding Box: x_min=174, x_max=404, y_min=101, y_max=263
2024-12-26 21:03:44,088 - DEBUG - Pixel bounding box: (174, 101, 404, 263)
2024-12-26 21:03:44,088 - DEBUG - Input is a list. Converting to tensor.
2024-12-26 21:03:44,088 - DEBUG - Input Bounding Boxes (Corner Format): tensor([[174., 101., 404., 263.]])
2024-12-26 21:03:44,088 - DEBUG - x_min: 174.0, y_min: 101.0, x_max: 404.0, y_max: 263.0
2024-12-26 21:03:44,088 - DEBUG - Converted Bounding Boxes (Center Format): tensor([[289., 182., 230., 162.]])
2024-12-26 21:03:44,089 - DEBUG - Normalized bounding box (cx, cy, w, h): tensor([[289., 182., 230., 162.]])
2024-12-26 21:03:44,090 - DEBUG - Processed image tensor shape: torch.Size([3, 512, 512])
2024-12-26 21:03:44,090 - DEBUG - Processed bounding box tensor: tensor([[289., 182., 230., 162.]])
2024-12-26 21:03:44,091 - DEBUG - Processing index 3410:
2024-12-26 21:03:44,091 - DEBUG - Image path: ./data/raw/train/PS-RGB_tiled/54_1040010024086400_tile_653.png
2024-12-26 21:03:44,091 - DEBUG - Label path: ./data/raw/train/geojson_aircraft_tiled/54_1040010024086400_tile_653.geojson
2024-12-26 21:03:44,091 - DEBUG - Auxiliary path: ./data/raw/train/PS-RGB_tiled/54_1040010024086400_tile_653.png.aux.xml
2024-12-26 21:03:44,091 - DEBUG - Parsing GeoTransform from: ./data/raw/train/PS-RGB_tiled/54_1040010024086400_tile_653.png.aux.xml
2024-12-26 21:03:44,091 - DEBUG - GeoTransform parsed: [-80.27789990081922, 3.14247019390011e-06, 0.0, 25.79269305302816, 0.0, -3.14247019390011e-06]
2024-12-26 21:03:44,091 - DEBUG - Reading GeoJSON from: ./data/raw/train/geojson_aircraft_tiled/54_1040010024086400_tile_653.geojson
2024-12-26 21:03:44,092 - DEBUG - First feature coordinates: [[[-80.27774054439863, 25.79128393303887], [-80.27788992273014, 25.7915451647104], [-80.27772683334405, 25.791703924289784], [-80.27756807376467, 25.791527845483557], [-80.27774054439863, 25.79128393303887]]]
2024-12-26 21:03:44,092 - DEBUG - Feature properties: {'loc_id': 54, 'cat_id': '1040010024086400', 'location': 'Miami International Airport, 2100, Northwest 18th Street, Miami Springs, Alameda, Miami-Dade County, Florida, 33142, USA', 'role': 'Medium Civil Transport/Utility', 'role_id': 2, 'is_plane': 1, 'num_engines': 2, 'propulsion': 'jet', 'canards': 'no', 'num_tail_fins': 1, 'wing_position': 'mid/low mounted', 'wing_type': 'swept', 'length': 46.533360221436304, 'wingspan': 32.32557446497187, 'area': 751.77432061611, 'faa_wingspan_class': 3, 'Public_Train': 1, 'Public_Test': 0, 'partialDec': 1.0, 'truncated': 0, 'new_area': 751.77432061611}
2024-12-26 21:03:44,092 - DEBUG - GeoJSON Coords: [(-80.27774054439863, 25.79128393303887), (-80.27788992273014, 25.7915451647104), (-80.27772683334405, 25.791703924289784), (-80.27756807376467, 25.791527845483557), (-80.27774054439863, 25.79128393303887)]
2024-12-26 21:03:44,092 - DEBUG - GeoJSON Features: [46.533360221436304, 32.32557446497187, 751.77432061611, 1, 1, 0, 2, 1, 3]
2024-12-26 21:03:44,092 - DEBUG - Parsed GeoTransform: [-80.27789990081922, 3.14247019390011e-06, 0.0, 25.79269305302816, 0.0, -3.14247019390011e-06]
2024-12-26 21:03:44,092 - DEBUG - Parsed GeoJSON coordinates: [(-80.27774054439863, 25.79128393303887), (-80.27788992273014, 25.7915451647104), (-80.27772683334405, 25.791703924289784), (-80.27756807376467, 25.791527845483557), (-80.27774054439863, 25.79128393303887)]
2024-12-26 21:03:44,092 - DEBUG - STREAM b'IHDR' 16 13
2024-12-26 21:03:44,093 - DEBUG - STREAM b'tRNS' 41 6
2024-12-26 21:03:44,093 - DEBUG - STREAM b'IDAT' 59 8192
2024-12-26 21:03:44,104 - DEBUG - Loaded image size: 512x512
2024-12-26 21:03:44,104 - DEBUG - Converting GeoJSON to pixel bounding boxes.
2024-12-26 21:03:44,104 - DEBUG - Input Coordinates: [(-80.27774054439863, 25.79128393303887), (-80.27788992273014, 25.7915451647104), (-80.27772683334405, 25.791703924289784), (-80.27756807376467, 25.791527845483557), (-80.27774054439863, 25.79128393303887)] ... (showing first 5 for brevity)
2024-12-26 21:03:44,104 - DEBUG - GeoTransform: [-80.27789990081922, 3.14247019390011e-06, 0.0, 25.79269305302816, 0.0, -3.14247019390011e-06]
2024-12-26 21:03:44,104 - DEBUG - Image Dimensions: width=512, height=512
2024-12-26 21:03:44,104 - DEBUG - Converting geo-coordinates to pixel coordinates:
2024-12-26 21:03:44,104 - DEBUG - Inputs - lon: -80.27774054439863, lat: 25.79128393303887, geo_transform: [-80.27789990081922, 3.14247019390011e-06, 0.0, 25.79269305302816, 0.0, -3.14247019390011e-06], image_width: 512, image_height: 512
2024-12-26 21:03:44,104 - DEBUG - Parsed GeoTransform - x_origin: -80.27789990081922, pixel_width: 3.14247019390011e-06, y_origin: 25.79269305302816, pixel_height: -3.14247019390011e-06
2024-12-26 21:03:44,104 - DEBUG - Computed pixel coordinates before clamping - x_pixel: 50, y_pixel: 448
2024-12-26 21:03:44,104 - DEBUG - Clamped pixel coordinates - x_pixel: 50, y_pixel: 448
2024-12-26 21:03:44,104 - DEBUG - Converting geo-coordinates to pixel coordinates:
2024-12-26 21:03:44,105 - DEBUG - Inputs - lon: -80.27788992273014, lat: 25.7915451647104, geo_transform: [-80.27789990081922, 3.14247019390011e-06, 0.0, 25.79269305302816, 0.0, -3.14247019390011e-06], image_width: 512, image_height: 512
2024-12-26 21:03:44,105 - DEBUG - Parsed GeoTransform - x_origin: -80.27789990081922, pixel_width: 3.14247019390011e-06, y_origin: 25.79269305302816, pixel_height: -3.14247019390011e-06
2024-12-26 21:03:44,105 - DEBUG - Computed pixel coordinates before clamping - x_pixel: 3, y_pixel: 365
2024-12-26 21:03:44,105 - DEBUG - Clamped pixel coordinates - x_pixel: 3, y_pixel: 365
2024-12-26 21:03:44,105 - DEBUG - Converting geo-coordinates to pixel coordinates:
2024-12-26 21:03:44,105 - DEBUG - Inputs - lon: -80.27772683334405, lat: 25.791703924289784, geo_transform: [-80.27789990081922, 3.14247019390011e-06, 0.0, 25.79269305302816, 0.0, -3.14247019390011e-06], image_width: 512, image_height: 512
2024-12-26 21:03:44,105 - DEBUG - Parsed GeoTransform - x_origin: -80.27789990081922, pixel_width: 3.14247019390011e-06, y_origin: 25.79269305302816, pixel_height: -3.14247019390011e-06
2024-12-26 21:03:44,105 - DEBUG - Computed pixel coordinates before clamping - x_pixel: 55, y_pixel: 314
2024-12-26 21:03:44,105 - DEBUG - Clamped pixel coordinates - x_pixel: 55, y_pixel: 314
2024-12-26 21:03:44,105 - DEBUG - Converting geo-coordinates to pixel coordinates:
2024-12-26 21:03:44,105 - DEBUG - Inputs - lon: -80.27756807376467, lat: 25.791527845483557, geo_transform: [-80.27789990081922, 3.14247019390011e-06, 0.0, 25.79269305302816, 0.0, -3.14247019390011e-06], image_width: 512, image_height: 512
2024-12-26 21:03:44,105 - DEBUG - Parsed GeoTransform - x_origin: -80.27789990081922, pixel_width: 3.14247019390011e-06, y_origin: 25.79269305302816, pixel_height: -3.14247019390011e-06
2024-12-26 21:03:44,105 - DEBUG - Computed pixel coordinates before clamping - x_pixel: 105, y_pixel: 370
2024-12-26 21:03:44,105 - DEBUG - Clamped pixel coordinates - x_pixel: 105, y_pixel: 370
2024-12-26 21:03:44,106 - DEBUG - Converting geo-coordinates to pixel coordinates:
2024-12-26 21:03:44,106 - DEBUG - Inputs - lon: -80.27774054439863, lat: 25.79128393303887, geo_transform: [-80.27789990081922, 3.14247019390011e-06, 0.0, 25.79269305302816, 0.0, -3.14247019390011e-06], image_width: 512, image_height: 512
2024-12-26 21:03:44,106 - DEBUG - Parsed GeoTransform - x_origin: -80.27789990081922, pixel_width: 3.14247019390011e-06, y_origin: 25.79269305302816, pixel_height: -3.14247019390011e-06
2024-12-26 21:03:44,106 - DEBUG - Computed pixel coordinates before clamping - x_pixel: 50, y_pixel: 448
2024-12-26 21:03:44,106 - DEBUG - Clamped pixel coordinates - x_pixel: 50, y_pixel: 448
2024-12-26 21:03:44,106 - DEBUG - Pixel Coordinates: [(50, 448), (3, 365), (55, 314), (105, 370), (50, 448)] ... (showing first 5 for brevity)
2024-12-26 21:03:44,106 - DEBUG - Pixel Bounding Box: x_min=3, x_max=105, y_min=314, y_max=448
2024-12-26 21:03:44,106 - DEBUG - Pixel bounding box: (3, 314, 105, 448)
2024-12-26 21:03:44,106 - DEBUG - Input is a list. Converting to tensor.
2024-12-26 21:03:44,107 - DEBUG - Input Bounding Boxes (Corner Format): tensor([[  3., 314., 105., 448.]])
2024-12-26 21:03:44,107 - DEBUG - x_min: 3.0, y_min: 314.0, x_max: 105.0, y_max: 448.0
2024-12-26 21:03:44,107 - DEBUG - Converted Bounding Boxes (Center Format): tensor([[ 54., 381., 102., 134.]])
2024-12-26 21:03:44,107 - DEBUG - Normalized bounding box (cx, cy, w, h): tensor([[ 54., 381., 102., 134.]])
2024-12-26 21:03:44,109 - DEBUG - Processed image tensor shape: torch.Size([3, 512, 512])
2024-12-26 21:03:44,109 - DEBUG - Processed bounding box tensor: tensor([[ 54., 381., 102., 134.]])
2024-12-26 21:03:44,109 - DEBUG - Processing index 4634:
2024-12-26 21:03:44,109 - DEBUG - Image path: ./data/raw/train/PS-RGB_tiled/84_1040010049B46C00_tile_28.png
2024-12-26 21:03:44,109 - DEBUG - Label path: ./data/raw/train/geojson_aircraft_tiled/84_1040010049B46C00_tile_28.geojson
2024-12-26 21:03:44,109 - DEBUG - Auxiliary path: ./data/raw/train/PS-RGB_tiled/84_1040010049B46C00_tile_28.png.aux.xml
2024-12-26 21:03:44,109 - DEBUG - Parsing GeoTransform from: ./data/raw/train/PS-RGB_tiled/84_1040010049B46C00_tile_28.png.aux.xml
2024-12-26 21:03:44,110 - DEBUG - GeoTransform parsed: [-80.16500449105366, 3.3759811271316744e-06, 0.0, 26.07981938670636, 0.0, -3.3759811271316744e-06]
2024-12-26 21:03:44,110 - DEBUG - Reading GeoJSON from: ./data/raw/train/geojson_aircraft_tiled/84_1040010049B46C00_tile_28.geojson
2024-12-26 21:03:44,110 - DEBUG - First feature coordinates: [[[-80.16352290713903, 26.078840620596765], [-80.16333588952425, 26.07908269923517], [-80.16327598871658, 26.079061964340205], [-80.16327598871658, 26.078827885549188], [-80.16352290713903, 26.078840620596765]]]
2024-12-26 21:03:44,110 - DEBUG - Feature properties: {'loc_id': 84, 'cat_id': '1040010049B46C00', 'location': 'Fort Lauderdale-Hollywood International Airport, 100, Terminal Drive, Dania Beach, Port Laudania, Broward County, Florida, 33315, USA', 'role': 'Medium Civil Transport/Utility', 'role_id': 2, 'is_plane': 1, 'num_engines': 2, 'propulsion': 'jet', 'canards': 'no', 'num_tail_fins': 1, 'wing_position': 'mid/low mounted', 'wing_type': 'swept', 'length': 41.26203537272742, 'wingspan': 32.128030412175484, 'area': 662.1530019492267, 'faa_wingspan_class': 3, 'Public_Train': 1, 'Public_Test': 0, 'partialDec': 0.637206177166272, 'truncated': 1, 'new_area': 421.9279830712378}
2024-12-26 21:03:44,110 - DEBUG - GeoJSON Coords: [(-80.16352290713903, 26.078840620596765), (-80.16333588952425, 26.07908269923517), (-80.16327598871658, 26.079061964340205), (-80.16327598871658, 26.078827885549188), (-80.16352290713903, 26.078840620596765)]
2024-12-26 21:03:44,110 - DEBUG - GeoJSON Features: [41.26203537272742, 32.128030412175484, 662.1530019492267, 1, 1, 0, 2, 1, 3]
2024-12-26 21:03:44,111 - DEBUG - Parsed GeoTransform: [-80.16500449105366, 3.3759811271316744e-06, 0.0, 26.07981938670636, 0.0, -3.3759811271316744e-06]
2024-12-26 21:03:44,111 - DEBUG - Parsed GeoJSON coordinates: [(-80.16352290713903, 26.078840620596765), (-80.16333588952425, 26.07908269923517), (-80.16327598871658, 26.079061964340205), (-80.16327598871658, 26.078827885549188), (-80.16352290713903, 26.078840620596765)]
2024-12-26 21:03:44,111 - DEBUG - STREAM b'IHDR' 16 13
2024-12-26 21:03:44,111 - DEBUG - STREAM b'tRNS' 41 6
2024-12-26 21:03:44,111 - DEBUG - STREAM b'IDAT' 59 8192
2024-12-26 21:03:44,119 - DEBUG - Loaded image size: 512x512
2024-12-26 21:03:44,119 - DEBUG - Converting GeoJSON to pixel bounding boxes.
2024-12-26 21:03:44,119 - DEBUG - Input Coordinates: [(-80.16352290713903, 26.078840620596765), (-80.16333588952425, 26.07908269923517), (-80.16327598871658, 26.079061964340205), (-80.16327598871658, 26.078827885549188), (-80.16352290713903, 26.078840620596765)] ... (showing first 5 for brevity)
2024-12-26 21:03:44,119 - DEBUG - GeoTransform: [-80.16500449105366, 3.3759811271316744e-06, 0.0, 26.07981938670636, 0.0, -3.3759811271316744e-06]
2024-12-26 21:03:44,119 - DEBUG - Image Dimensions: width=512, height=512
2024-12-26 21:03:44,119 - DEBUG - Converting geo-coordinates to pixel coordinates:
2024-12-26 21:03:44,119 - DEBUG - Inputs - lon: -80.16352290713903, lat: 26.078840620596765, geo_transform: [-80.16500449105366, 3.3759811271316744e-06, 0.0, 26.07981938670636, 0.0, -3.3759811271316744e-06], image_width: 512, image_height: 512
2024-12-26 21:03:44,119 - DEBUG - Parsed GeoTransform - x_origin: -80.16500449105366, pixel_width: 3.3759811271316744e-06, y_origin: 26.07981938670636, pixel_height: -3.3759811271316744e-06
2024-12-26 21:03:44,119 - DEBUG - Computed pixel coordinates before clamping - x_pixel: 438, y_pixel: 289
2024-12-26 21:03:44,119 - DEBUG - Clamped pixel coordinates - x_pixel: 438, y_pixel: 289
2024-12-26 21:03:44,119 - DEBUG - Converting geo-coordinates to pixel coordinates:
2024-12-26 21:03:44,120 - DEBUG - Inputs - lon: -80.16333588952425, lat: 26.07908269923517, geo_transform: [-80.16500449105366, 3.3759811271316744e-06, 0.0, 26.07981938670636, 0.0, -3.3759811271316744e-06], image_width: 512, image_height: 512
2024-12-26 21:03:44,120 - DEBUG - Parsed GeoTransform - x_origin: -80.16500449105366, pixel_width: 3.3759811271316744e-06, y_origin: 26.07981938670636, pixel_height: -3.3759811271316744e-06
2024-12-26 21:03:44,120 - DEBUG - Computed pixel coordinates before clamping - x_pixel: 494, y_pixel: 218
2024-12-26 21:03:44,120 - DEBUG - Clamped pixel coordinates - x_pixel: 494, y_pixel: 218
2024-12-26 21:03:44,120 - DEBUG - Converting geo-coordinates to pixel coordinates:
2024-12-26 21:03:44,120 - DEBUG - Inputs - lon: -80.16327598871658, lat: 26.079061964340205, geo_transform: [-80.16500449105366, 3.3759811271316744e-06, 0.0, 26.07981938670636, 0.0, -3.3759811271316744e-06], image_width: 512, image_height: 512
2024-12-26 21:03:44,120 - DEBUG - Parsed GeoTransform - x_origin: -80.16500449105366, pixel_width: 3.3759811271316744e-06, y_origin: 26.07981938670636, pixel_height: -3.3759811271316744e-06
2024-12-26 21:03:44,120 - DEBUG - Computed pixel coordinates before clamping - x_pixel: 511, y_pixel: 224
2024-12-26 21:03:44,120 - DEBUG - Clamped pixel coordinates - x_pixel: 511, y_pixel: 224
2024-12-26 21:03:44,120 - DEBUG - Converting geo-coordinates to pixel coordinates:
2024-12-26 21:03:44,120 - DEBUG - Inputs - lon: -80.16327598871658, lat: 26.078827885549188, geo_transform: [-80.16500449105366, 3.3759811271316744e-06, 0.0, 26.07981938670636, 0.0, -3.3759811271316744e-06], image_width: 512, image_height: 512
2024-12-26 21:03:44,120 - DEBUG - Parsed GeoTransform - x_origin: -80.16500449105366, pixel_width: 3.3759811271316744e-06, y_origin: 26.07981938670636, pixel_height: -3.3759811271316744e-06
2024-12-26 21:03:44,120 - DEBUG - Computed pixel coordinates before clamping - x_pixel: 511, y_pixel: 293
2024-12-26 21:03:44,121 - DEBUG - Clamped pixel coordinates - x_pixel: 511, y_pixel: 293
2024-12-26 21:03:44,121 - DEBUG - Converting geo-coordinates to pixel coordinates:
2024-12-26 21:03:44,121 - DEBUG - Inputs - lon: -80.16352290713903, lat: 26.078840620596765, geo_transform: [-80.16500449105366, 3.3759811271316744e-06, 0.0, 26.07981938670636, 0.0, -3.3759811271316744e-06], image_width: 512, image_height: 512
2024-12-26 21:03:44,121 - DEBUG - Parsed GeoTransform - x_origin: -80.16500449105366, pixel_width: 3.3759811271316744e-06, y_origin: 26.07981938670636, pixel_height: -3.3759811271316744e-06
2024-12-26 21:03:44,121 - DEBUG - Computed pixel coordinates before clamping - x_pixel: 438, y_pixel: 289
2024-12-26 21:03:44,121 - DEBUG - Clamped pixel coordinates - x_pixel: 438, y_pixel: 289
2024-12-26 21:03:44,121 - DEBUG - Pixel Coordinates: [(438, 289), (494, 218), (511, 224), (511, 293), (438, 289)] ... (showing first 5 for brevity)
2024-12-26 21:03:44,121 - DEBUG - Pixel Bounding Box: x_min=438, x_max=511, y_min=218, y_max=293
2024-12-26 21:03:44,121 - DEBUG - Pixel bounding box: (438, 218, 511, 293)
2024-12-26 21:03:44,121 - DEBUG - Input is a list. Converting to tensor.
2024-12-26 21:03:44,121 - DEBUG - Input Bounding Boxes (Corner Format): tensor([[438., 218., 511., 293.]])
2024-12-26 21:03:44,122 - DEBUG - x_min: 438.0, y_min: 218.0, x_max: 511.0, y_max: 293.0
2024-12-26 21:03:44,122 - DEBUG - Converted Bounding Boxes (Center Format): tensor([[474.5000, 255.5000,  73.0000,  75.0000]])
2024-12-26 21:03:44,122 - DEBUG - Normalized bounding box (cx, cy, w, h): tensor([[474.5000, 255.5000,  73.0000,  75.0000]])
2024-12-26 21:03:44,123 - DEBUG - Processed image tensor shape: torch.Size([3, 512, 512])
2024-12-26 21:03:44,124 - DEBUG - Processed bounding box tensor: tensor([[474.5000, 255.5000,  73.0000,  75.0000]])
2024-12-26 21:03:44,124 - DEBUG - Processing index 4074:
2024-12-26 21:03:44,124 - DEBUG - Image path: ./data/raw/train/PS-RGB_tiled/63_10400100484AA300_tile_60.png
2024-12-26 21:03:44,124 - DEBUG - Label path: ./data/raw/train/geojson_aircraft_tiled/63_10400100484AA300_tile_60.geojson
2024-12-26 21:03:44,124 - DEBUG - Auxiliary path: ./data/raw/train/PS-RGB_tiled/63_10400100484AA300_tile_60.png.aux.xml
2024-12-26 21:03:44,124 - DEBUG - Parsing GeoTransform from: ./data/raw/train/PS-RGB_tiled/63_10400100484AA300_tile_60.png.aux.xml
2024-12-26 21:03:44,125 - DEBUG - GeoTransform parsed: [-73.88437322551752, 3.4186511031273537e-06, 0.0, 41.62567129083651, 0.0, -3.4186511031273537e-06]
2024-12-26 21:03:44,125 - DEBUG - Reading GeoJSON from: ./data/raw/train/geojson_aircraft_tiled/63_10400100484AA300_tile_60.geojson
2024-12-26 21:03:44,125 - DEBUG - First feature coordinates: [[[-73.88268792062647, 41.62478589323125], [-73.88267711469548, 41.62471494994515], [-73.88280537639815, 41.62471166118355], [-73.88277765683604, 41.62480609562398], [-73.88268792062647, 41.62478589323125]]]
2024-12-26 21:03:44,125 - DEBUG - Feature properties: {'loc_id': 63, 'cat_id': '10400100484AA300', 'location': 'Dutchess County Airport, 263, New Hackensack Road, Wappingers Falls, Town of Wappinger, Dutchess County, New York, 12590, USA', 'role': 'Small Civil Transport/Utility', 'role_id': 1, 'is_plane': 1, 'num_engines': 1, 'propulsion': 'propeller', 'canards': 'no', 'num_tail_fins': 1, 'wing_position': 'mid/low mounted', 'wing_type': 'straight', 'length': 12.794075554432101, 'wingspan': 13.137011356434048, 'area': 84.03483971094137, 'faa_wingspan_class': 1, 'Public_Train': 1, 'Public_Test': 0, 'partialDec': 1.0, 'truncated': 0, 'new_area': 84.03483971094137}
2024-12-26 21:03:44,125 - DEBUG - GeoJSON Coords: [(-73.88268792062647, 41.62478589323125), (-73.88267711469548, 41.62471494994515), (-73.88280537639815, 41.62471166118355), (-73.88277765683604, 41.62480609562398), (-73.88268792062647, 41.62478589323125)]
2024-12-26 21:03:44,125 - DEBUG - GeoJSON Features: [12.794075554432101, 13.137011356434048, 84.03483971094137, 0, 1, 0, 1, 1, 1]
2024-12-26 21:03:44,125 - DEBUG - Parsed GeoTransform: [-73.88437322551752, 3.4186511031273537e-06, 0.0, 41.62567129083651, 0.0, -3.4186511031273537e-06]
2024-12-26 21:03:44,125 - DEBUG - Parsed GeoJSON coordinates: [(-73.88268792062647, 41.62478589323125), (-73.88267711469548, 41.62471494994515), (-73.88280537639815, 41.62471166118355), (-73.88277765683604, 41.62480609562398), (-73.88268792062647, 41.62478589323125)]
2024-12-26 21:03:44,126 - DEBUG - STREAM b'IHDR' 16 13
2024-12-26 21:03:44,126 - DEBUG - STREAM b'tRNS' 41 6
2024-12-26 21:03:44,126 - DEBUG - STREAM b'IDAT' 59 8192
2024-12-26 21:03:44,136 - DEBUG - Loaded image size: 512x512
2024-12-26 21:03:44,136 - DEBUG - Converting GeoJSON to pixel bounding boxes.
2024-12-26 21:03:44,136 - DEBUG - Input Coordinates: [(-73.88268792062647, 41.62478589323125), (-73.88267711469548, 41.62471494994515), (-73.88280537639815, 41.62471166118355), (-73.88277765683604, 41.62480609562398), (-73.88268792062647, 41.62478589323125)] ... (showing first 5 for brevity)
2024-12-26 21:03:44,136 - DEBUG - GeoTransform: [-73.88437322551752, 3.4186511031273537e-06, 0.0, 41.62567129083651, 0.0, -3.4186511031273537e-06]
2024-12-26 21:03:44,137 - DEBUG - Image Dimensions: width=512, height=512
2024-12-26 21:03:44,137 - DEBUG - Converting geo-coordinates to pixel coordinates:
2024-12-26 21:03:44,137 - DEBUG - Inputs - lon: -73.88268792062647, lat: 41.62478589323125, geo_transform: [-73.88437322551752, 3.4186511031273537e-06, 0.0, 41.62567129083651, 0.0, -3.4186511031273537e-06], image_width: 512, image_height: 512
2024-12-26 21:03:44,137 - DEBUG - Parsed GeoTransform - x_origin: -73.88437322551752, pixel_width: 3.4186511031273537e-06, y_origin: 41.62567129083651, pixel_height: -3.4186511031273537e-06
2024-12-26 21:03:44,137 - DEBUG - Computed pixel coordinates before clamping - x_pixel: 492, y_pixel: 258
2024-12-26 21:03:44,137 - DEBUG - Clamped pixel coordinates - x_pixel: 492, y_pixel: 258
2024-12-26 21:03:44,137 - DEBUG - Converting geo-coordinates to pixel coordinates:
2024-12-26 21:03:44,137 - DEBUG - Inputs - lon: -73.88267711469548, lat: 41.62471494994515, geo_transform: [-73.88437322551752, 3.4186511031273537e-06, 0.0, 41.62567129083651, 0.0, -3.4186511031273537e-06], image_width: 512, image_height: 512
2024-12-26 21:03:44,137 - DEBUG - Parsed GeoTransform - x_origin: -73.88437322551752, pixel_width: 3.4186511031273537e-06, y_origin: 41.62567129083651, pixel_height: -3.4186511031273537e-06
2024-12-26 21:03:44,137 - DEBUG - Computed pixel coordinates before clamping - x_pixel: 496, y_pixel: 279
2024-12-26 21:03:44,137 - DEBUG - Clamped pixel coordinates - x_pixel: 496, y_pixel: 279
2024-12-26 21:03:44,137 - DEBUG - Converting geo-coordinates to pixel coordinates:
2024-12-26 21:03:44,137 - DEBUG - Inputs - lon: -73.88280537639815, lat: 41.62471166118355, geo_transform: [-73.88437322551752, 3.4186511031273537e-06, 0.0, 41.62567129083651, 0.0, -3.4186511031273537e-06], image_width: 512, image_height: 512
2024-12-26 21:03:44,138 - DEBUG - Parsed GeoTransform - x_origin: -73.88437322551752, pixel_width: 3.4186511031273537e-06, y_origin: 41.62567129083651, pixel_height: -3.4186511031273537e-06
2024-12-26 21:03:44,138 - DEBUG - Computed pixel coordinates before clamping - x_pixel: 458, y_pixel: 280
2024-12-26 21:03:44,138 - DEBUG - Clamped pixel coordinates - x_pixel: 458, y_pixel: 280
2024-12-26 21:03:44,138 - DEBUG - Converting geo-coordinates to pixel coordinates:
2024-12-26 21:03:44,138 - DEBUG - Inputs - lon: -73.88277765683604, lat: 41.62480609562398, geo_transform: [-73.88437322551752, 3.4186511031273537e-06, 0.0, 41.62567129083651, 0.0, -3.4186511031273537e-06], image_width: 512, image_height: 512
2024-12-26 21:03:44,138 - DEBUG - Parsed GeoTransform - x_origin: -73.88437322551752, pixel_width: 3.4186511031273537e-06, y_origin: 41.62567129083651, pixel_height: -3.4186511031273537e-06
2024-12-26 21:03:44,138 - DEBUG - Computed pixel coordinates before clamping - x_pixel: 466, y_pixel: 253
2024-12-26 21:03:44,138 - DEBUG - Clamped pixel coordinates - x_pixel: 466, y_pixel: 253
2024-12-26 21:03:44,138 - DEBUG - Converting geo-coordinates to pixel coordinates:
2024-12-26 21:03:44,138 - DEBUG - Inputs - lon: -73.88268792062647, lat: 41.62478589323125, geo_transform: [-73.88437322551752, 3.4186511031273537e-06, 0.0, 41.62567129083651, 0.0, -3.4186511031273537e-06], image_width: 512, image_height: 512
2024-12-26 21:03:44,138 - DEBUG - Parsed GeoTransform - x_origin: -73.88437322551752, pixel_width: 3.4186511031273537e-06, y_origin: 41.62567129083651, pixel_height: -3.4186511031273537e-06
2024-12-26 21:03:44,138 - DEBUG - Computed pixel coordinates before clamping - x_pixel: 492, y_pixel: 258
2024-12-26 21:03:44,138 - DEBUG - Clamped pixel coordinates - x_pixel: 492, y_pixel: 258
2024-12-26 21:03:44,138 - DEBUG - Pixel Coordinates: [(492, 258), (496, 279), (458, 280), (466, 253), (492, 258)] ... (showing first 5 for brevity)
2024-12-26 21:03:44,139 - DEBUG - Pixel Bounding Box: x_min=458, x_max=496, y_min=253, y_max=280
2024-12-26 21:03:44,139 - DEBUG - Pixel bounding box: (458, 253, 496, 280)
2024-12-26 21:03:44,139 - DEBUG - Input is a list. Converting to tensor.
2024-12-26 21:03:44,139 - DEBUG - Input Bounding Boxes (Corner Format): tensor([[458., 253., 496., 280.]])
2024-12-26 21:03:44,139 - DEBUG - x_min: 458.0, y_min: 253.0, x_max: 496.0, y_max: 280.0
2024-12-26 21:03:44,139 - DEBUG - Converted Bounding Boxes (Center Format): tensor([[477.0000, 266.5000,  38.0000,  27.0000]])
2024-12-26 21:03:44,140 - DEBUG - Normalized bounding box (cx, cy, w, h): tensor([[477.0000, 266.5000,  38.0000,  27.0000]])
2024-12-26 21:03:44,141 - DEBUG - Processed image tensor shape: torch.Size([3, 512, 512])
2024-12-26 21:03:44,141 - DEBUG - Processed bounding box tensor: tensor([[477.0000, 266.5000,  38.0000,  27.0000]])
2024-12-26 21:03:44,141 - DEBUG - Processing index 700:
2024-12-26 21:03:44,141 - DEBUG - Image path: ./data/raw/train/PS-RGB_tiled/118_1040010023C25400_tile_605.png
2024-12-26 21:03:44,142 - DEBUG - Label path: ./data/raw/train/geojson_aircraft_tiled/118_1040010023C25400_tile_605.geojson
2024-12-26 21:03:44,142 - DEBUG - Auxiliary path: ./data/raw/train/PS-RGB_tiled/118_1040010023C25400_tile_605.png.aux.xml
2024-12-26 21:03:44,142 - DEBUG - Parsing GeoTransform from: ./data/raw/train/PS-RGB_tiled/118_1040010023C25400_tile_605.png.aux.xml
2024-12-26 21:03:44,142 - DEBUG - GeoTransform parsed: [-87.90454218267661, 2.8993125794957556e-06, 0.0, 42.93557768722988, 0.0, -2.8993125794957556e-06]
2024-12-26 21:03:44,142 - DEBUG - Reading GeoJSON from: ./data/raw/train/geojson_aircraft_tiled/118_1040010023C25400_tile_605.geojson
2024-12-26 21:03:44,142 - DEBUG - First feature coordinates: [[[-87.90433520656447, 42.93474572541238], [-87.90453295901715, 42.93465548885629], [-87.90454218267661, 42.93466186570728], [-87.90454218267661, 42.93483362770718], [-87.9045214394568, 42.93484364167536], [-87.90433520656447, 42.93474572541238]]]
2024-12-26 21:03:44,142 - DEBUG - Feature properties: {'loc_id': 118, 'cat_id': '1040010023C25400', 'location': 'Trituration Building, Bus Parking Only, Milwaukee, Milwaukee County, Wisconsin, 53207-6127, USA', 'role': 'Medium Civil Transport/Utility', 'role_id': 2, 'is_plane': 1, 'num_engines': 2, 'propulsion': 'jet', 'canards': 'no', 'num_tail_fins': 1, 'wing_position': 'mid/low mounted', 'wing_type': 'swept', 'length': 28.890352090407436, 'wingspan': 20.916344865914507, 'area': 302.0703593272157, 'faa_wingspan_class': 2, 'Public_Train': 1, 'Public_Test': 0, 'partialDec': 0.6230956960711201, 'truncated': 1, 'new_area': 188.21874080744487}
2024-12-26 21:03:44,143 - DEBUG - GeoJSON Coords: [(-87.90433520656447, 42.93474572541238), (-87.90453295901715, 42.93465548885629), (-87.90454218267661, 42.93466186570728), (-87.90454218267661, 42.93483362770718), (-87.9045214394568, 42.93484364167536), (-87.90433520656447, 42.93474572541238)]
2024-12-26 21:03:44,143 - DEBUG - GeoJSON Features: [28.890352090407436, 20.916344865914507, 302.0703593272157, 1, 1, 0, 2, 1, 2]
2024-12-26 21:03:44,143 - DEBUG - Parsed GeoTransform: [-87.90454218267661, 2.8993125794957556e-06, 0.0, 42.93557768722988, 0.0, -2.8993125794957556e-06]
2024-12-26 21:03:44,143 - DEBUG - Parsed GeoJSON coordinates: [(-87.90433520656447, 42.93474572541238), (-87.90453295901715, 42.93465548885629), (-87.90454218267661, 42.93466186570728), (-87.90454218267661, 42.93483362770718), (-87.9045214394568, 42.93484364167536), (-87.90433520656447, 42.93474572541238)]
2024-12-26 21:03:44,143 - DEBUG - STREAM b'IHDR' 16 13
2024-12-26 21:03:44,143 - DEBUG - STREAM b'tRNS' 41 6
2024-12-26 21:03:44,143 - DEBUG - STREAM b'IDAT' 59 8192
2024-12-26 21:03:44,154 - DEBUG - Loaded image size: 512x512
2024-12-26 21:03:44,154 - DEBUG - Converting GeoJSON to pixel bounding boxes.
2024-12-26 21:03:44,154 - DEBUG - Input Coordinates: [(-87.90433520656447, 42.93474572541238), (-87.90453295901715, 42.93465548885629), (-87.90454218267661, 42.93466186570728), (-87.90454218267661, 42.93483362770718), (-87.9045214394568, 42.93484364167536)] ... (showing first 5 for brevity)
2024-12-26 21:03:44,154 - DEBUG - GeoTransform: [-87.90454218267661, 2.8993125794957556e-06, 0.0, 42.93557768722988, 0.0, -2.8993125794957556e-06]
2024-12-26 21:03:44,154 - DEBUG - Image Dimensions: width=512, height=512
2024-12-26 21:03:44,154 - DEBUG - Converting geo-coordinates to pixel coordinates:
2024-12-26 21:03:44,154 - DEBUG - Inputs - lon: -87.90433520656447, lat: 42.93474572541238, geo_transform: [-87.90454218267661, 2.8993125794957556e-06, 0.0, 42.93557768722988, 0.0, -2.8993125794957556e-06], image_width: 512, image_height: 512
2024-12-26 21:03:44,154 - DEBUG - Parsed GeoTransform - x_origin: -87.90454218267661, pixel_width: 2.8993125794957556e-06, y_origin: 42.93557768722988, pixel_height: -2.8993125794957556e-06
2024-12-26 21:03:44,154 - DEBUG - Computed pixel coordinates before clamping - x_pixel: 71, y_pixel: 286
2024-12-26 21:03:44,154 - DEBUG - Clamped pixel coordinates - x_pixel: 71, y_pixel: 286
2024-12-26 21:03:44,154 - DEBUG - Converting geo-coordinates to pixel coordinates:
2024-12-26 21:03:44,154 - DEBUG - Inputs - lon: -87.90453295901715, lat: 42.93465548885629, geo_transform: [-87.90454218267661, 2.8993125794957556e-06, 0.0, 42.93557768722988, 0.0, -2.8993125794957556e-06], image_width: 512, image_height: 512
2024-12-26 21:03:44,154 - DEBUG - Parsed GeoTransform - x_origin: -87.90454218267661, pixel_width: 2.8993125794957556e-06, y_origin: 42.93557768722988, pixel_height: -2.8993125794957556e-06
2024-12-26 21:03:44,155 - DEBUG - Computed pixel coordinates before clamping - x_pixel: 3, y_pixel: 318
2024-12-26 21:03:44,155 - DEBUG - Clamped pixel coordinates - x_pixel: 3, y_pixel: 318
2024-12-26 21:03:44,155 - DEBUG - Converting geo-coordinates to pixel coordinates:
2024-12-26 21:03:44,155 - DEBUG - Inputs - lon: -87.90454218267661, lat: 42.93466186570728, geo_transform: [-87.90454218267661, 2.8993125794957556e-06, 0.0, 42.93557768722988, 0.0, -2.8993125794957556e-06], image_width: 512, image_height: 512
2024-12-26 21:03:44,155 - DEBUG - Parsed GeoTransform - x_origin: -87.90454218267661, pixel_width: 2.8993125794957556e-06, y_origin: 42.93557768722988, pixel_height: -2.8993125794957556e-06
2024-12-26 21:03:44,155 - DEBUG - Computed pixel coordinates before clamping - x_pixel: 0, y_pixel: 315
2024-12-26 21:03:44,155 - DEBUG - Clamped pixel coordinates - x_pixel: 0, y_pixel: 315
2024-12-26 21:03:44,155 - DEBUG - Converting geo-coordinates to pixel coordinates:
2024-12-26 21:03:44,155 - DEBUG - Inputs - lon: -87.90454218267661, lat: 42.93483362770718, geo_transform: [-87.90454218267661, 2.8993125794957556e-06, 0.0, 42.93557768722988, 0.0, -2.8993125794957556e-06], image_width: 512, image_height: 512
2024-12-26 21:03:44,155 - DEBUG - Parsed GeoTransform - x_origin: -87.90454218267661, pixel_width: 2.8993125794957556e-06, y_origin: 42.93557768722988, pixel_height: -2.8993125794957556e-06
2024-12-26 21:03:44,155 - DEBUG - Computed pixel coordinates before clamping - x_pixel: 0, y_pixel: 256
2024-12-26 21:03:44,155 - DEBUG - Clamped pixel coordinates - x_pixel: 0, y_pixel: 256
2024-12-26 21:03:44,155 - DEBUG - Converting geo-coordinates to pixel coordinates:
2024-12-26 21:03:44,155 - DEBUG - Inputs - lon: -87.9045214394568, lat: 42.93484364167536, geo_transform: [-87.90454218267661, 2.8993125794957556e-06, 0.0, 42.93557768722988, 0.0, -2.8993125794957556e-06], image_width: 512, image_height: 512
2024-12-26 21:03:44,155 - DEBUG - Parsed GeoTransform - x_origin: -87.90454218267661, pixel_width: 2.8993125794957556e-06, y_origin: 42.93557768722988, pixel_height: -2.8993125794957556e-06
2024-12-26 21:03:44,156 - DEBUG - Computed pixel coordinates before clamping - x_pixel: 7, y_pixel: 253
2024-12-26 21:03:44,156 - DEBUG - Clamped pixel coordinates - x_pixel: 7, y_pixel: 253
2024-12-26 21:03:44,156 - DEBUG - Converting geo-coordinates to pixel coordinates:
2024-12-26 21:03:44,156 - DEBUG - Inputs - lon: -87.90433520656447, lat: 42.93474572541238, geo_transform: [-87.90454218267661, 2.8993125794957556e-06, 0.0, 42.93557768722988, 0.0, -2.8993125794957556e-06], image_width: 512, image_height: 512
2024-12-26 21:03:44,156 - DEBUG - Parsed GeoTransform - x_origin: -87.90454218267661, pixel_width: 2.8993125794957556e-06, y_origin: 42.93557768722988, pixel_height: -2.8993125794957556e-06
2024-12-26 21:03:44,156 - DEBUG - Computed pixel coordinates before clamping - x_pixel: 71, y_pixel: 286
2024-12-26 21:03:44,156 - DEBUG - Clamped pixel coordinates - x_pixel: 71, y_pixel: 286
2024-12-26 21:03:44,156 - DEBUG - Pixel Coordinates: [(71, 286), (3, 318), (0, 315), (0, 256), (7, 253)] ... (showing first 5 for brevity)
2024-12-26 21:03:44,156 - DEBUG - Pixel Bounding Box: x_min=0, x_max=71, y_min=253, y_max=318
2024-12-26 21:03:44,156 - DEBUG - Pixel bounding box: (0, 253, 71, 318)
2024-12-26 21:03:44,156 - DEBUG - Input is a list. Converting to tensor.
2024-12-26 21:03:44,157 - DEBUG - Input Bounding Boxes (Corner Format): tensor([[  0., 253.,  71., 318.]])
2024-12-26 21:03:44,157 - DEBUG - x_min: 0.0, y_min: 253.0, x_max: 71.0, y_max: 318.0
2024-12-26 21:03:44,157 - DEBUG - Converted Bounding Boxes (Center Format): tensor([[ 35.5000, 285.5000,  71.0000,  65.0000]])
2024-12-26 21:03:44,157 - DEBUG - Normalized bounding box (cx, cy, w, h): tensor([[ 35.5000, 285.5000,  71.0000,  65.0000]])
2024-12-26 21:03:44,158 - DEBUG - Processed image tensor shape: torch.Size([3, 512, 512])
2024-12-26 21:03:44,159 - DEBUG - Processed bounding box tensor: tensor([[ 35.5000, 285.5000,  71.0000,  65.0000]])
2024-12-26 21:03:44,159 - DEBUG - Processing index 2050:
2024-12-26 21:03:44,159 - DEBUG - Image path: ./data/raw/train/PS-RGB_tiled/37_104001000EA43C00_tile_268.png
2024-12-26 21:03:44,159 - DEBUG - Label path: ./data/raw/train/geojson_aircraft_tiled/37_104001000EA43C00_tile_268.geojson
2024-12-26 21:03:44,159 - DEBUG - Auxiliary path: ./data/raw/train/PS-RGB_tiled/37_104001000EA43C00_tile_268.png.aux.xml
2024-12-26 21:03:44,159 - DEBUG - Parsing GeoTransform from: ./data/raw/train/PS-RGB_tiled/37_104001000EA43C00_tile_268.png.aux.xml
2024-12-26 21:03:44,160 - DEBUG - GeoTransform parsed: [-0.19446441699940625, 3.213722928937588e-06, 0.0, 51.15010830502171, 0.0, -3.213722928937588e-06]
2024-12-26 21:03:44,160 - DEBUG - Reading GeoJSON from: ./data/raw/train/geojson_aircraft_tiled/37_104001000EA43C00_tile_268.geojson
2024-12-26 21:03:44,160 - DEBUG - First feature coordinates: [[[-0.194021875888037, 51.14947227213083], [-0.193811592108903, 51.14965832966813], [-0.193550917746751, 51.14954398180666], [-0.19371177999254, 51.1493637385674], [-0.194021875888037, 51.14947227213083]]]
2024-12-26 21:03:44,160 - DEBUG - Feature properties: {'loc_id': 37, 'cat_id': '104001000EA43C00', 'location': 'London Gatwick Airport, Fuel Farm Road, Crawley, West Sussex, South East, England, RH6 0SQ, United Kingdom', 'role': 'Medium Civil Transport/Utility', 'role_id': 2, 'is_plane': 1, 'num_engines': 2, 'propulsion': 'jet', 'canards': 'no', 'num_tail_fins': 1, 'wing_position': 'mid/low mounted', 'wing_type': 'swept', 'length': 33.90820205077661, 'wingspan': 33.51192660516283, 'area': 567.9488139418585, 'faa_wingspan_class': 3, 'Public_Train': 1, 'Public_Test': 0, 'partialDec': 1.0, 'truncated': 0, 'new_area': 567.9488139418585}
2024-12-26 21:03:44,160 - DEBUG - GeoJSON Coords: [(-0.194021875888037, 51.14947227213083), (-0.193811592108903, 51.14965832966813), (-0.193550917746751, 51.14954398180666), (-0.19371177999254, 51.1493637385674), (-0.194021875888037, 51.14947227213083)]
2024-12-26 21:03:44,160 - DEBUG - GeoJSON Features: [33.90820205077661, 33.51192660516283, 567.9488139418585, 1, 1, 0, 2, 1, 3]
2024-12-26 21:03:44,160 - DEBUG - Parsed GeoTransform: [-0.19446441699940625, 3.213722928937588e-06, 0.0, 51.15010830502171, 0.0, -3.213722928937588e-06]
2024-12-26 21:03:44,160 - DEBUG - Parsed GeoJSON coordinates: [(-0.194021875888037, 51.14947227213083), (-0.193811592108903, 51.14965832966813), (-0.193550917746751, 51.14954398180666), (-0.19371177999254, 51.1493637385674), (-0.194021875888037, 51.14947227213083)]
2024-12-26 21:03:44,161 - DEBUG - STREAM b'IHDR' 16 13
2024-12-26 21:03:44,161 - DEBUG - STREAM b'tRNS' 41 6
2024-12-26 21:03:44,161 - DEBUG - STREAM b'IDAT' 59 8192
2024-12-26 21:03:44,171 - DEBUG - Loaded image size: 512x512
2024-12-26 21:03:44,171 - DEBUG - Converting GeoJSON to pixel bounding boxes.
2024-12-26 21:03:44,171 - DEBUG - Input Coordinates: [(-0.194021875888037, 51.14947227213083), (-0.193811592108903, 51.14965832966813), (-0.193550917746751, 51.14954398180666), (-0.19371177999254, 51.1493637385674), (-0.194021875888037, 51.14947227213083)] ... (showing first 5 for brevity)
2024-12-26 21:03:44,171 - DEBUG - GeoTransform: [-0.19446441699940625, 3.213722928937588e-06, 0.0, 51.15010830502171, 0.0, -3.213722928937588e-06]
2024-12-26 21:03:44,172 - DEBUG - Image Dimensions: width=512, height=512
2024-12-26 21:03:44,172 - DEBUG - Converting geo-coordinates to pixel coordinates:
2024-12-26 21:03:44,172 - DEBUG - Inputs - lon: -0.194021875888037, lat: 51.14947227213083, geo_transform: [-0.19446441699940625, 3.213722928937588e-06, 0.0, 51.15010830502171, 0.0, -3.213722928937588e-06], image_width: 512, image_height: 512
2024-12-26 21:03:44,172 - DEBUG - Parsed GeoTransform - x_origin: -0.19446441699940625, pixel_width: 3.213722928937588e-06, y_origin: 51.15010830502171, pixel_height: -3.213722928937588e-06
2024-12-26 21:03:44,172 - DEBUG - Computed pixel coordinates before clamping - x_pixel: 137, y_pixel: 197
2024-12-26 21:03:44,172 - DEBUG - Clamped pixel coordinates - x_pixel: 137, y_pixel: 197
2024-12-26 21:03:44,172 - DEBUG - Converting geo-coordinates to pixel coordinates:
2024-12-26 21:03:44,172 - DEBUG - Inputs - lon: -0.193811592108903, lat: 51.14965832966813, geo_transform: [-0.19446441699940625, 3.213722928937588e-06, 0.0, 51.15010830502171, 0.0, -3.213722928937588e-06], image_width: 512, image_height: 512
2024-12-26 21:03:44,172 - DEBUG - Parsed GeoTransform - x_origin: -0.19446441699940625, pixel_width: 3.213722928937588e-06, y_origin: 51.15010830502171, pixel_height: -3.213722928937588e-06
2024-12-26 21:03:44,172 - DEBUG - Computed pixel coordinates before clamping - x_pixel: 203, y_pixel: 140
2024-12-26 21:03:44,172 - DEBUG - Clamped pixel coordinates - x_pixel: 203, y_pixel: 140
2024-12-26 21:03:44,172 - DEBUG - Converting geo-coordinates to pixel coordinates:
2024-12-26 21:03:44,172 - DEBUG - Inputs - lon: -0.193550917746751, lat: 51.14954398180666, geo_transform: [-0.19446441699940625, 3.213722928937588e-06, 0.0, 51.15010830502171, 0.0, -3.213722928937588e-06], image_width: 512, image_height: 512
2024-12-26 21:03:44,172 - DEBUG - Parsed GeoTransform - x_origin: -0.19446441699940625, pixel_width: 3.213722928937588e-06, y_origin: 51.15010830502171, pixel_height: -3.213722928937588e-06
2024-12-26 21:03:44,173 - DEBUG - Computed pixel coordinates before clamping - x_pixel: 284, y_pixel: 175
2024-12-26 21:03:44,173 - DEBUG - Clamped pixel coordinates - x_pixel: 284, y_pixel: 175
2024-12-26 21:03:44,173 - DEBUG - Converting geo-coordinates to pixel coordinates:
2024-12-26 21:03:44,173 - DEBUG - Inputs - lon: -0.19371177999254, lat: 51.1493637385674, geo_transform: [-0.19446441699940625, 3.213722928937588e-06, 0.0, 51.15010830502171, 0.0, -3.213722928937588e-06], image_width: 512, image_height: 512
2024-12-26 21:03:44,173 - DEBUG - Parsed GeoTransform - x_origin: -0.19446441699940625, pixel_width: 3.213722928937588e-06, y_origin: 51.15010830502171, pixel_height: -3.213722928937588e-06
2024-12-26 21:03:44,173 - DEBUG - Computed pixel coordinates before clamping - x_pixel: 234, y_pixel: 231
2024-12-26 21:03:44,173 - DEBUG - Clamped pixel coordinates - x_pixel: 234, y_pixel: 231
2024-12-26 21:03:44,173 - DEBUG - Converting geo-coordinates to pixel coordinates:
2024-12-26 21:03:44,173 - DEBUG - Inputs - lon: -0.194021875888037, lat: 51.14947227213083, geo_transform: [-0.19446441699940625, 3.213722928937588e-06, 0.0, 51.15010830502171, 0.0, -3.213722928937588e-06], image_width: 512, image_height: 512
2024-12-26 21:03:44,173 - DEBUG - Parsed GeoTransform - x_origin: -0.19446441699940625, pixel_width: 3.213722928937588e-06, y_origin: 51.15010830502171, pixel_height: -3.213722928937588e-06
2024-12-26 21:03:44,173 - DEBUG - Computed pixel coordinates before clamping - x_pixel: 137, y_pixel: 197
2024-12-26 21:03:44,173 - DEBUG - Clamped pixel coordinates - x_pixel: 137, y_pixel: 197
2024-12-26 21:03:44,173 - DEBUG - Pixel Coordinates: [(137, 197), (203, 140), (284, 175), (234, 231), (137, 197)] ... (showing first 5 for brevity)
2024-12-26 21:03:44,173 - DEBUG - Pixel Bounding Box: x_min=137, x_max=284, y_min=140, y_max=231
2024-12-26 21:03:44,174 - DEBUG - Pixel bounding box: (137, 140, 284, 231)
2024-12-26 21:03:44,174 - DEBUG - Input is a list. Converting to tensor.
2024-12-26 21:03:44,174 - DEBUG - Input Bounding Boxes (Corner Format): tensor([[137., 140., 284., 231.]])
2024-12-26 21:03:44,174 - DEBUG - x_min: 137.0, y_min: 140.0, x_max: 284.0, y_max: 231.0
2024-12-26 21:03:44,174 - DEBUG - Converted Bounding Boxes (Center Format): tensor([[210.5000, 185.5000, 147.0000,  91.0000]])
2024-12-26 21:03:44,175 - DEBUG - Normalized bounding box (cx, cy, w, h): tensor([[210.5000, 185.5000, 147.0000,  91.0000]])
2024-12-26 21:03:44,176 - DEBUG - Processed image tensor shape: torch.Size([3, 512, 512])
2024-12-26 21:03:44,176 - DEBUG - Processed bounding box tensor: tensor([[210.5000, 185.5000, 147.0000,  91.0000]])
2024-12-26 21:03:44,176 - DEBUG - Processing index 3119:
2024-12-26 21:03:44,176 - DEBUG - Image path: ./data/raw/train/PS-RGB_tiled/53_10400100080B8100_tile_113.png
2024-12-26 21:03:44,176 - DEBUG - Label path: ./data/raw/train/geojson_aircraft_tiled/53_10400100080B8100_tile_113.geojson
2024-12-26 21:03:44,176 - DEBUG - Auxiliary path: ./data/raw/train/PS-RGB_tiled/53_10400100080B8100_tile_113.png.aux.xml
2024-12-26 21:03:44,176 - DEBUG - Parsing GeoTransform from: ./data/raw/train/PS-RGB_tiled/53_10400100080B8100_tile_113.png.aux.xml
2024-12-26 21:03:44,177 - DEBUG - GeoTransform parsed: [-81.59311985825092, 3.386648621130596e-06, 0.0, 38.37331869165195, 0.0, -3.386648621130596e-06]
2024-12-26 21:03:44,177 - DEBUG - Reading GeoJSON from: ./data/raw/train/geojson_aircraft_tiled/53_10400100080B8100_tile_113.geojson
2024-12-26 21:03:44,177 - DEBUG - First feature coordinates: [[[-81.59305470294923, 38.3726795906983], [-81.59311985825092, 38.37287098439698], [-81.59311985825092, 38.372874792265264], [-81.59281284262188, 38.37284831113284], [-81.59281367375704, 38.37261476215695], [-81.59305470294923, 38.3726795906983]]]
2024-12-26 21:03:44,177 - DEBUG - Feature properties: {'loc_id': 53, 'cat_id': '10400100080B8100', 'location': 'Yeager Airport, Airport Road, Etowah, Kanawha County, West Virginia, 25311, USA', 'role': 'Military Transport/Utility/AWAC', 'role_id': 4, 'is_plane': 1, 'num_engines': 4, 'propulsion': 'propeller', 'canards': 'no', 'num_tail_fins': 1, 'wing_position': 'high mounted', 'wing_type': 'straight', 'length': 28.22890414347629, 'wingspan': 39.432191787614556, 'area': 556.3985775936063, 'faa_wingspan_class': 4, 'Public_Train': 1, 'Public_Test': 0, 'partialDec': 0.9999557031252626, 'truncated': 1, 'new_area': 556.3739308755106}
2024-12-26 21:03:44,177 - DEBUG - GeoJSON Coords: [(-81.59305470294923, 38.3726795906983), (-81.59311985825092, 38.37287098439698), (-81.59311985825092, 38.372874792265264), (-81.59281284262188, 38.37284831113284), (-81.59281367375704, 38.37261476215695), (-81.59305470294923, 38.3726795906983)]
2024-12-26 21:03:44,177 - DEBUG - GeoJSON Features: [28.22890414347629, 39.432191787614556, 556.3985775936063, 0, 0, 0, 4, 1, 4]
2024-12-26 21:03:44,177 - DEBUG - Parsed GeoTransform: [-81.59311985825092, 3.386648621130596e-06, 0.0, 38.37331869165195, 0.0, -3.386648621130596e-06]
2024-12-26 21:03:44,178 - DEBUG - Parsed GeoJSON coordinates: [(-81.59305470294923, 38.3726795906983), (-81.59311985825092, 38.37287098439698), (-81.59311985825092, 38.372874792265264), (-81.59281284262188, 38.37284831113284), (-81.59281367375704, 38.37261476215695), (-81.59305470294923, 38.3726795906983)]
2024-12-26 21:03:44,178 - DEBUG - STREAM b'IHDR' 16 13
2024-12-26 21:03:44,178 - DEBUG - STREAM b'tRNS' 41 6
2024-12-26 21:03:44,178 - DEBUG - STREAM b'IDAT' 59 8192
2024-12-26 21:03:44,188 - DEBUG - Loaded image size: 512x512
2024-12-26 21:03:44,189 - DEBUG - Converting GeoJSON to pixel bounding boxes.
2024-12-26 21:03:44,189 - DEBUG - Input Coordinates: [(-81.59305470294923, 38.3726795906983), (-81.59311985825092, 38.37287098439698), (-81.59311985825092, 38.372874792265264), (-81.59281284262188, 38.37284831113284), (-81.59281367375704, 38.37261476215695)] ... (showing first 5 for brevity)
2024-12-26 21:03:44,189 - DEBUG - GeoTransform: [-81.59311985825092, 3.386648621130596e-06, 0.0, 38.37331869165195, 0.0, -3.386648621130596e-06]
2024-12-26 21:03:44,189 - DEBUG - Image Dimensions: width=512, height=512
2024-12-26 21:03:44,189 - DEBUG - Converting geo-coordinates to pixel coordinates:
2024-12-26 21:03:44,189 - DEBUG - Inputs - lon: -81.59305470294923, lat: 38.3726795906983, geo_transform: [-81.59311985825092, 3.386648621130596e-06, 0.0, 38.37331869165195, 0.0, -3.386648621130596e-06], image_width: 512, image_height: 512
2024-12-26 21:03:44,189 - DEBUG - Parsed GeoTransform - x_origin: -81.59311985825092, pixel_width: 3.386648621130596e-06, y_origin: 38.37331869165195, pixel_height: -3.386648621130596e-06
2024-12-26 21:03:44,189 - DEBUG - Computed pixel coordinates before clamping - x_pixel: 19, y_pixel: 188
2024-12-26 21:03:44,189 - DEBUG - Clamped pixel coordinates - x_pixel: 19, y_pixel: 188
2024-12-26 21:03:44,189 - DEBUG - Converting geo-coordinates to pixel coordinates:
2024-12-26 21:03:44,189 - DEBUG - Inputs - lon: -81.59311985825092, lat: 38.37287098439698, geo_transform: [-81.59311985825092, 3.386648621130596e-06, 0.0, 38.37331869165195, 0.0, -3.386648621130596e-06], image_width: 512, image_height: 512
2024-12-26 21:03:44,189 - DEBUG - Parsed GeoTransform - x_origin: -81.59311985825092, pixel_width: 3.386648621130596e-06, y_origin: 38.37331869165195, pixel_height: -3.386648621130596e-06
2024-12-26 21:03:44,189 - DEBUG - Computed pixel coordinates before clamping - x_pixel: 0, y_pixel: 132
2024-12-26 21:03:44,190 - DEBUG - Clamped pixel coordinates - x_pixel: 0, y_pixel: 132
2024-12-26 21:03:44,190 - DEBUG - Converting geo-coordinates to pixel coordinates:
2024-12-26 21:03:44,190 - DEBUG - Inputs - lon: -81.59311985825092, lat: 38.372874792265264, geo_transform: [-81.59311985825092, 3.386648621130596e-06, 0.0, 38.37331869165195, 0.0, -3.386648621130596e-06], image_width: 512, image_height: 512
2024-12-26 21:03:44,190 - DEBUG - Parsed GeoTransform - x_origin: -81.59311985825092, pixel_width: 3.386648621130596e-06, y_origin: 38.37331869165195, pixel_height: -3.386648621130596e-06
2024-12-26 21:03:44,190 - DEBUG - Computed pixel coordinates before clamping - x_pixel: 0, y_pixel: 131
2024-12-26 21:03:44,190 - DEBUG - Clamped pixel coordinates - x_pixel: 0, y_pixel: 131
2024-12-26 21:03:44,190 - DEBUG - Converting geo-coordinates to pixel coordinates:
2024-12-26 21:03:44,190 - DEBUG - Inputs - lon: -81.59281284262188, lat: 38.37284831113284, geo_transform: [-81.59311985825092, 3.386648621130596e-06, 0.0, 38.37331869165195, 0.0, -3.386648621130596e-06], image_width: 512, image_height: 512
2024-12-26 21:03:44,190 - DEBUG - Parsed GeoTransform - x_origin: -81.59311985825092, pixel_width: 3.386648621130596e-06, y_origin: 38.37331869165195, pixel_height: -3.386648621130596e-06
2024-12-26 21:03:44,190 - DEBUG - Computed pixel coordinates before clamping - x_pixel: 90, y_pixel: 138
2024-12-26 21:03:44,190 - DEBUG - Clamped pixel coordinates - x_pixel: 90, y_pixel: 138
2024-12-26 21:03:44,190 - DEBUG - Converting geo-coordinates to pixel coordinates:
2024-12-26 21:03:44,190 - DEBUG - Inputs - lon: -81.59281367375704, lat: 38.37261476215695, geo_transform: [-81.59311985825092, 3.386648621130596e-06, 0.0, 38.37331869165195, 0.0, -3.386648621130596e-06], image_width: 512, image_height: 512
2024-12-26 21:03:44,190 - DEBUG - Parsed GeoTransform - x_origin: -81.59311985825092, pixel_width: 3.386648621130596e-06, y_origin: 38.37331869165195, pixel_height: -3.386648621130596e-06
2024-12-26 21:03:44,191 - DEBUG - Computed pixel coordinates before clamping - x_pixel: 90, y_pixel: 207
2024-12-26 21:03:44,191 - DEBUG - Clamped pixel coordinates - x_pixel: 90, y_pixel: 207
2024-12-26 21:03:44,191 - DEBUG - Converting geo-coordinates to pixel coordinates:
2024-12-26 21:03:44,191 - DEBUG - Inputs - lon: -81.59305470294923, lat: 38.3726795906983, geo_transform: [-81.59311985825092, 3.386648621130596e-06, 0.0, 38.37331869165195, 0.0, -3.386648621130596e-06], image_width: 512, image_height: 512
2024-12-26 21:03:44,191 - DEBUG - Parsed GeoTransform - x_origin: -81.59311985825092, pixel_width: 3.386648621130596e-06, y_origin: 38.37331869165195, pixel_height: -3.386648621130596e-06
2024-12-26 21:03:44,191 - DEBUG - Computed pixel coordinates before clamping - x_pixel: 19, y_pixel: 188
2024-12-26 21:03:44,191 - DEBUG - Clamped pixel coordinates - x_pixel: 19, y_pixel: 188
2024-12-26 21:03:44,191 - DEBUG - Pixel Coordinates: [(19, 188), (0, 132), (0, 131), (90, 138), (90, 207)] ... (showing first 5 for brevity)
2024-12-26 21:03:44,191 - DEBUG - Pixel Bounding Box: x_min=0, x_max=90, y_min=131, y_max=207
2024-12-26 21:03:44,191 - DEBUG - Pixel bounding box: (0, 131, 90, 207)
2024-12-26 21:03:44,191 - DEBUG - Input is a list. Converting to tensor.
2024-12-26 21:03:44,192 - DEBUG - Input Bounding Boxes (Corner Format): tensor([[  0., 131.,  90., 207.]])
2024-12-26 21:03:44,192 - DEBUG - x_min: 0.0, y_min: 131.0, x_max: 90.0, y_max: 207.0
2024-12-26 21:03:44,192 - DEBUG - Converted Bounding Boxes (Center Format): tensor([[ 45., 169.,  90.,  76.]])
2024-12-26 21:03:44,192 - DEBUG - Normalized bounding box (cx, cy, w, h): tensor([[ 45., 169.,  90.,  76.]])
2024-12-26 21:03:44,193 - DEBUG - Processed image tensor shape: torch.Size([3, 512, 512])
2024-12-26 21:03:44,194 - DEBUG - Processed bounding box tensor: tensor([[ 45., 169.,  90.,  76.]])
2024-12-26 21:03:44,194 - DEBUG - Processing index 4019:
2024-12-26 21:03:44,194 - DEBUG - Image path: ./data/raw/train/PS-RGB_tiled/60_1040010046430200_tile_370.png
2024-12-26 21:03:44,194 - DEBUG - Label path: ./data/raw/train/geojson_aircraft_tiled/60_1040010046430200_tile_370.geojson
2024-12-26 21:03:44,194 - DEBUG - Auxiliary path: ./data/raw/train/PS-RGB_tiled/60_1040010046430200_tile_370.png.aux.xml
2024-12-26 21:03:44,194 - DEBUG - Parsing GeoTransform from: ./data/raw/train/PS-RGB_tiled/60_1040010046430200_tile_370.png.aux.xml
2024-12-26 21:03:44,194 - DEBUG - GeoTransform parsed: [-112.0107865314477, 2.9734235904356163e-06, 0.0, 33.43416636335947, 0.0, -2.9734235904356163e-06]
2024-12-26 21:03:44,195 - DEBUG - Reading GeoJSON from: ./data/raw/train/geojson_aircraft_tiled/60_1040010046430200_tile_370.geojson
2024-12-26 21:03:44,195 - DEBUG - First feature coordinates: [[[-112.0107865314477, 33.43380568960621], [-112.01069106762218, 33.433724383551414], [-112.0107865314477, 33.43357667263218], [-112.0107865314477, 33.43380568960621]]]
2024-12-26 21:03:44,195 - DEBUG - Feature properties: {'loc_id': 60, 'cat_id': '1040010046430200', 'location': 'Phoenix Sky Harbor International Airport, Service Road, Washington Trailer Park, Central City, Phoenix, Maricopa County, Arizona, 85040, USA', 'role': 'Medium Civil Transport/Utility', 'role_id': 2, 'is_plane': 1, 'num_engines': 2, 'propulsion': 'jet', 'canards': 'no', 'num_tail_fins': 1, 'wing_position': 'mid/low mounted', 'wing_type': 'swept', 'length': 33.00710170098202, 'wingspan': 24.362102510752425, 'area': 402.0482842955721, 'faa_wingspan_class': 3, 'Public_Train': 1, 'Public_Test': 0, 'partialDec': 0.2802698712976129, 'truncated': 1, 'new_area': 112.68202089494606}
2024-12-26 21:03:44,195 - DEBUG - GeoJSON Coords: [(-112.0107865314477, 33.43380568960621), (-112.01069106762218, 33.433724383551414), (-112.0107865314477, 33.43357667263218), (-112.0107865314477, 33.43380568960621)]
2024-12-26 21:03:44,195 - DEBUG - GeoJSON Features: [33.00710170098202, 24.362102510752425, 402.0482842955721, 1, 1, 0, 2, 1, 3]
2024-12-26 21:03:44,195 - DEBUG - Parsed GeoTransform: [-112.0107865314477, 2.9734235904356163e-06, 0.0, 33.43416636335947, 0.0, -2.9734235904356163e-06]
2024-12-26 21:03:44,195 - DEBUG - Parsed GeoJSON coordinates: [(-112.0107865314477, 33.43380568960621), (-112.01069106762218, 33.433724383551414), (-112.0107865314477, 33.43357667263218), (-112.0107865314477, 33.43380568960621)]
2024-12-26 21:03:44,196 - DEBUG - STREAM b'IHDR' 16 13
2024-12-26 21:03:44,196 - DEBUG - STREAM b'tRNS' 41 6
2024-12-26 21:03:44,196 - DEBUG - STREAM b'IDAT' 59 8192
2024-12-26 21:03:44,210 - DEBUG - Loaded image size: 512x512
2024-12-26 21:03:44,210 - DEBUG - Converting GeoJSON to pixel bounding boxes.
2024-12-26 21:03:44,210 - DEBUG - Input Coordinates: [(-112.0107865314477, 33.43380568960621), (-112.01069106762218, 33.433724383551414), (-112.0107865314477, 33.43357667263218), (-112.0107865314477, 33.43380568960621)] ... (showing first 5 for brevity)
2024-12-26 21:03:44,210 - DEBUG - GeoTransform: [-112.0107865314477, 2.9734235904356163e-06, 0.0, 33.43416636335947, 0.0, -2.9734235904356163e-06]
2024-12-26 21:03:44,210 - DEBUG - Image Dimensions: width=512, height=512
2024-12-26 21:03:44,210 - DEBUG - Converting geo-coordinates to pixel coordinates:
2024-12-26 21:03:44,210 - DEBUG - Inputs - lon: -112.0107865314477, lat: 33.43380568960621, geo_transform: [-112.0107865314477, 2.9734235904356163e-06, 0.0, 33.43416636335947, 0.0, -2.9734235904356163e-06], image_width: 512, image_height: 512
2024-12-26 21:03:44,211 - DEBUG - Parsed GeoTransform - x_origin: -112.0107865314477, pixel_width: 2.9734235904356163e-06, y_origin: 33.43416636335947, pixel_height: -2.9734235904356163e-06
2024-12-26 21:03:44,211 - DEBUG - Computed pixel coordinates before clamping - x_pixel: 0, y_pixel: 121
2024-12-26 21:03:44,211 - DEBUG - Clamped pixel coordinates - x_pixel: 0, y_pixel: 121
2024-12-26 21:03:44,211 - DEBUG - Converting geo-coordinates to pixel coordinates:
2024-12-26 21:03:44,211 - DEBUG - Inputs - lon: -112.01069106762218, lat: 33.433724383551414, geo_transform: [-112.0107865314477, 2.9734235904356163e-06, 0.0, 33.43416636335947, 0.0, -2.9734235904356163e-06], image_width: 512, image_height: 512
2024-12-26 21:03:44,211 - DEBUG - Parsed GeoTransform - x_origin: -112.0107865314477, pixel_width: 2.9734235904356163e-06, y_origin: 33.43416636335947, pixel_height: -2.9734235904356163e-06
2024-12-26 21:03:44,211 - DEBUG - Computed pixel coordinates before clamping - x_pixel: 32, y_pixel: 148
2024-12-26 21:03:44,211 - DEBUG - Clamped pixel coordinates - x_pixel: 32, y_pixel: 148
2024-12-26 21:03:44,211 - DEBUG - Converting geo-coordinates to pixel coordinates:
2024-12-26 21:03:44,211 - DEBUG - Inputs - lon: -112.0107865314477, lat: 33.43357667263218, geo_transform: [-112.0107865314477, 2.9734235904356163e-06, 0.0, 33.43416636335947, 0.0, -2.9734235904356163e-06], image_width: 512, image_height: 512
2024-12-26 21:03:44,211 - DEBUG - Parsed GeoTransform - x_origin: -112.0107865314477, pixel_width: 2.9734235904356163e-06, y_origin: 33.43416636335947, pixel_height: -2.9734235904356163e-06
2024-12-26 21:03:44,211 - DEBUG - Computed pixel coordinates before clamping - x_pixel: 0, y_pixel: 198
2024-12-26 21:03:44,212 - DEBUG - Clamped pixel coordinates - x_pixel: 0, y_pixel: 198
2024-12-26 21:03:44,212 - DEBUG - Converting geo-coordinates to pixel coordinates:
2024-12-26 21:03:44,212 - DEBUG - Inputs - lon: -112.0107865314477, lat: 33.43380568960621, geo_transform: [-112.0107865314477, 2.9734235904356163e-06, 0.0, 33.43416636335947, 0.0, -2.9734235904356163e-06], image_width: 512, image_height: 512
2024-12-26 21:03:44,212 - DEBUG - Parsed GeoTransform - x_origin: -112.0107865314477, pixel_width: 2.9734235904356163e-06, y_origin: 33.43416636335947, pixel_height: -2.9734235904356163e-06
2024-12-26 21:03:44,212 - DEBUG - Computed pixel coordinates before clamping - x_pixel: 0, y_pixel: 121
2024-12-26 21:03:44,212 - DEBUG - Clamped pixel coordinates - x_pixel: 0, y_pixel: 121
2024-12-26 21:03:44,213 - DEBUG - Pixel Coordinates: [(0, 121), (32, 148), (0, 198), (0, 121)] ... (showing first 5 for brevity)
2024-12-26 21:03:44,213 - DEBUG - Pixel Bounding Box: x_min=0, x_max=32, y_min=121, y_max=198
2024-12-26 21:03:44,213 - DEBUG - Pixel bounding box: (0, 121, 32, 198)
2024-12-26 21:03:44,213 - DEBUG - Input is a list. Converting to tensor.
2024-12-26 21:03:44,213 - DEBUG - Input Bounding Boxes (Corner Format): tensor([[  0., 121.,  32., 198.]])
2024-12-26 21:03:44,214 - DEBUG - x_min: 0.0, y_min: 121.0, x_max: 32.0, y_max: 198.0
2024-12-26 21:03:44,214 - DEBUG - Converted Bounding Boxes (Center Format): tensor([[ 16.0000, 159.5000,  32.0000,  77.0000]])
2024-12-26 21:03:44,214 - DEBUG - Normalized bounding box (cx, cy, w, h): tensor([[ 16.0000, 159.5000,  32.0000,  77.0000]])
2024-12-26 21:03:44,219 - DEBUG - Processed image tensor shape: torch.Size([3, 512, 512])
2024-12-26 21:03:44,219 - DEBUG - Processed bounding box tensor: tensor([[ 16.0000, 159.5000,  32.0000,  77.0000]])
2024-12-26 21:03:44,220 - DEBUG - Processing index 4003:
2024-12-26 21:03:44,220 - DEBUG - Image path: ./data/raw/train/PS-RGB_tiled/60_1040010046430200_tile_263.png
2024-12-26 21:03:44,220 - DEBUG - Label path: ./data/raw/train/geojson_aircraft_tiled/60_1040010046430200_tile_263.geojson
2024-12-26 21:03:44,220 - DEBUG - Auxiliary path: ./data/raw/train/PS-RGB_tiled/60_1040010046430200_tile_263.png.aux.xml
2024-12-26 21:03:44,220 - DEBUG - Parsing GeoTransform from: ./data/raw/train/PS-RGB_tiled/60_1040010046430200_tile_263.png.aux.xml
2024-12-26 21:03:44,220 - DEBUG - GeoTransform parsed: [-112.01808331293863, 2.9734235904356163e-06, 0.0, 33.42565345162006, 0.0, -2.9734235904356163e-06]
2024-12-26 21:03:44,221 - DEBUG - Reading GeoJSON from: ./data/raw/train/geojson_aircraft_tiled/60_1040010046430200_tile_263.geojson
2024-12-26 21:03:44,221 - DEBUG - First feature coordinates: [[[-112.01788471690342, 33.42421563875553], [-112.01802038551611, 33.42413105874176], [-112.01808331293863, 33.42413105874176], [-112.01808331293863, 33.42433785170027], [-112.01788471690342, 33.42421563875553]]]
2024-12-26 21:03:44,221 - DEBUG - Feature properties: {'loc_id': 60, 'cat_id': '1040010046430200', 'location': 'Phoenix Sky Harbor International Airport, Service Road, Washington Trailer Park, Central City, Phoenix, Maricopa County, Arizona, 85040, USA', 'role': 'Large Civil Transport/Utility', 'role_id': 3, 'is_plane': 1, 'num_engines': 2, 'propulsion': 'jet', 'canards': 'no', 'num_tail_fins': 1, 'wing_position': 'mid/low mounted', 'wing_type': 'swept', 'length': 53.03545785694902, 'wingspan': 44.33840061091822, 'area': 1175.5805463507284, 'faa_wingspan_class': 4, 'Public_Train': 1, 'Public_Test': 0, 'partialDec': 0.20341094490414738, 'truncated': 1, 'new_area': 239.12594974413548}
2024-12-26 21:03:44,221 - DEBUG - GeoJSON Coords: [(-112.01788471690342, 33.42421563875553), (-112.01802038551611, 33.42413105874176), (-112.01808331293863, 33.42413105874176), (-112.01808331293863, 33.42433785170027), (-112.01788471690342, 33.42421563875553)]
2024-12-26 21:03:44,222 - DEBUG - GeoJSON Features: [53.03545785694902, 44.33840061091822, 1175.5805463507284, 1, 1, 0, 2, 1, 4]
2024-12-26 21:03:44,222 - DEBUG - Parsed GeoTransform: [-112.01808331293863, 2.9734235904356163e-06, 0.0, 33.42565345162006, 0.0, -2.9734235904356163e-06]
2024-12-26 21:03:44,222 - DEBUG - Parsed GeoJSON coordinates: [(-112.01788471690342, 33.42421563875553), (-112.01802038551611, 33.42413105874176), (-112.01808331293863, 33.42413105874176), (-112.01808331293863, 33.42433785170027), (-112.01788471690342, 33.42421563875553)]
2024-12-26 21:03:44,222 - DEBUG - STREAM b'IHDR' 16 13
2024-12-26 21:03:44,223 - DEBUG - STREAM b'tRNS' 41 6
2024-12-26 21:03:44,223 - DEBUG - STREAM b'IDAT' 59 8192
2024-12-26 21:03:44,235 - DEBUG - Loaded image size: 512x512
2024-12-26 21:03:44,235 - DEBUG - Converting GeoJSON to pixel bounding boxes.
2024-12-26 21:03:44,235 - DEBUG - Input Coordinates: [(-112.01788471690342, 33.42421563875553), (-112.01802038551611, 33.42413105874176), (-112.01808331293863, 33.42413105874176), (-112.01808331293863, 33.42433785170027), (-112.01788471690342, 33.42421563875553)] ... (showing first 5 for brevity)
2024-12-26 21:03:44,235 - DEBUG - GeoTransform: [-112.01808331293863, 2.9734235904356163e-06, 0.0, 33.42565345162006, 0.0, -2.9734235904356163e-06]
2024-12-26 21:03:44,235 - DEBUG - Image Dimensions: width=512, height=512
2024-12-26 21:03:44,235 - DEBUG - Converting geo-coordinates to pixel coordinates:
2024-12-26 21:03:44,235 - DEBUG - Inputs - lon: -112.01788471690342, lat: 33.42421563875553, geo_transform: [-112.01808331293863, 2.9734235904356163e-06, 0.0, 33.42565345162006, 0.0, -2.9734235904356163e-06], image_width: 512, image_height: 512
2024-12-26 21:03:44,236 - DEBUG - Parsed GeoTransform - x_origin: -112.01808331293863, pixel_width: 2.9734235904356163e-06, y_origin: 33.42565345162006, pixel_height: -2.9734235904356163e-06
2024-12-26 21:03:44,236 - DEBUG - Computed pixel coordinates before clamping - x_pixel: 66, y_pixel: 483
2024-12-26 21:03:44,236 - DEBUG - Clamped pixel coordinates - x_pixel: 66, y_pixel: 483
2024-12-26 21:03:44,236 - DEBUG - Converting geo-coordinates to pixel coordinates:
2024-12-26 21:03:44,236 - DEBUG - Inputs - lon: -112.01802038551611, lat: 33.42413105874176, geo_transform: [-112.01808331293863, 2.9734235904356163e-06, 0.0, 33.42565345162006, 0.0, -2.9734235904356163e-06], image_width: 512, image_height: 512
2024-12-26 21:03:44,236 - DEBUG - Parsed GeoTransform - x_origin: -112.01808331293863, pixel_width: 2.9734235904356163e-06, y_origin: 33.42565345162006, pixel_height: -2.9734235904356163e-06
2024-12-26 21:03:44,236 - DEBUG - Computed pixel coordinates before clamping - x_pixel: 21, y_pixel: 511
2024-12-26 21:03:44,236 - DEBUG - Clamped pixel coordinates - x_pixel: 21, y_pixel: 511
2024-12-26 21:03:44,236 - DEBUG - Converting geo-coordinates to pixel coordinates:
2024-12-26 21:03:44,236 - DEBUG - Inputs - lon: -112.01808331293863, lat: 33.42413105874176, geo_transform: [-112.01808331293863, 2.9734235904356163e-06, 0.0, 33.42565345162006, 0.0, -2.9734235904356163e-06], image_width: 512, image_height: 512
2024-12-26 21:03:44,236 - DEBUG - Parsed GeoTransform - x_origin: -112.01808331293863, pixel_width: 2.9734235904356163e-06, y_origin: 33.42565345162006, pixel_height: -2.9734235904356163e-06
2024-12-26 21:03:44,236 - DEBUG - Computed pixel coordinates before clamping - x_pixel: 0, y_pixel: 511
2024-12-26 21:03:44,236 - DEBUG - Clamped pixel coordinates - x_pixel: 0, y_pixel: 511
2024-12-26 21:03:44,236 - DEBUG - Converting geo-coordinates to pixel coordinates:
2024-12-26 21:03:44,236 - DEBUG - Inputs - lon: -112.01808331293863, lat: 33.42433785170027, geo_transform: [-112.01808331293863, 2.9734235904356163e-06, 0.0, 33.42565345162006, 0.0, -2.9734235904356163e-06], image_width: 512, image_height: 512
2024-12-26 21:03:44,237 - DEBUG - Parsed GeoTransform - x_origin: -112.01808331293863, pixel_width: 2.9734235904356163e-06, y_origin: 33.42565345162006, pixel_height: -2.9734235904356163e-06
2024-12-26 21:03:44,237 - DEBUG - Computed pixel coordinates before clamping - x_pixel: 0, y_pixel: 442
2024-12-26 21:03:44,237 - DEBUG - Clamped pixel coordinates - x_pixel: 0, y_pixel: 442
2024-12-26 21:03:44,237 - DEBUG - Converting geo-coordinates to pixel coordinates:
2024-12-26 21:03:44,237 - DEBUG - Inputs - lon: -112.01788471690342, lat: 33.42421563875553, geo_transform: [-112.01808331293863, 2.9734235904356163e-06, 0.0, 33.42565345162006, 0.0, -2.9734235904356163e-06], image_width: 512, image_height: 512
2024-12-26 21:03:44,237 - DEBUG - Parsed GeoTransform - x_origin: -112.01808331293863, pixel_width: 2.9734235904356163e-06, y_origin: 33.42565345162006, pixel_height: -2.9734235904356163e-06
2024-12-26 21:03:44,237 - DEBUG - Computed pixel coordinates before clamping - x_pixel: 66, y_pixel: 483
2024-12-26 21:03:44,237 - DEBUG - Clamped pixel coordinates - x_pixel: 66, y_pixel: 483
2024-12-26 21:03:44,237 - DEBUG - Pixel Coordinates: [(66, 483), (21, 511), (0, 511), (0, 442), (66, 483)] ... (showing first 5 for brevity)
2024-12-26 21:03:44,237 - DEBUG - Pixel Bounding Box: x_min=0, x_max=66, y_min=442, y_max=511
2024-12-26 21:03:44,237 - DEBUG - Pixel bounding box: (0, 442, 66, 511)
2024-12-26 21:03:44,237 - DEBUG - Input is a list. Converting to tensor.
2024-12-26 21:03:44,238 - DEBUG - Input Bounding Boxes (Corner Format): tensor([[  0., 442.,  66., 511.]])
2024-12-26 21:03:44,238 - DEBUG - x_min: 0.0, y_min: 442.0, x_max: 66.0, y_max: 511.0
2024-12-26 21:03:44,238 - DEBUG - Converted Bounding Boxes (Center Format): tensor([[ 33.0000, 476.5000,  66.0000,  69.0000]])
2024-12-26 21:03:44,238 - DEBUG - Normalized bounding box (cx, cy, w, h): tensor([[ 33.0000, 476.5000,  66.0000,  69.0000]])
2024-12-26 21:03:44,239 - DEBUG - Processed image tensor shape: torch.Size([3, 512, 512])
2024-12-26 21:03:44,240 - DEBUG - Processed bounding box tensor: tensor([[ 33.0000, 476.5000,  66.0000,  69.0000]])
2024-12-26 21:03:44,240 - DEBUG - Processing index 2271:
2024-12-26 21:03:44,240 - DEBUG - Image path: ./data/raw/train/PS-RGB_tiled/42_10400100055EA300_tile_1592.png
2024-12-26 21:03:44,240 - DEBUG - Label path: ./data/raw/train/geojson_aircraft_tiled/42_10400100055EA300_tile_1592.geojson
2024-12-26 21:03:44,240 - DEBUG - Auxiliary path: ./data/raw/train/PS-RGB_tiled/42_10400100055EA300_tile_1592.png.aux.xml
2024-12-26 21:03:44,240 - DEBUG - Parsing GeoTransform from: ./data/raw/train/PS-RGB_tiled/42_10400100055EA300_tile_1592.png.aux.xml
2024-12-26 21:03:44,240 - DEBUG - GeoTransform parsed: [-83.32900578059845, 3.2698676341950576e-06, 0.0, 42.229392070197676, 0.0, -3.2698676341950576e-06]
2024-12-26 21:03:44,241 - DEBUG - Reading GeoJSON from: ./data/raw/train/geojson_aircraft_tiled/42_10400100055EA300_tile_1592.geojson
2024-12-26 21:03:44,241 - DEBUG - First feature coordinates: [[[-83.3289633618324, 42.22824943457625], [-83.32883576930574, 42.2281128203558], [-83.32894918488499, 42.22802389223117], [-83.32900578059845, 42.228060157445626], [-83.32900578059845, 42.228199177559944], [-83.3289633618324, 42.22824943457625]]]
2024-12-26 21:03:44,241 - DEBUG - Feature properties: {'loc_id': 42, 'cat_id': '10400100055EA300', 'location': 'A72, John D. Dingell Drive, Romulus, Wayne County, Michigan, 48174, USA', 'role': 'Medium Civil Transport/Utility', 'role_id': 2, 'is_plane': 1, 'num_engines': 2, 'propulsion': 'jet', 'canards': 'no', 'num_tail_fins': 1, 'wing_position': 'mid/low mounted', 'wing_type': 'swept', 'length': 25.08141832272071, 'wingspan': 20.327465812962835, 'area': 254.83762416842865, 'faa_wingspan_class': 2, 'Public_Train': 1, 'Public_Test': 0, 'partialDec': 0.8095068895880777, 'truncated': 1, 'new_area': 206.2928124906002}
2024-12-26 21:03:44,241 - DEBUG - GeoJSON Coords: [(-83.3289633618324, 42.22824943457625), (-83.32883576930574, 42.2281128203558), (-83.32894918488499, 42.22802389223117), (-83.32900578059845, 42.228060157445626), (-83.32900578059845, 42.228199177559944), (-83.3289633618324, 42.22824943457625)]
2024-12-26 21:03:44,241 - DEBUG - GeoJSON Features: [25.08141832272071, 20.327465812962835, 254.83762416842865, 1, 1, 0, 2, 1, 2]
2024-12-26 21:03:44,241 - DEBUG - Parsed GeoTransform: [-83.32900578059845, 3.2698676341950576e-06, 0.0, 42.229392070197676, 0.0, -3.2698676341950576e-06]
2024-12-26 21:03:44,241 - DEBUG - Parsed GeoJSON coordinates: [(-83.3289633618324, 42.22824943457625), (-83.32883576930574, 42.2281128203558), (-83.32894918488499, 42.22802389223117), (-83.32900578059845, 42.228060157445626), (-83.32900578059845, 42.228199177559944), (-83.3289633618324, 42.22824943457625)]
2024-12-26 21:03:44,242 - DEBUG - STREAM b'IHDR' 16 13
2024-12-26 21:03:44,242 - DEBUG - STREAM b'tRNS' 41 6
2024-12-26 21:03:44,242 - DEBUG - STREAM b'IDAT' 59 8192
2024-12-26 21:03:44,252 - DEBUG - Loaded image size: 512x512
2024-12-26 21:03:44,252 - DEBUG - Converting GeoJSON to pixel bounding boxes.
2024-12-26 21:03:44,253 - DEBUG - Input Coordinates: [(-83.3289633618324, 42.22824943457625), (-83.32883576930574, 42.2281128203558), (-83.32894918488499, 42.22802389223117), (-83.32900578059845, 42.228060157445626), (-83.32900578059845, 42.228199177559944)] ... (showing first 5 for brevity)
2024-12-26 21:03:44,253 - DEBUG - GeoTransform: [-83.32900578059845, 3.2698676341950576e-06, 0.0, 42.229392070197676, 0.0, -3.2698676341950576e-06]
2024-12-26 21:03:44,253 - DEBUG - Image Dimensions: width=512, height=512
2024-12-26 21:03:44,253 - DEBUG - Converting geo-coordinates to pixel coordinates:
2024-12-26 21:03:44,253 - DEBUG - Inputs - lon: -83.3289633618324, lat: 42.22824943457625, geo_transform: [-83.32900578059845, 3.2698676341950576e-06, 0.0, 42.229392070197676, 0.0, -3.2698676341950576e-06], image_width: 512, image_height: 512
2024-12-26 21:03:44,253 - DEBUG - Parsed GeoTransform - x_origin: -83.32900578059845, pixel_width: 3.2698676341950576e-06, y_origin: 42.229392070197676, pixel_height: -3.2698676341950576e-06
2024-12-26 21:03:44,253 - DEBUG - Computed pixel coordinates before clamping - x_pixel: 12, y_pixel: 349
2024-12-26 21:03:44,253 - DEBUG - Clamped pixel coordinates - x_pixel: 12, y_pixel: 349
2024-12-26 21:03:44,253 - DEBUG - Converting geo-coordinates to pixel coordinates:
2024-12-26 21:03:44,253 - DEBUG - Inputs - lon: -83.32883576930574, lat: 42.2281128203558, geo_transform: [-83.32900578059845, 3.2698676341950576e-06, 0.0, 42.229392070197676, 0.0, -3.2698676341950576e-06], image_width: 512, image_height: 512
2024-12-26 21:03:44,253 - DEBUG - Parsed GeoTransform - x_origin: -83.32900578059845, pixel_width: 3.2698676341950576e-06, y_origin: 42.229392070197676, pixel_height: -3.2698676341950576e-06
2024-12-26 21:03:44,253 - DEBUG - Computed pixel coordinates before clamping - x_pixel: 51, y_pixel: 391
2024-12-26 21:03:44,253 - DEBUG - Clamped pixel coordinates - x_pixel: 51, y_pixel: 391
2024-12-26 21:03:44,254 - DEBUG - Converting geo-coordinates to pixel coordinates:
2024-12-26 21:03:44,254 - DEBUG - Inputs - lon: -83.32894918488499, lat: 42.22802389223117, geo_transform: [-83.32900578059845, 3.2698676341950576e-06, 0.0, 42.229392070197676, 0.0, -3.2698676341950576e-06], image_width: 512, image_height: 512
2024-12-26 21:03:44,254 - DEBUG - Parsed GeoTransform - x_origin: -83.32900578059845, pixel_width: 3.2698676341950576e-06, y_origin: 42.229392070197676, pixel_height: -3.2698676341950576e-06
2024-12-26 21:03:44,254 - DEBUG - Computed pixel coordinates before clamping - x_pixel: 17, y_pixel: 418
2024-12-26 21:03:44,254 - DEBUG - Clamped pixel coordinates - x_pixel: 17, y_pixel: 418
2024-12-26 21:03:44,254 - DEBUG - Converting geo-coordinates to pixel coordinates:
2024-12-26 21:03:44,254 - DEBUG - Inputs - lon: -83.32900578059845, lat: 42.228060157445626, geo_transform: [-83.32900578059845, 3.2698676341950576e-06, 0.0, 42.229392070197676, 0.0, -3.2698676341950576e-06], image_width: 512, image_height: 512
2024-12-26 21:03:44,254 - DEBUG - Parsed GeoTransform - x_origin: -83.32900578059845, pixel_width: 3.2698676341950576e-06, y_origin: 42.229392070197676, pixel_height: -3.2698676341950576e-06
2024-12-26 21:03:44,254 - DEBUG - Computed pixel coordinates before clamping - x_pixel: 0, y_pixel: 407
2024-12-26 21:03:44,254 - DEBUG - Clamped pixel coordinates - x_pixel: 0, y_pixel: 407
2024-12-26 21:03:44,254 - DEBUG - Converting geo-coordinates to pixel coordinates:
2024-12-26 21:03:44,254 - DEBUG - Inputs - lon: -83.32900578059845, lat: 42.228199177559944, geo_transform: [-83.32900578059845, 3.2698676341950576e-06, 0.0, 42.229392070197676, 0.0, -3.2698676341950576e-06], image_width: 512, image_height: 512
2024-12-26 21:03:44,254 - DEBUG - Parsed GeoTransform - x_origin: -83.32900578059845, pixel_width: 3.2698676341950576e-06, y_origin: 42.229392070197676, pixel_height: -3.2698676341950576e-06
2024-12-26 21:03:44,254 - DEBUG - Computed pixel coordinates before clamping - x_pixel: 0, y_pixel: 364
2024-12-26 21:03:44,255 - DEBUG - Clamped pixel coordinates - x_pixel: 0, y_pixel: 364
2024-12-26 21:03:44,255 - DEBUG - Converting geo-coordinates to pixel coordinates:
2024-12-26 21:03:44,255 - DEBUG - Inputs - lon: -83.3289633618324, lat: 42.22824943457625, geo_transform: [-83.32900578059845, 3.2698676341950576e-06, 0.0, 42.229392070197676, 0.0, -3.2698676341950576e-06], image_width: 512, image_height: 512
2024-12-26 21:03:44,255 - DEBUG - Parsed GeoTransform - x_origin: -83.32900578059845, pixel_width: 3.2698676341950576e-06, y_origin: 42.229392070197676, pixel_height: -3.2698676341950576e-06
2024-12-26 21:03:44,255 - DEBUG - Computed pixel coordinates before clamping - x_pixel: 12, y_pixel: 349
2024-12-26 21:03:44,255 - DEBUG - Clamped pixel coordinates - x_pixel: 12, y_pixel: 349
2024-12-26 21:03:44,255 - DEBUG - Pixel Coordinates: [(12, 349), (51, 391), (17, 418), (0, 407), (0, 364)] ... (showing first 5 for brevity)
2024-12-26 21:03:44,255 - DEBUG - Pixel Bounding Box: x_min=0, x_max=51, y_min=349, y_max=418
2024-12-26 21:03:44,255 - DEBUG - Pixel bounding box: (0, 349, 51, 418)
2024-12-26 21:03:44,255 - DEBUG - Input is a list. Converting to tensor.
2024-12-26 21:03:44,256 - DEBUG - Input Bounding Boxes (Corner Format): tensor([[  0., 349.,  51., 418.]])
2024-12-26 21:03:44,256 - DEBUG - x_min: 0.0, y_min: 349.0, x_max: 51.0, y_max: 418.0
2024-12-26 21:03:44,256 - DEBUG - Converted Bounding Boxes (Center Format): tensor([[ 25.5000, 383.5000,  51.0000,  69.0000]])
2024-12-26 21:03:44,256 - DEBUG - Normalized bounding box (cx, cy, w, h): tensor([[ 25.5000, 383.5000,  51.0000,  69.0000]])
2024-12-26 21:03:44,257 - DEBUG - Processed image tensor shape: torch.Size([3, 512, 512])
2024-12-26 21:03:44,257 - DEBUG - Processed bounding box tensor: tensor([[ 25.5000, 383.5000,  51.0000,  69.0000]])
2024-12-26 21:03:44,258 - DEBUG - Processing index 198:
2024-12-26 21:03:44,258 - DEBUG - Image path: ./data/raw/train/PS-RGB_tiled/106_1040010044D30600_tile_76.png
2024-12-26 21:03:44,258 - DEBUG - Label path: ./data/raw/train/geojson_aircraft_tiled/106_1040010044D30600_tile_76.geojson
2024-12-26 21:03:44,258 - DEBUG - Auxiliary path: ./data/raw/train/PS-RGB_tiled/106_1040010044D30600_tile_76.png.aux.xml
2024-12-26 21:03:44,258 - DEBUG - Parsing GeoTransform from: ./data/raw/train/PS-RGB_tiled/106_1040010044D30600_tile_76.png.aux.xml
2024-12-26 21:03:44,258 - DEBUG - GeoTransform parsed: [-80.10857391072851, 3.0298891225828384e-06, 0.0, 26.38205264741385, 0.0, -3.0298891225828384e-06]
2024-12-26 21:03:44,258 - DEBUG - Reading GeoJSON from: ./data/raw/train/geojson_aircraft_tiled/106_1040010044D30600_tile_76.geojson
2024-12-26 21:03:44,259 - DEBUG - First feature coordinates: [[[-80.10857391072851, 26.38113704634873], [-80.108509041401, 26.38113398165609], [-80.10852221210935, 26.381040140359136], [-80.10857391072851, 26.381021375675143], [-80.10857391072851, 26.38113704634873]]]
2024-12-26 21:03:44,259 - DEBUG - Feature properties: {'loc_id': 106, 'cat_id': '1040010044D30600', 'location': 'Boca Raton Airport, Airport Road, Boca Raton, Palm Beach County, Florida, 33431, USA', 'role': 'Medium Civil Transport/Utility', 'role_id': 2, 'is_plane': 1, 'num_engines': 2, 'propulsion': 'jet', 'canards': 'no', 'num_tail_fins': 1, 'wing_position': 'mid/low mounted', 'wing_type': 'swept', 'length': 18.196641228268334, 'wingspan': 19.355371098755953, 'area': 176.01491191614812, 'faa_wingspan_class': 2, 'Public_Train': 1, 'Public_Test': 0, 'partialDec': 0.38004641985985277, 'truncated': 1, 'new_area': 66.89383711567943}
2024-12-26 21:03:44,259 - DEBUG - GeoJSON Coords: [(-80.10857391072851, 26.38113704634873), (-80.108509041401, 26.38113398165609), (-80.10852221210935, 26.381040140359136), (-80.10857391072851, 26.381021375675143), (-80.10857391072851, 26.38113704634873)]
2024-12-26 21:03:44,259 - DEBUG - GeoJSON Features: [18.196641228268334, 19.355371098755953, 176.01491191614812, 1, 1, 0, 2, 1, 2]
2024-12-26 21:03:44,259 - DEBUG - Parsed GeoTransform: [-80.10857391072851, 3.0298891225828384e-06, 0.0, 26.38205264741385, 0.0, -3.0298891225828384e-06]
2024-12-26 21:03:44,259 - DEBUG - Parsed GeoJSON coordinates: [(-80.10857391072851, 26.38113704634873), (-80.108509041401, 26.38113398165609), (-80.10852221210935, 26.381040140359136), (-80.10857391072851, 26.381021375675143), (-80.10857391072851, 26.38113704634873)]
2024-12-26 21:03:44,259 - DEBUG - STREAM b'IHDR' 16 13
2024-12-26 21:03:44,260 - DEBUG - STREAM b'tRNS' 41 6
2024-12-26 21:03:44,260 - DEBUG - STREAM b'IDAT' 59 8192
2024-12-26 21:03:44,270 - DEBUG - Loaded image size: 512x512
2024-12-26 21:03:44,270 - DEBUG - Converting GeoJSON to pixel bounding boxes.
2024-12-26 21:03:44,270 - DEBUG - Input Coordinates: [(-80.10857391072851, 26.38113704634873), (-80.108509041401, 26.38113398165609), (-80.10852221210935, 26.381040140359136), (-80.10857391072851, 26.381021375675143), (-80.10857391072851, 26.38113704634873)] ... (showing first 5 for brevity)
2024-12-26 21:03:44,270 - DEBUG - GeoTransform: [-80.10857391072851, 3.0298891225828384e-06, 0.0, 26.38205264741385, 0.0, -3.0298891225828384e-06]
2024-12-26 21:03:44,270 - DEBUG - Image Dimensions: width=512, height=512
2024-12-26 21:03:44,270 - DEBUG - Converting geo-coordinates to pixel coordinates:
2024-12-26 21:03:44,271 - DEBUG - Inputs - lon: -80.10857391072851, lat: 26.38113704634873, geo_transform: [-80.10857391072851, 3.0298891225828384e-06, 0.0, 26.38205264741385, 0.0, -3.0298891225828384e-06], image_width: 512, image_height: 512
2024-12-26 21:03:44,271 - DEBUG - Parsed GeoTransform - x_origin: -80.10857391072851, pixel_width: 3.0298891225828384e-06, y_origin: 26.38205264741385, pixel_height: -3.0298891225828384e-06
2024-12-26 21:03:44,271 - DEBUG - Computed pixel coordinates before clamping - x_pixel: 0, y_pixel: 302
2024-12-26 21:03:44,271 - DEBUG - Clamped pixel coordinates - x_pixel: 0, y_pixel: 302
2024-12-26 21:03:44,271 - DEBUG - Converting geo-coordinates to pixel coordinates:
2024-12-26 21:03:44,271 - DEBUG - Inputs - lon: -80.108509041401, lat: 26.38113398165609, geo_transform: [-80.10857391072851, 3.0298891225828384e-06, 0.0, 26.38205264741385, 0.0, -3.0298891225828384e-06], image_width: 512, image_height: 512
2024-12-26 21:03:44,271 - DEBUG - Parsed GeoTransform - x_origin: -80.10857391072851, pixel_width: 3.0298891225828384e-06, y_origin: 26.38205264741385, pixel_height: -3.0298891225828384e-06
2024-12-26 21:03:44,271 - DEBUG - Computed pixel coordinates before clamping - x_pixel: 21, y_pixel: 303
2024-12-26 21:03:44,271 - DEBUG - Clamped pixel coordinates - x_pixel: 21, y_pixel: 303
2024-12-26 21:03:44,271 - DEBUG - Converting geo-coordinates to pixel coordinates:
2024-12-26 21:03:44,271 - DEBUG - Inputs - lon: -80.10852221210935, lat: 26.381040140359136, geo_transform: [-80.10857391072851, 3.0298891225828384e-06, 0.0, 26.38205264741385, 0.0, -3.0298891225828384e-06], image_width: 512, image_height: 512
2024-12-26 21:03:44,271 - DEBUG - Parsed GeoTransform - x_origin: -80.10857391072851, pixel_width: 3.0298891225828384e-06, y_origin: 26.38205264741385, pixel_height: -3.0298891225828384e-06
2024-12-26 21:03:44,271 - DEBUG - Computed pixel coordinates before clamping - x_pixel: 17, y_pixel: 334
2024-12-26 21:03:44,271 - DEBUG - Clamped pixel coordinates - x_pixel: 17, y_pixel: 334
2024-12-26 21:03:44,271 - DEBUG - Converting geo-coordinates to pixel coordinates:
2024-12-26 21:03:44,272 - DEBUG - Inputs - lon: -80.10857391072851, lat: 26.381021375675143, geo_transform: [-80.10857391072851, 3.0298891225828384e-06, 0.0, 26.38205264741385, 0.0, -3.0298891225828384e-06], image_width: 512, image_height: 512
2024-12-26 21:03:44,272 - DEBUG - Parsed GeoTransform - x_origin: -80.10857391072851, pixel_width: 3.0298891225828384e-06, y_origin: 26.38205264741385, pixel_height: -3.0298891225828384e-06
2024-12-26 21:03:44,272 - DEBUG - Computed pixel coordinates before clamping - x_pixel: 0, y_pixel: 340
2024-12-26 21:03:44,272 - DEBUG - Clamped pixel coordinates - x_pixel: 0, y_pixel: 340
2024-12-26 21:03:44,272 - DEBUG - Converting geo-coordinates to pixel coordinates:
2024-12-26 21:03:44,272 - DEBUG - Inputs - lon: -80.10857391072851, lat: 26.38113704634873, geo_transform: [-80.10857391072851, 3.0298891225828384e-06, 0.0, 26.38205264741385, 0.0, -3.0298891225828384e-06], image_width: 512, image_height: 512
2024-12-26 21:03:44,272 - DEBUG - Parsed GeoTransform - x_origin: -80.10857391072851, pixel_width: 3.0298891225828384e-06, y_origin: 26.38205264741385, pixel_height: -3.0298891225828384e-06
2024-12-26 21:03:44,272 - DEBUG - Computed pixel coordinates before clamping - x_pixel: 0, y_pixel: 302
2024-12-26 21:03:44,272 - DEBUG - Clamped pixel coordinates - x_pixel: 0, y_pixel: 302
2024-12-26 21:03:44,272 - DEBUG - Pixel Coordinates: [(0, 302), (21, 303), (17, 334), (0, 340), (0, 302)] ... (showing first 5 for brevity)
2024-12-26 21:03:44,272 - DEBUG - Pixel Bounding Box: x_min=0, x_max=21, y_min=302, y_max=340
2024-12-26 21:03:44,272 - DEBUG - Pixel bounding box: (0, 302, 21, 340)
2024-12-26 21:03:44,272 - DEBUG - Input is a list. Converting to tensor.
2024-12-26 21:03:44,273 - DEBUG - Input Bounding Boxes (Corner Format): tensor([[  0., 302.,  21., 340.]])
2024-12-26 21:03:44,273 - DEBUG - x_min: 0.0, y_min: 302.0, x_max: 21.0, y_max: 340.0
2024-12-26 21:03:44,273 - DEBUG - Converted Bounding Boxes (Center Format): tensor([[ 10.5000, 321.0000,  21.0000,  38.0000]])
2024-12-26 21:03:44,273 - DEBUG - Normalized bounding box (cx, cy, w, h): tensor([[ 10.5000, 321.0000,  21.0000,  38.0000]])
2024-12-26 21:03:44,275 - DEBUG - Processed image tensor shape: torch.Size([3, 512, 512])
2024-12-26 21:03:44,275 - DEBUG - Processed bounding box tensor: tensor([[ 10.5000, 321.0000,  21.0000,  38.0000]])
2024-12-26 21:03:44,275 - DEBUG - Processing index 4419:
2024-12-26 21:03:44,276 - DEBUG - Image path: ./data/raw/train/PS-RGB_tiled/84_10400100290F5300_tile_202.png
2024-12-26 21:03:44,276 - DEBUG - Label path: ./data/raw/train/geojson_aircraft_tiled/84_10400100290F5300_tile_202.geojson
2024-12-26 21:03:44,276 - DEBUG - Auxiliary path: ./data/raw/train/PS-RGB_tiled/84_10400100290F5300_tile_202.png.aux.xml
2024-12-26 21:03:44,276 - DEBUG - Parsing GeoTransform from: ./data/raw/train/PS-RGB_tiled/84_10400100290F5300_tile_202.png.aux.xml
2024-12-26 21:03:44,276 - DEBUG - GeoTransform parsed: [-80.14663915521247, 3.443814139214196e-06, 0.0, 26.072750640258725, 0.0, -3.443814139214196e-06]
2024-12-26 21:03:44,276 - DEBUG - Reading GeoJSON from: ./data/raw/train/geojson_aircraft_tiled/84_10400100290F5300_tile_202.geojson
2024-12-26 21:03:44,276 - DEBUG - First feature coordinates: [[[-80.14647640743655, 26.072750640258725], [-80.14648316628379, 26.07248950297947], [-80.14663915521247, 26.072482945922733], [-80.14663915521247, 26.072711426037014], [-80.14649835454239, 26.072750640258725], [-80.14647640743655, 26.072750640258725]]]
2024-12-26 21:03:44,276 - DEBUG - Feature properties: {'loc_id': 84, 'cat_id': '10400100290F5300', 'location': 'Fort Lauderdale-Hollywood International Airport, 100, Terminal Drive, Dania Beach, Port Laudania, Broward County, Florida, 33315, USA', 'role': 'Medium Civil Transport/Utility', 'role_id': 2, 'is_plane': 1, 'num_engines': 2, 'propulsion': 'jet', 'canards': 'no', 'num_tail_fins': 1, 'wing_position': 'mid/low mounted', 'wing_type': 'swept', 'length': 42.48382622540052, 'wingspan': 34.85056773085131, 'area': 735.1985715617664, 'faa_wingspan_class': 3, 'Public_Train': 1, 'Public_Test': 0, 'partialDec': 0.5932081058299674, 'truncated': 1, 'new_area': 436.12575204505316}
2024-12-26 21:03:44,277 - DEBUG - GeoJSON Coords: [(-80.14647640743655, 26.072750640258725), (-80.14648316628379, 26.07248950297947), (-80.14663915521247, 26.072482945922733), (-80.14663915521247, 26.072711426037014), (-80.14649835454239, 26.072750640258725), (-80.14647640743655, 26.072750640258725)]
2024-12-26 21:03:44,277 - DEBUG - GeoJSON Features: [42.48382622540052, 34.85056773085131, 735.1985715617664, 1, 1, 0, 2, 1, 3]
2024-12-26 21:03:44,277 - DEBUG - Parsed GeoTransform: [-80.14663915521247, 3.443814139214196e-06, 0.0, 26.072750640258725, 0.0, -3.443814139214196e-06]
2024-12-26 21:03:44,277 - DEBUG - Parsed GeoJSON coordinates: [(-80.14647640743655, 26.072750640258725), (-80.14648316628379, 26.07248950297947), (-80.14663915521247, 26.072482945922733), (-80.14663915521247, 26.072711426037014), (-80.14649835454239, 26.072750640258725), (-80.14647640743655, 26.072750640258725)]
2024-12-26 21:03:44,277 - DEBUG - STREAM b'IHDR' 16 13
2024-12-26 21:03:44,277 - DEBUG - STREAM b'tRNS' 41 6
2024-12-26 21:03:44,277 - DEBUG - STREAM b'IDAT' 59 8192
2024-12-26 21:03:44,289 - DEBUG - Loaded image size: 512x512
2024-12-26 21:03:44,290 - DEBUG - Converting GeoJSON to pixel bounding boxes.
2024-12-26 21:03:44,290 - DEBUG - Input Coordinates: [(-80.14647640743655, 26.072750640258725), (-80.14648316628379, 26.07248950297947), (-80.14663915521247, 26.072482945922733), (-80.14663915521247, 26.072711426037014), (-80.14649835454239, 26.072750640258725)] ... (showing first 5 for brevity)
2024-12-26 21:03:44,290 - DEBUG - GeoTransform: [-80.14663915521247, 3.443814139214196e-06, 0.0, 26.072750640258725, 0.0, -3.443814139214196e-06]
2024-12-26 21:03:44,290 - DEBUG - Image Dimensions: width=512, height=512
2024-12-26 21:03:44,290 - DEBUG - Converting geo-coordinates to pixel coordinates:
2024-12-26 21:03:44,290 - DEBUG - Inputs - lon: -80.14647640743655, lat: 26.072750640258725, geo_transform: [-80.14663915521247, 3.443814139214196e-06, 0.0, 26.072750640258725, 0.0, -3.443814139214196e-06], image_width: 512, image_height: 512
2024-12-26 21:03:44,290 - DEBUG - Parsed GeoTransform - x_origin: -80.14663915521247, pixel_width: 3.443814139214196e-06, y_origin: 26.072750640258725, pixel_height: -3.443814139214196e-06
2024-12-26 21:03:44,290 - DEBUG - Computed pixel coordinates before clamping - x_pixel: 47, y_pixel: 0
2024-12-26 21:03:44,290 - DEBUG - Clamped pixel coordinates - x_pixel: 47, y_pixel: 0
2024-12-26 21:03:44,290 - DEBUG - Converting geo-coordinates to pixel coordinates:
2024-12-26 21:03:44,290 - DEBUG - Inputs - lon: -80.14648316628379, lat: 26.07248950297947, geo_transform: [-80.14663915521247, 3.443814139214196e-06, 0.0, 26.072750640258725, 0.0, -3.443814139214196e-06], image_width: 512, image_height: 512
2024-12-26 21:03:44,290 - DEBUG - Parsed GeoTransform - x_origin: -80.14663915521247, pixel_width: 3.443814139214196e-06, y_origin: 26.072750640258725, pixel_height: -3.443814139214196e-06
2024-12-26 21:03:44,291 - DEBUG - Computed pixel coordinates before clamping - x_pixel: 45, y_pixel: 75
2024-12-26 21:03:44,291 - DEBUG - Clamped pixel coordinates - x_pixel: 45, y_pixel: 75
2024-12-26 21:03:44,291 - DEBUG - Converting geo-coordinates to pixel coordinates:
2024-12-26 21:03:44,291 - DEBUG - Inputs - lon: -80.14663915521247, lat: 26.072482945922733, geo_transform: [-80.14663915521247, 3.443814139214196e-06, 0.0, 26.072750640258725, 0.0, -3.443814139214196e-06], image_width: 512, image_height: 512
2024-12-26 21:03:44,291 - DEBUG - Parsed GeoTransform - x_origin: -80.14663915521247, pixel_width: 3.443814139214196e-06, y_origin: 26.072750640258725, pixel_height: -3.443814139214196e-06
2024-12-26 21:03:44,291 - DEBUG - Computed pixel coordinates before clamping - x_pixel: 0, y_pixel: 77
2024-12-26 21:03:44,291 - DEBUG - Clamped pixel coordinates - x_pixel: 0, y_pixel: 77
2024-12-26 21:03:44,291 - DEBUG - Converting geo-coordinates to pixel coordinates:
2024-12-26 21:03:44,291 - DEBUG - Inputs - lon: -80.14663915521247, lat: 26.072711426037014, geo_transform: [-80.14663915521247, 3.443814139214196e-06, 0.0, 26.072750640258725, 0.0, -3.443814139214196e-06], image_width: 512, image_height: 512
2024-12-26 21:03:44,291 - DEBUG - Parsed GeoTransform - x_origin: -80.14663915521247, pixel_width: 3.443814139214196e-06, y_origin: 26.072750640258725, pixel_height: -3.443814139214196e-06
2024-12-26 21:03:44,291 - DEBUG - Computed pixel coordinates before clamping - x_pixel: 0, y_pixel: 11
2024-12-26 21:03:44,291 - DEBUG - Clamped pixel coordinates - x_pixel: 0, y_pixel: 11
2024-12-26 21:03:44,291 - DEBUG - Converting geo-coordinates to pixel coordinates:
2024-12-26 21:03:44,291 - DEBUG - Inputs - lon: -80.14649835454239, lat: 26.072750640258725, geo_transform: [-80.14663915521247, 3.443814139214196e-06, 0.0, 26.072750640258725, 0.0, -3.443814139214196e-06], image_width: 512, image_height: 512
2024-12-26 21:03:44,292 - DEBUG - Parsed GeoTransform - x_origin: -80.14663915521247, pixel_width: 3.443814139214196e-06, y_origin: 26.072750640258725, pixel_height: -3.443814139214196e-06
2024-12-26 21:03:44,292 - DEBUG - Computed pixel coordinates before clamping - x_pixel: 40, y_pixel: 0
2024-12-26 21:03:44,292 - DEBUG - Clamped pixel coordinates - x_pixel: 40, y_pixel: 0
2024-12-26 21:03:44,292 - DEBUG - Converting geo-coordinates to pixel coordinates:
2024-12-26 21:03:44,292 - DEBUG - Inputs - lon: -80.14647640743655, lat: 26.072750640258725, geo_transform: [-80.14663915521247, 3.443814139214196e-06, 0.0, 26.072750640258725, 0.0, -3.443814139214196e-06], image_width: 512, image_height: 512
2024-12-26 21:03:44,292 - DEBUG - Parsed GeoTransform - x_origin: -80.14663915521247, pixel_width: 3.443814139214196e-06, y_origin: 26.072750640258725, pixel_height: -3.443814139214196e-06
2024-12-26 21:03:44,292 - DEBUG - Computed pixel coordinates before clamping - x_pixel: 47, y_pixel: 0
2024-12-26 21:03:44,292 - DEBUG - Clamped pixel coordinates - x_pixel: 47, y_pixel: 0
2024-12-26 21:03:44,292 - DEBUG - Pixel Coordinates: [(47, 0), (45, 75), (0, 77), (0, 11), (40, 0)] ... (showing first 5 for brevity)
2024-12-26 21:03:44,292 - DEBUG - Pixel Bounding Box: x_min=0, x_max=47, y_min=0, y_max=77
2024-12-26 21:03:44,292 - DEBUG - Pixel bounding box: (0, 0, 47, 77)
2024-12-26 21:03:44,292 - DEBUG - Input is a list. Converting to tensor.
2024-12-26 21:03:44,293 - DEBUG - Input Bounding Boxes (Corner Format): tensor([[ 0.,  0., 47., 77.]])
2024-12-26 21:03:44,293 - DEBUG - x_min: 0.0, y_min: 0.0, x_max: 47.0, y_max: 77.0
2024-12-26 21:03:44,293 - DEBUG - Converted Bounding Boxes (Center Format): tensor([[23.5000, 38.5000, 47.0000, 77.0000]])
2024-12-26 21:03:44,293 - DEBUG - Normalized bounding box (cx, cy, w, h): tensor([[23.5000, 38.5000, 47.0000, 77.0000]])
2024-12-26 21:03:44,295 - DEBUG - Processed image tensor shape: torch.Size([3, 512, 512])
2024-12-26 21:03:44,295 - DEBUG - Processed bounding box tensor: tensor([[23.5000, 38.5000, 47.0000, 77.0000]])
2024-12-26 21:03:44,295 - DEBUG - Processing index 5256:
2024-12-26 21:03:44,295 - DEBUG - Image path: ./data/raw/train/PS-RGB_tiled/94_1040010031916400_tile_50.png
2024-12-26 21:03:44,295 - DEBUG - Label path: ./data/raw/train/geojson_aircraft_tiled/94_1040010031916400_tile_50.geojson
2024-12-26 21:03:44,295 - DEBUG - Auxiliary path: ./data/raw/train/PS-RGB_tiled/94_1040010031916400_tile_50.png.aux.xml
2024-12-26 21:03:44,295 - DEBUG - Parsing GeoTransform from: ./data/raw/train/PS-RGB_tiled/94_1040010031916400_tile_50.png.aux.xml
2024-12-26 21:03:44,296 - DEBUG - GeoTransform parsed: [-71.19895275275651, 2.959307207403302e-06, 0.0, 42.00467106118717, 0.0, -2.959307207403302e-06]
2024-12-26 21:03:44,296 - DEBUG - Reading GeoJSON from: ./data/raw/train/geojson_aircraft_tiled/94_1040010031916400_tile_50.geojson
2024-12-26 21:03:44,296 - DEBUG - First feature coordinates: [[[-71.19877408810123, 42.003330632620546], [-71.19883184883764, 42.003302734577794], [-71.19885660343895, 42.003371497359225], [-71.19876426484674, 42.003386035775875], [-71.19877408810123, 42.003330632620546]]]
2024-12-26 21:03:44,297 - DEBUG - Feature properties: {'loc_id': 94, 'cat_id': '1040010031916400', 'location': 'Mansfield Municipal Airport, I 495, Mansfield, Bristol County, Massachusetts, 02048, USA', 'role': 'Small Civil Transport/Utility', 'role_id': 1, 'is_plane': 1, 'num_engines': 1, 'propulsion': 'propeller', 'canards': 'no', 'num_tail_fins': 1, 'wing_position': 'mid/low mounted', 'wing_type': 'straight', 'length': 8.205834086959081, 'wingspan': 10.814862900593166, 'area': 44.333458014075006, 'faa_wingspan_class': 1, 'Public_Train': 1, 'Public_Test': 0, 'partialDec': 1.0, 'truncated': 0, 'new_area': 44.333458014075006}
2024-12-26 21:03:44,297 - DEBUG - GeoJSON Coords: [(-71.19877408810123, 42.003330632620546), (-71.19883184883764, 42.003302734577794), (-71.19885660343895, 42.003371497359225), (-71.19876426484674, 42.003386035775875), (-71.19877408810123, 42.003330632620546)]
2024-12-26 21:03:44,297 - DEBUG - GeoJSON Features: [8.205834086959081, 10.814862900593166, 44.333458014075006, 0, 1, 0, 1, 1, 1]
2024-12-26 21:03:44,297 - DEBUG - Parsed GeoTransform: [-71.19895275275651, 2.959307207403302e-06, 0.0, 42.00467106118717, 0.0, -2.959307207403302e-06]
2024-12-26 21:03:44,297 - DEBUG - Parsed GeoJSON coordinates: [(-71.19877408810123, 42.003330632620546), (-71.19883184883764, 42.003302734577794), (-71.19885660343895, 42.003371497359225), (-71.19876426484674, 42.003386035775875), (-71.19877408810123, 42.003330632620546)]
2024-12-26 21:03:44,297 - DEBUG - STREAM b'IHDR' 16 13
2024-12-26 21:03:44,297 - DEBUG - STREAM b'tRNS' 41 6
2024-12-26 21:03:44,297 - DEBUG - STREAM b'IDAT' 59 8192
2024-12-26 21:03:44,307 - DEBUG - Loaded image size: 512x512
2024-12-26 21:03:44,307 - DEBUG - Converting GeoJSON to pixel bounding boxes.
2024-12-26 21:03:44,307 - DEBUG - Input Coordinates: [(-71.19877408810123, 42.003330632620546), (-71.19883184883764, 42.003302734577794), (-71.19885660343895, 42.003371497359225), (-71.19876426484674, 42.003386035775875), (-71.19877408810123, 42.003330632620546)] ... (showing first 5 for brevity)
2024-12-26 21:03:44,307 - DEBUG - GeoTransform: [-71.19895275275651, 2.959307207403302e-06, 0.0, 42.00467106118717, 0.0, -2.959307207403302e-06]
2024-12-26 21:03:44,307 - DEBUG - Image Dimensions: width=512, height=512
2024-12-26 21:03:44,307 - DEBUG - Converting geo-coordinates to pixel coordinates:
2024-12-26 21:03:44,307 - DEBUG - Inputs - lon: -71.19877408810123, lat: 42.003330632620546, geo_transform: [-71.19895275275651, 2.959307207403302e-06, 0.0, 42.00467106118717, 0.0, -2.959307207403302e-06], image_width: 512, image_height: 512
2024-12-26 21:03:44,307 - DEBUG - Parsed GeoTransform - x_origin: -71.19895275275651, pixel_width: 2.959307207403302e-06, y_origin: 42.00467106118717, pixel_height: -2.959307207403302e-06
2024-12-26 21:03:44,307 - DEBUG - Computed pixel coordinates before clamping - x_pixel: 60, y_pixel: 452
2024-12-26 21:03:44,307 - DEBUG - Clamped pixel coordinates - x_pixel: 60, y_pixel: 452
2024-12-26 21:03:44,307 - DEBUG - Converting geo-coordinates to pixel coordinates:
2024-12-26 21:03:44,307 - DEBUG - Inputs - lon: -71.19883184883764, lat: 42.003302734577794, geo_transform: [-71.19895275275651, 2.959307207403302e-06, 0.0, 42.00467106118717, 0.0, -2.959307207403302e-06], image_width: 512, image_height: 512
2024-12-26 21:03:44,307 - DEBUG - Parsed GeoTransform - x_origin: -71.19895275275651, pixel_width: 2.959307207403302e-06, y_origin: 42.00467106118717, pixel_height: -2.959307207403302e-06
2024-12-26 21:03:44,308 - DEBUG - Computed pixel coordinates before clamping - x_pixel: 40, y_pixel: 462
2024-12-26 21:03:44,308 - DEBUG - Clamped pixel coordinates - x_pixel: 40, y_pixel: 462
2024-12-26 21:03:44,308 - DEBUG - Converting geo-coordinates to pixel coordinates:
2024-12-26 21:03:44,308 - DEBUG - Inputs - lon: -71.19885660343895, lat: 42.003371497359225, geo_transform: [-71.19895275275651, 2.959307207403302e-06, 0.0, 42.00467106118717, 0.0, -2.959307207403302e-06], image_width: 512, image_height: 512
2024-12-26 21:03:44,308 - DEBUG - Parsed GeoTransform - x_origin: -71.19895275275651, pixel_width: 2.959307207403302e-06, y_origin: 42.00467106118717, pixel_height: -2.959307207403302e-06
2024-12-26 21:03:44,308 - DEBUG - Computed pixel coordinates before clamping - x_pixel: 32, y_pixel: 439
2024-12-26 21:03:44,308 - DEBUG - Clamped pixel coordinates - x_pixel: 32, y_pixel: 439
2024-12-26 21:03:44,308 - DEBUG - Converting geo-coordinates to pixel coordinates:
2024-12-26 21:03:44,308 - DEBUG - Inputs - lon: -71.19876426484674, lat: 42.003386035775875, geo_transform: [-71.19895275275651, 2.959307207403302e-06, 0.0, 42.00467106118717, 0.0, -2.959307207403302e-06], image_width: 512, image_height: 512
2024-12-26 21:03:44,308 - DEBUG - Parsed GeoTransform - x_origin: -71.19895275275651, pixel_width: 2.959307207403302e-06, y_origin: 42.00467106118717, pixel_height: -2.959307207403302e-06
2024-12-26 21:03:44,308 - DEBUG - Computed pixel coordinates before clamping - x_pixel: 63, y_pixel: 434
2024-12-26 21:03:44,308 - DEBUG - Clamped pixel coordinates - x_pixel: 63, y_pixel: 434
2024-12-26 21:03:44,309 - DEBUG - Converting geo-coordinates to pixel coordinates:
2024-12-26 21:03:44,309 - DEBUG - Inputs - lon: -71.19877408810123, lat: 42.003330632620546, geo_transform: [-71.19895275275651, 2.959307207403302e-06, 0.0, 42.00467106118717, 0.0, -2.959307207403302e-06], image_width: 512, image_height: 512
2024-12-26 21:03:44,309 - DEBUG - Parsed GeoTransform - x_origin: -71.19895275275651, pixel_width: 2.959307207403302e-06, y_origin: 42.00467106118717, pixel_height: -2.959307207403302e-06
2024-12-26 21:03:44,309 - DEBUG - Computed pixel coordinates before clamping - x_pixel: 60, y_pixel: 452
2024-12-26 21:03:44,309 - DEBUG - Clamped pixel coordinates - x_pixel: 60, y_pixel: 452
2024-12-26 21:03:44,309 - DEBUG - Pixel Coordinates: [(60, 452), (40, 462), (32, 439), (63, 434), (60, 452)] ... (showing first 5 for brevity)
2024-12-26 21:03:44,309 - DEBUG - Pixel Bounding Box: x_min=32, x_max=63, y_min=434, y_max=462
2024-12-26 21:03:44,309 - DEBUG - Pixel bounding box: (32, 434, 63, 462)
2024-12-26 21:03:44,309 - DEBUG - Input is a list. Converting to tensor.
2024-12-26 21:03:44,310 - DEBUG - Input Bounding Boxes (Corner Format): tensor([[ 32., 434.,  63., 462.]])
2024-12-26 21:03:44,310 - DEBUG - x_min: 32.0, y_min: 434.0, x_max: 63.0, y_max: 462.0
2024-12-26 21:03:44,310 - DEBUG - Converted Bounding Boxes (Center Format): tensor([[ 47.5000, 448.0000,  31.0000,  28.0000]])
2024-12-26 21:03:44,310 - DEBUG - Normalized bounding box (cx, cy, w, h): tensor([[ 47.5000, 448.0000,  31.0000,  28.0000]])
2024-12-26 21:03:44,311 - DEBUG - Processed image tensor shape: torch.Size([3, 512, 512])
2024-12-26 21:03:44,312 - DEBUG - Processed bounding box tensor: tensor([[ 47.5000, 448.0000,  31.0000,  28.0000]])
2024-12-26 21:03:44,312 - DEBUG - Processing index 2952:
2024-12-26 21:03:44,312 - DEBUG - Image path: ./data/raw/train/PS-RGB_tiled/51_10400100061AF700_tile_286.png
2024-12-26 21:03:44,312 - DEBUG - Label path: ./data/raw/train/geojson_aircraft_tiled/51_10400100061AF700_tile_286.geojson
2024-12-26 21:03:44,312 - DEBUG - Auxiliary path: ./data/raw/train/PS-RGB_tiled/51_10400100061AF700_tile_286.png.aux.xml
2024-12-26 21:03:44,312 - DEBUG - Parsing GeoTransform from: ./data/raw/train/PS-RGB_tiled/51_10400100061AF700_tile_286.png.aux.xml
2024-12-26 21:03:44,313 - DEBUG - GeoTransform parsed: [-80.2660598094569, 3.2412848751532576e-06, 0.0, 25.908261855860996, 0.0, -3.2412848751532576e-06]
2024-12-26 21:03:44,313 - DEBUG - Reading GeoJSON from: ./data/raw/train/geojson_aircraft_tiled/51_10400100061AF700_tile_286.geojson
2024-12-26 21:03:44,313 - DEBUG - First feature coordinates: [[[-80.26587789106159, 25.90664488259715], [-80.26589940976395, 25.906606409765658], [-80.26595157631512, 25.906650099252264], [-80.2659026701734, 25.906690528329424], [-80.26587789106159, 25.90664488259715]]]
2024-12-26 21:03:44,314 - DEBUG - Feature properties: {'loc_id': 51, 'cat_id': '10400100061AF700', 'location': 'Opa-locka Executive Airport, Northwest 147th State Road, Opa-locka, Miami-Dade County, Florida, 33014:33054, USA', 'role': 'Small Civil Transport/Utility', 'role_id': 1, 'is_plane': 1, 'num_engines': 1, 'propulsion': 'propeller', 'canards': 'no', 'num_tail_fins': 1, 'wing_position': 'mid/low mounted', 'wing_type': 'straight', 'length': 7.403137694213526, 'wingspan': 9.32182325580633, 'area': 34.284681711862, 'faa_wingspan_class': 1, 'Public_Train': 1, 'Public_Test': 0, 'partialDec': 1.0, 'truncated': 0, 'new_area': 34.284681711862}
2024-12-26 21:03:44,314 - DEBUG - GeoJSON Coords: [(-80.26587789106159, 25.90664488259715), (-80.26589940976395, 25.906606409765658), (-80.26595157631512, 25.906650099252264), (-80.2659026701734, 25.906690528329424), (-80.26587789106159, 25.90664488259715)]
2024-12-26 21:03:44,314 - DEBUG - GeoJSON Features: [7.403137694213526, 9.32182325580633, 34.284681711862, 0, 1, 0, 1, 1, 1]
2024-12-26 21:03:44,314 - DEBUG - Parsed GeoTransform: [-80.2660598094569, 3.2412848751532576e-06, 0.0, 25.908261855860996, 0.0, -3.2412848751532576e-06]
2024-12-26 21:03:44,314 - DEBUG - Parsed GeoJSON coordinates: [(-80.26587789106159, 25.90664488259715), (-80.26589940976395, 25.906606409765658), (-80.26595157631512, 25.906650099252264), (-80.2659026701734, 25.906690528329424), (-80.26587789106159, 25.90664488259715)]
2024-12-26 21:03:44,314 - DEBUG - STREAM b'IHDR' 16 13
2024-12-26 21:03:44,314 - DEBUG - STREAM b'tRNS' 41 6
2024-12-26 21:03:44,315 - DEBUG - STREAM b'IDAT' 59 8192
2024-12-26 21:03:44,324 - DEBUG - Loaded image size: 512x512
2024-12-26 21:03:44,325 - DEBUG - Converting GeoJSON to pixel bounding boxes.
2024-12-26 21:03:44,325 - DEBUG - Input Coordinates: [(-80.26587789106159, 25.90664488259715), (-80.26589940976395, 25.906606409765658), (-80.26595157631512, 25.906650099252264), (-80.2659026701734, 25.906690528329424), (-80.26587789106159, 25.90664488259715)] ... (showing first 5 for brevity)
2024-12-26 21:03:44,325 - DEBUG - GeoTransform: [-80.2660598094569, 3.2412848751532576e-06, 0.0, 25.908261855860996, 0.0, -3.2412848751532576e-06]
2024-12-26 21:03:44,325 - DEBUG - Image Dimensions: width=512, height=512
2024-12-26 21:03:44,325 - DEBUG - Converting geo-coordinates to pixel coordinates:
2024-12-26 21:03:44,325 - DEBUG - Inputs - lon: -80.26587789106159, lat: 25.90664488259715, geo_transform: [-80.2660598094569, 3.2412848751532576e-06, 0.0, 25.908261855860996, 0.0, -3.2412848751532576e-06], image_width: 512, image_height: 512
2024-12-26 21:03:44,325 - DEBUG - Parsed GeoTransform - x_origin: -80.2660598094569, pixel_width: 3.2412848751532576e-06, y_origin: 25.908261855860996, pixel_height: -3.2412848751532576e-06
2024-12-26 21:03:44,325 - DEBUG - Computed pixel coordinates before clamping - x_pixel: 56, y_pixel: 498
2024-12-26 21:03:44,325 - DEBUG - Clamped pixel coordinates - x_pixel: 56, y_pixel: 498
2024-12-26 21:03:44,325 - DEBUG - Converting geo-coordinates to pixel coordinates:
2024-12-26 21:03:44,325 - DEBUG - Inputs - lon: -80.26589940976395, lat: 25.906606409765658, geo_transform: [-80.2660598094569, 3.2412848751532576e-06, 0.0, 25.908261855860996, 0.0, -3.2412848751532576e-06], image_width: 512, image_height: 512
2024-12-26 21:03:44,325 - DEBUG - Parsed GeoTransform - x_origin: -80.2660598094569, pixel_width: 3.2412848751532576e-06, y_origin: 25.908261855860996, pixel_height: -3.2412848751532576e-06
2024-12-26 21:03:44,325 - DEBUG - Computed pixel coordinates before clamping - x_pixel: 49, y_pixel: 510
2024-12-26 21:03:44,325 - DEBUG - Clamped pixel coordinates - x_pixel: 49, y_pixel: 510
2024-12-26 21:03:44,326 - DEBUG - Converting geo-coordinates to pixel coordinates:
2024-12-26 21:03:44,326 - DEBUG - Inputs - lon: -80.26595157631512, lat: 25.906650099252264, geo_transform: [-80.2660598094569, 3.2412848751532576e-06, 0.0, 25.908261855860996, 0.0, -3.2412848751532576e-06], image_width: 512, image_height: 512
2024-12-26 21:03:44,326 - DEBUG - Parsed GeoTransform - x_origin: -80.2660598094569, pixel_width: 3.2412848751532576e-06, y_origin: 25.908261855860996, pixel_height: -3.2412848751532576e-06
2024-12-26 21:03:44,326 - DEBUG - Computed pixel coordinates before clamping - x_pixel: 33, y_pixel: 497
2024-12-26 21:03:44,326 - DEBUG - Clamped pixel coordinates - x_pixel: 33, y_pixel: 497
2024-12-26 21:03:44,326 - DEBUG - Converting geo-coordinates to pixel coordinates:
2024-12-26 21:03:44,326 - DEBUG - Inputs - lon: -80.2659026701734, lat: 25.906690528329424, geo_transform: [-80.2660598094569, 3.2412848751532576e-06, 0.0, 25.908261855860996, 0.0, -3.2412848751532576e-06], image_width: 512, image_height: 512
2024-12-26 21:03:44,326 - DEBUG - Parsed GeoTransform - x_origin: -80.2660598094569, pixel_width: 3.2412848751532576e-06, y_origin: 25.908261855860996, pixel_height: -3.2412848751532576e-06
2024-12-26 21:03:44,326 - DEBUG - Computed pixel coordinates before clamping - x_pixel: 48, y_pixel: 484
2024-12-26 21:03:44,326 - DEBUG - Clamped pixel coordinates - x_pixel: 48, y_pixel: 484
2024-12-26 21:03:44,326 - DEBUG - Converting geo-coordinates to pixel coordinates:
2024-12-26 21:03:44,326 - DEBUG - Inputs - lon: -80.26587789106159, lat: 25.90664488259715, geo_transform: [-80.2660598094569, 3.2412848751532576e-06, 0.0, 25.908261855860996, 0.0, -3.2412848751532576e-06], image_width: 512, image_height: 512
2024-12-26 21:03:44,326 - DEBUG - Parsed GeoTransform - x_origin: -80.2660598094569, pixel_width: 3.2412848751532576e-06, y_origin: 25.908261855860996, pixel_height: -3.2412848751532576e-06
2024-12-26 21:03:44,326 - DEBUG - Computed pixel coordinates before clamping - x_pixel: 56, y_pixel: 498
2024-12-26 21:03:44,327 - DEBUG - Clamped pixel coordinates - x_pixel: 56, y_pixel: 498
2024-12-26 21:03:44,327 - DEBUG - Pixel Coordinates: [(56, 498), (49, 510), (33, 497), (48, 484), (56, 498)] ... (showing first 5 for brevity)
2024-12-26 21:03:44,327 - DEBUG - Pixel Bounding Box: x_min=33, x_max=56, y_min=484, y_max=510
2024-12-26 21:03:44,327 - DEBUG - Pixel bounding box: (33, 484, 56, 510)
2024-12-26 21:03:44,327 - DEBUG - Input is a list. Converting to tensor.
2024-12-26 21:03:44,327 - DEBUG - Input Bounding Boxes (Corner Format): tensor([[ 33., 484.,  56., 510.]])
2024-12-26 21:03:44,327 - DEBUG - x_min: 33.0, y_min: 484.0, x_max: 56.0, y_max: 510.0
2024-12-26 21:03:44,328 - DEBUG - Converted Bounding Boxes (Center Format): tensor([[ 44.5000, 497.0000,  23.0000,  26.0000]])
2024-12-26 21:03:44,328 - DEBUG - Normalized bounding box (cx, cy, w, h): tensor([[ 44.5000, 497.0000,  23.0000,  26.0000]])
2024-12-26 21:03:44,330 - DEBUG - Processed image tensor shape: torch.Size([3, 512, 512])
2024-12-26 21:03:44,330 - DEBUG - Processed bounding box tensor: tensor([[ 44.5000, 497.0000,  23.0000,  26.0000]])
2024-12-26 21:03:44,330 - DEBUG - Processing index 2166:
2024-12-26 21:03:44,330 - DEBUG - Image path: ./data/raw/train/PS-RGB_tiled/39_104001001D4E6100_tile_859.png
2024-12-26 21:03:44,330 - DEBUG - Label path: ./data/raw/train/geojson_aircraft_tiled/39_104001001D4E6100_tile_859.geojson
2024-12-26 21:03:44,330 - DEBUG - Auxiliary path: ./data/raw/train/PS-RGB_tiled/39_104001001D4E6100_tile_859.png.aux.xml
2024-12-26 21:03:44,331 - DEBUG - Parsing GeoTransform from: ./data/raw/train/PS-RGB_tiled/39_104001001D4E6100_tile_859.png.aux.xml
2024-12-26 21:03:44,331 - DEBUG - GeoTransform parsed: [-97.41844245237372, 2.9350410282935135e-06, 0.0, 37.67016937385604, 0.0, -2.9350410282935135e-06]
2024-12-26 21:03:44,331 - DEBUG - Reading GeoJSON from: ./data/raw/train/geojson_aircraft_tiled/39_104001001D4E6100_tile_859.geojson
2024-12-26 21:03:44,331 - DEBUG - First feature coordinates: [[[-97.41844245237372, 37.669764174870295], [-97.4183977242619, 37.66976314663784], [-97.41838513143125, 37.6696703573594], [-97.41844245237372, 37.66968569676654], [-97.41844245237372, 37.669764174870295]]]
2024-12-26 21:03:44,331 - DEBUG - Feature properties: {'loc_id': 39, 'cat_id': '104001001D4E6100', 'location': 'Wichita Dwight D. Eisenhower National Airport, Eisenhower Airport Parkway, Wichita, Sedgwick County, Kansas, 67209, USA', 'role': 'Medium Civil Transport/Utility', 'role_id': 2, 'is_plane': 1, 'num_engines': 2, 'propulsion': 'propeller', 'canards': 'no', 'num_tail_fins': 1, 'wing_position': 'mid/low mounted', 'wing_type': 'straight', 'length': 10.392028578397856, 'wingspan': 15.475622018747405, 'area': 80.40714037760316, 'faa_wingspan_class': 2, 'Public_Train': 1, 'Public_Test': 0, 'partialDec': 0.525670560723137, 'truncated': 1, 'new_area': 42.26766656843864}
2024-12-26 21:03:44,332 - DEBUG - GeoJSON Coords: [(-97.41844245237372, 37.669764174870295), (-97.4183977242619, 37.66976314663784), (-97.41838513143125, 37.6696703573594), (-97.41844245237372, 37.66968569676654), (-97.41844245237372, 37.669764174870295)]
2024-12-26 21:03:44,332 - DEBUG - GeoJSON Features: [10.392028578397856, 15.475622018747405, 80.40714037760316, 0, 1, 0, 2, 1, 2]
2024-12-26 21:03:44,332 - DEBUG - Parsed GeoTransform: [-97.41844245237372, 2.9350410282935135e-06, 0.0, 37.67016937385604, 0.0, -2.9350410282935135e-06]
2024-12-26 21:03:44,332 - DEBUG - Parsed GeoJSON coordinates: [(-97.41844245237372, 37.669764174870295), (-97.4183977242619, 37.66976314663784), (-97.41838513143125, 37.6696703573594), (-97.41844245237372, 37.66968569676654), (-97.41844245237372, 37.669764174870295)]
2024-12-26 21:03:44,332 - DEBUG - STREAM b'IHDR' 16 13
2024-12-26 21:03:44,332 - DEBUG - STREAM b'tRNS' 41 6
2024-12-26 21:03:44,332 - DEBUG - STREAM b'IDAT' 59 8192
2024-12-26 21:03:44,343 - DEBUG - Loaded image size: 512x512
2024-12-26 21:03:44,343 - DEBUG - Converting GeoJSON to pixel bounding boxes.
2024-12-26 21:03:44,343 - DEBUG - Input Coordinates: [(-97.41844245237372, 37.669764174870295), (-97.4183977242619, 37.66976314663784), (-97.41838513143125, 37.6696703573594), (-97.41844245237372, 37.66968569676654), (-97.41844245237372, 37.669764174870295)] ... (showing first 5 for brevity)
2024-12-26 21:03:44,343 - DEBUG - GeoTransform: [-97.41844245237372, 2.9350410282935135e-06, 0.0, 37.67016937385604, 0.0, -2.9350410282935135e-06]
2024-12-26 21:03:44,343 - DEBUG - Image Dimensions: width=512, height=512
2024-12-26 21:03:44,343 - DEBUG - Converting geo-coordinates to pixel coordinates:
2024-12-26 21:03:44,343 - DEBUG - Inputs - lon: -97.41844245237372, lat: 37.669764174870295, geo_transform: [-97.41844245237372, 2.9350410282935135e-06, 0.0, 37.67016937385604, 0.0, -2.9350410282935135e-06], image_width: 512, image_height: 512
2024-12-26 21:03:44,343 - DEBUG - Parsed GeoTransform - x_origin: -97.41844245237372, pixel_width: 2.9350410282935135e-06, y_origin: 37.67016937385604, pixel_height: -2.9350410282935135e-06
2024-12-26 21:03:44,343 - DEBUG - Computed pixel coordinates before clamping - x_pixel: 0, y_pixel: 138
2024-12-26 21:03:44,344 - DEBUG - Clamped pixel coordinates - x_pixel: 0, y_pixel: 138
2024-12-26 21:03:44,344 - DEBUG - Converting geo-coordinates to pixel coordinates:
2024-12-26 21:03:44,344 - DEBUG - Inputs - lon: -97.4183977242619, lat: 37.66976314663784, geo_transform: [-97.41844245237372, 2.9350410282935135e-06, 0.0, 37.67016937385604, 0.0, -2.9350410282935135e-06], image_width: 512, image_height: 512
2024-12-26 21:03:44,344 - DEBUG - Parsed GeoTransform - x_origin: -97.41844245237372, pixel_width: 2.9350410282935135e-06, y_origin: 37.67016937385604, pixel_height: -2.9350410282935135e-06
2024-12-26 21:03:44,344 - DEBUG - Computed pixel coordinates before clamping - x_pixel: 15, y_pixel: 138
2024-12-26 21:03:44,344 - DEBUG - Clamped pixel coordinates - x_pixel: 15, y_pixel: 138
2024-12-26 21:03:44,344 - DEBUG - Converting geo-coordinates to pixel coordinates:
2024-12-26 21:03:44,344 - DEBUG - Inputs - lon: -97.41838513143125, lat: 37.6696703573594, geo_transform: [-97.41844245237372, 2.9350410282935135e-06, 0.0, 37.67016937385604, 0.0, -2.9350410282935135e-06], image_width: 512, image_height: 512
2024-12-26 21:03:44,344 - DEBUG - Parsed GeoTransform - x_origin: -97.41844245237372, pixel_width: 2.9350410282935135e-06, y_origin: 37.67016937385604, pixel_height: -2.9350410282935135e-06
2024-12-26 21:03:44,344 - DEBUG - Computed pixel coordinates before clamping - x_pixel: 19, y_pixel: 170
2024-12-26 21:03:44,344 - DEBUG - Clamped pixel coordinates - x_pixel: 19, y_pixel: 170
2024-12-26 21:03:44,344 - DEBUG - Converting geo-coordinates to pixel coordinates:
2024-12-26 21:03:44,344 - DEBUG - Inputs - lon: -97.41844245237372, lat: 37.66968569676654, geo_transform: [-97.41844245237372, 2.9350410282935135e-06, 0.0, 37.67016937385604, 0.0, -2.9350410282935135e-06], image_width: 512, image_height: 512
2024-12-26 21:03:44,344 - DEBUG - Parsed GeoTransform - x_origin: -97.41844245237372, pixel_width: 2.9350410282935135e-06, y_origin: 37.67016937385604, pixel_height: -2.9350410282935135e-06
2024-12-26 21:03:44,344 - DEBUG - Computed pixel coordinates before clamping - x_pixel: 0, y_pixel: 164
2024-12-26 21:03:44,345 - DEBUG - Clamped pixel coordinates - x_pixel: 0, y_pixel: 164
2024-12-26 21:03:44,345 - DEBUG - Converting geo-coordinates to pixel coordinates:
2024-12-26 21:03:44,345 - DEBUG - Inputs - lon: -97.41844245237372, lat: 37.669764174870295, geo_transform: [-97.41844245237372, 2.9350410282935135e-06, 0.0, 37.67016937385604, 0.0, -2.9350410282935135e-06], image_width: 512, image_height: 512
2024-12-26 21:03:44,345 - DEBUG - Parsed GeoTransform - x_origin: -97.41844245237372, pixel_width: 2.9350410282935135e-06, y_origin: 37.67016937385604, pixel_height: -2.9350410282935135e-06
2024-12-26 21:03:44,345 - DEBUG - Computed pixel coordinates before clamping - x_pixel: 0, y_pixel: 138
2024-12-26 21:03:44,345 - DEBUG - Clamped pixel coordinates - x_pixel: 0, y_pixel: 138
2024-12-26 21:03:44,346 - DEBUG - Pixel Coordinates: [(0, 138), (15, 138), (19, 170), (0, 164), (0, 138)] ... (showing first 5 for brevity)
2024-12-26 21:03:44,346 - DEBUG - Pixel Bounding Box: x_min=0, x_max=19, y_min=138, y_max=170
2024-12-26 21:03:44,346 - DEBUG - Pixel bounding box: (0, 138, 19, 170)
2024-12-26 21:03:44,346 - DEBUG - Input is a list. Converting to tensor.
2024-12-26 21:03:44,346 - DEBUG - Input Bounding Boxes (Corner Format): tensor([[  0., 138.,  19., 170.]])
2024-12-26 21:03:44,346 - DEBUG - x_min: 0.0, y_min: 138.0, x_max: 19.0, y_max: 170.0
2024-12-26 21:03:44,347 - DEBUG - Converted Bounding Boxes (Center Format): tensor([[  9.5000, 154.0000,  19.0000,  32.0000]])
2024-12-26 21:03:44,347 - DEBUG - Normalized bounding box (cx, cy, w, h): tensor([[  9.5000, 154.0000,  19.0000,  32.0000]])
2024-12-26 21:03:44,348 - DEBUG - Processed image tensor shape: torch.Size([3, 512, 512])
2024-12-26 21:03:44,349 - DEBUG - Processed bounding box tensor: tensor([[  9.5000, 154.0000,  19.0000,  32.0000]])
2024-12-26 21:03:44,349 - DEBUG - Processing index 2687:
2024-12-26 21:03:44,349 - DEBUG - Image path: ./data/raw/train/PS-RGB_tiled/4_10400100101BE000_tile_786.png
2024-12-26 21:03:44,349 - DEBUG - Label path: ./data/raw/train/geojson_aircraft_tiled/4_10400100101BE000_tile_786.geojson
2024-12-26 21:03:44,349 - DEBUG - Auxiliary path: ./data/raw/train/PS-RGB_tiled/4_10400100101BE000_tile_786.png.aux.xml
2024-12-26 21:03:44,349 - DEBUG - Parsing GeoTransform from: ./data/raw/train/PS-RGB_tiled/4_10400100101BE000_tile_786.png.aux.xml
2024-12-26 21:03:44,350 - DEBUG - GeoTransform parsed: [-122.30219623434088, 3.4225812324953764e-06, 0.0, 47.44912322860497, 0.0, -3.4225812324953764e-06]
2024-12-26 21:03:44,350 - DEBUG - Reading GeoJSON from: ./data/raw/train/geojson_aircraft_tiled/4_10400100101BE000_tile_786.geojson
2024-12-26 21:03:44,350 - DEBUG - First feature coordinates: [[[-122.30199675773235, 47.448910740795334], [-122.3017542242704, 47.44912322860497], [-122.30171585061584, 47.44912322860497], [-122.3014361972073, 47.44901876547987], [-122.30159904523025, 47.44883418276068], [-122.30199675773235, 47.448910740795334]]]
2024-12-26 21:03:44,350 - DEBUG - Feature properties: {'loc_id': 4, 'cat_id': '10400100101BE000', 'location': 'Seattle-Tacoma International Airport, Seattle-Tacoma Departures, SeaTac, King County, Washington, 98158, USA', 'role': 'Medium Civil Transport/Utility', 'role_id': 2, 'is_plane': 1, 'num_engines': 2, 'propulsion': 'jet', 'canards': 'no', 'num_tail_fins': 1, 'wing_position': 'mid/low mounted', 'wing_type': 'swept', 'length': 43.93235177879285, 'wingspan': 34.96211062674249, 'area': 767.4216233818913, 'faa_wingspan_class': 3, 'Public_Train': 1, 'Public_Test': 0, 'partialDec': 0.997894822895888, 'truncated': 1, 'new_area': 765.8060649511474}
2024-12-26 21:03:44,350 - DEBUG - GeoJSON Coords: [(-122.30199675773235, 47.448910740795334), (-122.3017542242704, 47.44912322860497), (-122.30171585061584, 47.44912322860497), (-122.3014361972073, 47.44901876547987), (-122.30159904523025, 47.44883418276068), (-122.30199675773235, 47.448910740795334)]
2024-12-26 21:03:44,350 - DEBUG - GeoJSON Features: [43.93235177879285, 34.96211062674249, 767.4216233818913, 1, 1, 0, 2, 1, 3]
2024-12-26 21:03:44,350 - DEBUG - Parsed GeoTransform: [-122.30219623434088, 3.4225812324953764e-06, 0.0, 47.44912322860497, 0.0, -3.4225812324953764e-06]
2024-12-26 21:03:44,350 - DEBUG - Parsed GeoJSON coordinates: [(-122.30199675773235, 47.448910740795334), (-122.3017542242704, 47.44912322860497), (-122.30171585061584, 47.44912322860497), (-122.3014361972073, 47.44901876547987), (-122.30159904523025, 47.44883418276068), (-122.30199675773235, 47.448910740795334)]
2024-12-26 21:03:44,351 - DEBUG - STREAM b'IHDR' 16 13
2024-12-26 21:03:44,351 - DEBUG - STREAM b'tRNS' 41 6
2024-12-26 21:03:44,351 - DEBUG - STREAM b'IDAT' 59 8192
2024-12-26 21:03:44,361 - DEBUG - Loaded image size: 512x512
2024-12-26 21:03:44,361 - DEBUG - Converting GeoJSON to pixel bounding boxes.
2024-12-26 21:03:44,361 - DEBUG - Input Coordinates: [(-122.30199675773235, 47.448910740795334), (-122.3017542242704, 47.44912322860497), (-122.30171585061584, 47.44912322860497), (-122.3014361972073, 47.44901876547987), (-122.30159904523025, 47.44883418276068)] ... (showing first 5 for brevity)
2024-12-26 21:03:44,362 - DEBUG - GeoTransform: [-122.30219623434088, 3.4225812324953764e-06, 0.0, 47.44912322860497, 0.0, -3.4225812324953764e-06]
2024-12-26 21:03:44,362 - DEBUG - Image Dimensions: width=512, height=512
2024-12-26 21:03:44,362 - DEBUG - Converting geo-coordinates to pixel coordinates:
2024-12-26 21:03:44,362 - DEBUG - Inputs - lon: -122.30199675773235, lat: 47.448910740795334, geo_transform: [-122.30219623434088, 3.4225812324953764e-06, 0.0, 47.44912322860497, 0.0, -3.4225812324953764e-06], image_width: 512, image_height: 512
2024-12-26 21:03:44,362 - DEBUG - Parsed GeoTransform - x_origin: -122.30219623434088, pixel_width: 3.4225812324953764e-06, y_origin: 47.44912322860497, pixel_height: -3.4225812324953764e-06
2024-12-26 21:03:44,362 - DEBUG - Computed pixel coordinates before clamping - x_pixel: 58, y_pixel: 62
2024-12-26 21:03:44,362 - DEBUG - Clamped pixel coordinates - x_pixel: 58, y_pixel: 62
2024-12-26 21:03:44,362 - DEBUG - Converting geo-coordinates to pixel coordinates:
2024-12-26 21:03:44,362 - DEBUG - Inputs - lon: -122.3017542242704, lat: 47.44912322860497, geo_transform: [-122.30219623434088, 3.4225812324953764e-06, 0.0, 47.44912322860497, 0.0, -3.4225812324953764e-06], image_width: 512, image_height: 512
2024-12-26 21:03:44,363 - DEBUG - Parsed GeoTransform - x_origin: -122.30219623434088, pixel_width: 3.4225812324953764e-06, y_origin: 47.44912322860497, pixel_height: -3.4225812324953764e-06
2024-12-26 21:03:44,363 - DEBUG - Computed pixel coordinates before clamping - x_pixel: 129, y_pixel: 0
2024-12-26 21:03:44,363 - DEBUG - Clamped pixel coordinates - x_pixel: 129, y_pixel: 0
2024-12-26 21:03:44,363 - DEBUG - Converting geo-coordinates to pixel coordinates:
2024-12-26 21:03:44,363 - DEBUG - Inputs - lon: -122.30171585061584, lat: 47.44912322860497, geo_transform: [-122.30219623434088, 3.4225812324953764e-06, 0.0, 47.44912322860497, 0.0, -3.4225812324953764e-06], image_width: 512, image_height: 512
2024-12-26 21:03:44,363 - DEBUG - Parsed GeoTransform - x_origin: -122.30219623434088, pixel_width: 3.4225812324953764e-06, y_origin: 47.44912322860497, pixel_height: -3.4225812324953764e-06
2024-12-26 21:03:44,363 - DEBUG - Computed pixel coordinates before clamping - x_pixel: 140, y_pixel: 0
2024-12-26 21:03:44,363 - DEBUG - Clamped pixel coordinates - x_pixel: 140, y_pixel: 0
2024-12-26 21:03:44,363 - DEBUG - Converting geo-coordinates to pixel coordinates:
2024-12-26 21:03:44,363 - DEBUG - Inputs - lon: -122.3014361972073, lat: 47.44901876547987, geo_transform: [-122.30219623434088, 3.4225812324953764e-06, 0.0, 47.44912322860497, 0.0, -3.4225812324953764e-06], image_width: 512, image_height: 512
2024-12-26 21:03:44,363 - DEBUG - Parsed GeoTransform - x_origin: -122.30219623434088, pixel_width: 3.4225812324953764e-06, y_origin: 47.44912322860497, pixel_height: -3.4225812324953764e-06
2024-12-26 21:03:44,363 - DEBUG - Computed pixel coordinates before clamping - x_pixel: 222, y_pixel: 30
2024-12-26 21:03:44,364 - DEBUG - Clamped pixel coordinates - x_pixel: 222, y_pixel: 30
2024-12-26 21:03:44,364 - DEBUG - Converting geo-coordinates to pixel coordinates:
2024-12-26 21:03:44,364 - DEBUG - Inputs - lon: -122.30159904523025, lat: 47.44883418276068, geo_transform: [-122.30219623434088, 3.4225812324953764e-06, 0.0, 47.44912322860497, 0.0, -3.4225812324953764e-06], image_width: 512, image_height: 512
2024-12-26 21:03:44,364 - DEBUG - Parsed GeoTransform - x_origin: -122.30219623434088, pixel_width: 3.4225812324953764e-06, y_origin: 47.44912322860497, pixel_height: -3.4225812324953764e-06
2024-12-26 21:03:44,364 - DEBUG - Computed pixel coordinates before clamping - x_pixel: 174, y_pixel: 84
2024-12-26 21:03:44,364 - DEBUG - Clamped pixel coordinates - x_pixel: 174, y_pixel: 84
2024-12-26 21:03:44,364 - DEBUG - Converting geo-coordinates to pixel coordinates:
2024-12-26 21:03:44,364 - DEBUG - Inputs - lon: -122.30199675773235, lat: 47.448910740795334, geo_transform: [-122.30219623434088, 3.4225812324953764e-06, 0.0, 47.44912322860497, 0.0, -3.4225812324953764e-06], image_width: 512, image_height: 512
2024-12-26 21:03:44,364 - DEBUG - Parsed GeoTransform - x_origin: -122.30219623434088, pixel_width: 3.4225812324953764e-06, y_origin: 47.44912322860497, pixel_height: -3.4225812324953764e-06
2024-12-26 21:03:44,364 - DEBUG - Computed pixel coordinates before clamping - x_pixel: 58, y_pixel: 62
2024-12-26 21:03:44,364 - DEBUG - Clamped pixel coordinates - x_pixel: 58, y_pixel: 62
2024-12-26 21:03:44,364 - DEBUG - Pixel Coordinates: [(58, 62), (129, 0), (140, 0), (222, 30), (174, 84)] ... (showing first 5 for brevity)
2024-12-26 21:03:44,364 - DEBUG - Pixel Bounding Box: x_min=58, x_max=222, y_min=0, y_max=84
2024-12-26 21:03:44,364 - DEBUG - Pixel bounding box: (58, 0, 222, 84)
2024-12-26 21:03:44,365 - DEBUG - Input is a list. Converting to tensor.
2024-12-26 21:03:44,365 - DEBUG - Input Bounding Boxes (Corner Format): tensor([[ 58.,   0., 222.,  84.]])
2024-12-26 21:03:44,365 - DEBUG - x_min: 58.0, y_min: 0.0, x_max: 222.0, y_max: 84.0
2024-12-26 21:03:44,365 - DEBUG - Converted Bounding Boxes (Center Format): tensor([[140.,  42., 164.,  84.]])
2024-12-26 21:03:44,366 - DEBUG - Normalized bounding box (cx, cy, w, h): tensor([[140.,  42., 164.,  84.]])
2024-12-26 21:03:44,367 - DEBUG - Processed image tensor shape: torch.Size([3, 512, 512])
2024-12-26 21:03:44,367 - DEBUG - Processed bounding box tensor: tensor([[140.,  42., 164.,  84.]])
2024-12-26 21:03:44,367 - DEBUG - Processing index 294:
2024-12-26 21:03:44,367 - DEBUG - Image path: ./data/raw/train/PS-RGB_tiled/108_1040010049B46C00_tile_70.png
2024-12-26 21:03:44,367 - DEBUG - Label path: ./data/raw/train/geojson_aircraft_tiled/108_1040010049B46C00_tile_70.geojson
2024-12-26 21:03:44,367 - DEBUG - Auxiliary path: ./data/raw/train/PS-RGB_tiled/108_1040010049B46C00_tile_70.png.aux.xml
2024-12-26 21:03:44,368 - DEBUG - Parsing GeoTransform from: ./data/raw/train/PS-RGB_tiled/108_1040010049B46C00_tile_70.png.aux.xml
2024-12-26 21:03:44,368 - DEBUG - GeoTransform parsed: [-80.08408897539857, 3.3759811271316744e-06, 0.0, 26.591013824957766, 0.0, -3.3759811271316744e-06]
2024-12-26 21:03:44,368 - DEBUG - Reading GeoJSON from: ./data/raw/train/geojson_aircraft_tiled/108_1040010049B46C00_tile_70.geojson
2024-12-26 21:03:44,369 - DEBUG - First feature coordinates: [[[-80.08379169692994, 26.58966879272062], [-80.08377575730204, 26.58971394094352], [-80.08372809195436, 26.58966831805662], [-80.08377681691643, 26.589618953000947], [-80.08379169692994, 26.58966879272062]]]
2024-12-26 21:03:44,369 - DEBUG - Feature properties: {'loc_id': 108, 'cat_id': '1040010049B46C00', 'location': 'Palm Beach County Park Airport, Lantana Airport, Palm Springs, Hypoluxo Village, Palm Beach County, Florida, 33462, USA', 'role': 'Small Civil Transport/Utility', 'role_id': 1, 'is_plane': 1, 'num_engines': 1, 'propulsion': 'propeller', 'canards': 'no', 'num_tail_fins': 1, 'wing_position': 'high mounted', 'wing_type': 'straight', 'length': 6.334192070625087, 'wingspan': 10.521789318753237, 'area': 33.32346745167219, 'faa_wingspan_class': 1, 'Public_Train': 1, 'Public_Test': 0, 'partialDec': 1.0, 'truncated': 0, 'new_area': 33.32346745167219}
2024-12-26 21:03:44,369 - DEBUG - GeoJSON Coords: [(-80.08379169692994, 26.58966879272062), (-80.08377575730204, 26.58971394094352), (-80.08372809195436, 26.58966831805662), (-80.08377681691643, 26.589618953000947), (-80.08379169692994, 26.58966879272062)]
2024-12-26 21:03:44,369 - DEBUG - GeoJSON Features: [6.334192070625087, 10.521789318753237, 33.32346745167219, 0, 0, 0, 1, 1, 1]
2024-12-26 21:03:44,369 - DEBUG - Parsed GeoTransform: [-80.08408897539857, 3.3759811271316744e-06, 0.0, 26.591013824957766, 0.0, -3.3759811271316744e-06]
2024-12-26 21:03:44,369 - DEBUG - Parsed GeoJSON coordinates: [(-80.08379169692994, 26.58966879272062), (-80.08377575730204, 26.58971394094352), (-80.08372809195436, 26.58966831805662), (-80.08377681691643, 26.589618953000947), (-80.08379169692994, 26.58966879272062)]
2024-12-26 21:03:44,369 - DEBUG - STREAM b'IHDR' 16 13
2024-12-26 21:03:44,370 - DEBUG - STREAM b'tRNS' 41 6
2024-12-26 21:03:44,370 - DEBUG - STREAM b'IDAT' 59 8192
2024-12-26 21:03:44,379 - DEBUG - Loaded image size: 512x512
2024-12-26 21:03:44,380 - DEBUG - Converting GeoJSON to pixel bounding boxes.
2024-12-26 21:03:44,380 - DEBUG - Input Coordinates: [(-80.08379169692994, 26.58966879272062), (-80.08377575730204, 26.58971394094352), (-80.08372809195436, 26.58966831805662), (-80.08377681691643, 26.589618953000947), (-80.08379169692994, 26.58966879272062)] ... (showing first 5 for brevity)
2024-12-26 21:03:44,380 - DEBUG - GeoTransform: [-80.08408897539857, 3.3759811271316744e-06, 0.0, 26.591013824957766, 0.0, -3.3759811271316744e-06]
2024-12-26 21:03:44,380 - DEBUG - Image Dimensions: width=512, height=512
2024-12-26 21:03:44,380 - DEBUG - Converting geo-coordinates to pixel coordinates:
2024-12-26 21:03:44,380 - DEBUG - Inputs - lon: -80.08379169692994, lat: 26.58966879272062, geo_transform: [-80.08408897539857, 3.3759811271316744e-06, 0.0, 26.591013824957766, 0.0, -3.3759811271316744e-06], image_width: 512, image_height: 512
2024-12-26 21:03:44,380 - DEBUG - Parsed GeoTransform - x_origin: -80.08408897539857, pixel_width: 3.3759811271316744e-06, y_origin: 26.591013824957766, pixel_height: -3.3759811271316744e-06
2024-12-26 21:03:44,380 - DEBUG - Computed pixel coordinates before clamping - x_pixel: 88, y_pixel: 398
2024-12-26 21:03:44,380 - DEBUG - Clamped pixel coordinates - x_pixel: 88, y_pixel: 398
2024-12-26 21:03:44,380 - DEBUG - Converting geo-coordinates to pixel coordinates:
2024-12-26 21:03:44,380 - DEBUG - Inputs - lon: -80.08377575730204, lat: 26.58971394094352, geo_transform: [-80.08408897539857, 3.3759811271316744e-06, 0.0, 26.591013824957766, 0.0, -3.3759811271316744e-06], image_width: 512, image_height: 512
2024-12-26 21:03:44,380 - DEBUG - Parsed GeoTransform - x_origin: -80.08408897539857, pixel_width: 3.3759811271316744e-06, y_origin: 26.591013824957766, pixel_height: -3.3759811271316744e-06
2024-12-26 21:03:44,380 - DEBUG - Computed pixel coordinates before clamping - x_pixel: 92, y_pixel: 385
2024-12-26 21:03:44,380 - DEBUG - Clamped pixel coordinates - x_pixel: 92, y_pixel: 385
2024-12-26 21:03:44,381 - DEBUG - Converting geo-coordinates to pixel coordinates:
2024-12-26 21:03:44,381 - DEBUG - Inputs - lon: -80.08372809195436, lat: 26.58966831805662, geo_transform: [-80.08408897539857, 3.3759811271316744e-06, 0.0, 26.591013824957766, 0.0, -3.3759811271316744e-06], image_width: 512, image_height: 512
2024-12-26 21:03:44,381 - DEBUG - Parsed GeoTransform - x_origin: -80.08408897539857, pixel_width: 3.3759811271316744e-06, y_origin: 26.591013824957766, pixel_height: -3.3759811271316744e-06
2024-12-26 21:03:44,381 - DEBUG - Computed pixel coordinates before clamping - x_pixel: 106, y_pixel: 398
2024-12-26 21:03:44,381 - DEBUG - Clamped pixel coordinates - x_pixel: 106, y_pixel: 398
2024-12-26 21:03:44,381 - DEBUG - Converting geo-coordinates to pixel coordinates:
2024-12-26 21:03:44,381 - DEBUG - Inputs - lon: -80.08377681691643, lat: 26.589618953000947, geo_transform: [-80.08408897539857, 3.3759811271316744e-06, 0.0, 26.591013824957766, 0.0, -3.3759811271316744e-06], image_width: 512, image_height: 512
2024-12-26 21:03:44,381 - DEBUG - Parsed GeoTransform - x_origin: -80.08408897539857, pixel_width: 3.3759811271316744e-06, y_origin: 26.591013824957766, pixel_height: -3.3759811271316744e-06
2024-12-26 21:03:44,381 - DEBUG - Computed pixel coordinates before clamping - x_pixel: 92, y_pixel: 413
2024-12-26 21:03:44,381 - DEBUG - Clamped pixel coordinates - x_pixel: 92, y_pixel: 413
2024-12-26 21:03:44,381 - DEBUG - Converting geo-coordinates to pixel coordinates:
2024-12-26 21:03:44,381 - DEBUG - Inputs - lon: -80.08379169692994, lat: 26.58966879272062, geo_transform: [-80.08408897539857, 3.3759811271316744e-06, 0.0, 26.591013824957766, 0.0, -3.3759811271316744e-06], image_width: 512, image_height: 512
2024-12-26 21:03:44,381 - DEBUG - Parsed GeoTransform - x_origin: -80.08408897539857, pixel_width: 3.3759811271316744e-06, y_origin: 26.591013824957766, pixel_height: -3.3759811271316744e-06
2024-12-26 21:03:44,381 - DEBUG - Computed pixel coordinates before clamping - x_pixel: 88, y_pixel: 398
2024-12-26 21:03:44,382 - DEBUG - Clamped pixel coordinates - x_pixel: 88, y_pixel: 398
2024-12-26 21:03:44,382 - DEBUG - Pixel Coordinates: [(88, 398), (92, 385), (106, 398), (92, 413), (88, 398)] ... (showing first 5 for brevity)
2024-12-26 21:03:44,382 - DEBUG - Pixel Bounding Box: x_min=88, x_max=106, y_min=385, y_max=413
2024-12-26 21:03:44,382 - DEBUG - Pixel bounding box: (88, 385, 106, 413)
2024-12-26 21:03:44,382 - DEBUG - Input is a list. Converting to tensor.
2024-12-26 21:03:44,382 - DEBUG - Input Bounding Boxes (Corner Format): tensor([[ 88., 385., 106., 413.]])
2024-12-26 21:03:44,382 - DEBUG - x_min: 88.0, y_min: 385.0, x_max: 106.0, y_max: 413.0
2024-12-26 21:03:44,383 - DEBUG - Converted Bounding Boxes (Center Format): tensor([[ 97., 399.,  18.,  28.]])
2024-12-26 21:03:44,383 - DEBUG - Normalized bounding box (cx, cy, w, h): tensor([[ 97., 399.,  18.,  28.]])
2024-12-26 21:03:44,384 - DEBUG - Processed image tensor shape: torch.Size([3, 512, 512])
2024-12-26 21:03:44,384 - DEBUG - Processed bounding box tensor: tensor([[ 97., 399.,  18.,  28.]])
2024-12-26 21:03:44,384 - DEBUG - Processing index 4259:
2024-12-26 21:03:44,384 - DEBUG - Image path: ./data/raw/train/PS-RGB_tiled/73_104001004458C500_tile_358.png
2024-12-26 21:03:44,384 - DEBUG - Label path: ./data/raw/train/geojson_aircraft_tiled/73_104001004458C500_tile_358.geojson
2024-12-26 21:03:44,385 - DEBUG - Auxiliary path: ./data/raw/train/PS-RGB_tiled/73_104001004458C500_tile_358.png.aux.xml
2024-12-26 21:03:44,385 - DEBUG - Parsing GeoTransform from: ./data/raw/train/PS-RGB_tiled/73_104001004458C500_tile_358.png.aux.xml
2024-12-26 21:03:44,385 - DEBUG - GeoTransform parsed: [-88.52104993938036, 2.9913898961180066e-06, 0.0, 44.249821029329524, 0.0, -2.9913898961180066e-06]
2024-12-26 21:03:44,385 - DEBUG - Reading GeoJSON from: ./data/raw/train/geojson_aircraft_tiled/73_104001004458C500_tile_358.geojson
2024-12-26 21:03:44,385 - DEBUG - First feature coordinates: [[[-88.52064961154102, 44.249398262895504], [-88.52059956379611, 44.249364897732235], [-88.52068707418049, 44.24933680075264], [-88.52071926863627, 44.24940879926285], [-88.52064961154102, 44.249398262895504]]]
2024-12-26 21:03:44,385 - DEBUG - Feature properties: {'loc_id': 73, 'cat_id': '104001004458C500', 'location': 'Appleton International Airport, Challenger Drive, Greenville, Town of Greenville, Outagamie County, Wisconsin, 54942, USA', 'role': 'Small Civil Transport/Utility', 'role_id': 1, 'is_plane': 1, 'num_engines': 1, 'propulsion': 'propeller', 'canards': 'no', 'num_tail_fins': 1, 'wing_position': 'high mounted', 'wing_type': 'straight', 'length': 7.4545617470198176, 'wingspan': 10.73101727923568, 'area': 39.928223346231064, 'faa_wingspan_class': 1, 'Public_Train': 1, 'Public_Test': 0, 'partialDec': 1.0, 'truncated': 0, 'new_area': 39.928223346231064}
2024-12-26 21:03:44,386 - DEBUG - GeoJSON Coords: [(-88.52064961154102, 44.249398262895504), (-88.52059956379611, 44.249364897732235), (-88.52068707418049, 44.24933680075264), (-88.52071926863627, 44.24940879926285), (-88.52064961154102, 44.249398262895504)]
2024-12-26 21:03:44,386 - DEBUG - GeoJSON Features: [7.4545617470198176, 10.73101727923568, 39.928223346231064, 0, 0, 0, 1, 1, 1]
2024-12-26 21:03:44,386 - DEBUG - Parsed GeoTransform: [-88.52104993938036, 2.9913898961180066e-06, 0.0, 44.249821029329524, 0.0, -2.9913898961180066e-06]
2024-12-26 21:03:44,386 - DEBUG - Parsed GeoJSON coordinates: [(-88.52064961154102, 44.249398262895504), (-88.52059956379611, 44.249364897732235), (-88.52068707418049, 44.24933680075264), (-88.52071926863627, 44.24940879926285), (-88.52064961154102, 44.249398262895504)]
2024-12-26 21:03:44,386 - DEBUG - STREAM b'IHDR' 16 13
2024-12-26 21:03:44,386 - DEBUG - STREAM b'tRNS' 41 6
2024-12-26 21:03:44,386 - DEBUG - STREAM b'IDAT' 59 8192
2024-12-26 21:03:44,396 - DEBUG - Loaded image size: 512x512
2024-12-26 21:03:44,396 - DEBUG - Converting GeoJSON to pixel bounding boxes.
2024-12-26 21:03:44,396 - DEBUG - Input Coordinates: [(-88.52064961154102, 44.249398262895504), (-88.52059956379611, 44.249364897732235), (-88.52068707418049, 44.24933680075264), (-88.52071926863627, 44.24940879926285), (-88.52064961154102, 44.249398262895504)] ... (showing first 5 for brevity)
2024-12-26 21:03:44,396 - DEBUG - GeoTransform: [-88.52104993938036, 2.9913898961180066e-06, 0.0, 44.249821029329524, 0.0, -2.9913898961180066e-06]
2024-12-26 21:03:44,397 - DEBUG - Image Dimensions: width=512, height=512
2024-12-26 21:03:44,397 - DEBUG - Converting geo-coordinates to pixel coordinates:
2024-12-26 21:03:44,397 - DEBUG - Inputs - lon: -88.52064961154102, lat: 44.249398262895504, geo_transform: [-88.52104993938036, 2.9913898961180066e-06, 0.0, 44.249821029329524, 0.0, -2.9913898961180066e-06], image_width: 512, image_height: 512
2024-12-26 21:03:44,397 - DEBUG - Parsed GeoTransform - x_origin: -88.52104993938036, pixel_width: 2.9913898961180066e-06, y_origin: 44.249821029329524, pixel_height: -2.9913898961180066e-06
2024-12-26 21:03:44,397 - DEBUG - Computed pixel coordinates before clamping - x_pixel: 133, y_pixel: 141
2024-12-26 21:03:44,397 - DEBUG - Clamped pixel coordinates - x_pixel: 133, y_pixel: 141
2024-12-26 21:03:44,397 - DEBUG - Converting geo-coordinates to pixel coordinates:
2024-12-26 21:03:44,397 - DEBUG - Inputs - lon: -88.52059956379611, lat: 44.249364897732235, geo_transform: [-88.52104993938036, 2.9913898961180066e-06, 0.0, 44.249821029329524, 0.0, -2.9913898961180066e-06], image_width: 512, image_height: 512
2024-12-26 21:03:44,397 - DEBUG - Parsed GeoTransform - x_origin: -88.52104993938036, pixel_width: 2.9913898961180066e-06, y_origin: 44.249821029329524, pixel_height: -2.9913898961180066e-06
2024-12-26 21:03:44,397 - DEBUG - Computed pixel coordinates before clamping - x_pixel: 150, y_pixel: 152
2024-12-26 21:03:44,397 - DEBUG - Clamped pixel coordinates - x_pixel: 150, y_pixel: 152
2024-12-26 21:03:44,397 - DEBUG - Converting geo-coordinates to pixel coordinates:
2024-12-26 21:03:44,397 - DEBUG - Inputs - lon: -88.52068707418049, lat: 44.24933680075264, geo_transform: [-88.52104993938036, 2.9913898961180066e-06, 0.0, 44.249821029329524, 0.0, -2.9913898961180066e-06], image_width: 512, image_height: 512
2024-12-26 21:03:44,398 - DEBUG - Parsed GeoTransform - x_origin: -88.52104993938036, pixel_width: 2.9913898961180066e-06, y_origin: 44.249821029329524, pixel_height: -2.9913898961180066e-06
2024-12-26 21:03:44,398 - DEBUG - Computed pixel coordinates before clamping - x_pixel: 121, y_pixel: 161
2024-12-26 21:03:44,398 - DEBUG - Clamped pixel coordinates - x_pixel: 121, y_pixel: 161
2024-12-26 21:03:44,398 - DEBUG - Converting geo-coordinates to pixel coordinates:
2024-12-26 21:03:44,398 - DEBUG - Inputs - lon: -88.52071926863627, lat: 44.24940879926285, geo_transform: [-88.52104993938036, 2.9913898961180066e-06, 0.0, 44.249821029329524, 0.0, -2.9913898961180066e-06], image_width: 512, image_height: 512
2024-12-26 21:03:44,398 - DEBUG - Parsed GeoTransform - x_origin: -88.52104993938036, pixel_width: 2.9913898961180066e-06, y_origin: 44.249821029329524, pixel_height: -2.9913898961180066e-06
2024-12-26 21:03:44,398 - DEBUG - Computed pixel coordinates before clamping - x_pixel: 110, y_pixel: 137
2024-12-26 21:03:44,398 - DEBUG - Clamped pixel coordinates - x_pixel: 110, y_pixel: 137
2024-12-26 21:03:44,398 - DEBUG - Converting geo-coordinates to pixel coordinates:
2024-12-26 21:03:44,398 - DEBUG - Inputs - lon: -88.52064961154102, lat: 44.249398262895504, geo_transform: [-88.52104993938036, 2.9913898961180066e-06, 0.0, 44.249821029329524, 0.0, -2.9913898961180066e-06], image_width: 512, image_height: 512
2024-12-26 21:03:44,398 - DEBUG - Parsed GeoTransform - x_origin: -88.52104993938036, pixel_width: 2.9913898961180066e-06, y_origin: 44.249821029329524, pixel_height: -2.9913898961180066e-06
2024-12-26 21:03:44,398 - DEBUG - Computed pixel coordinates before clamping - x_pixel: 133, y_pixel: 141
2024-12-26 21:03:44,398 - DEBUG - Clamped pixel coordinates - x_pixel: 133, y_pixel: 141
2024-12-26 21:03:44,398 - DEBUG - Pixel Coordinates: [(133, 141), (150, 152), (121, 161), (110, 137), (133, 141)] ... (showing first 5 for brevity)
2024-12-26 21:03:44,398 - DEBUG - Pixel Bounding Box: x_min=110, x_max=150, y_min=137, y_max=161
2024-12-26 21:03:44,399 - DEBUG - Pixel bounding box: (110, 137, 150, 161)
2024-12-26 21:03:44,399 - DEBUG - Input is a list. Converting to tensor.
2024-12-26 21:03:44,399 - DEBUG - Input Bounding Boxes (Corner Format): tensor([[110., 137., 150., 161.]])
2024-12-26 21:03:44,399 - DEBUG - x_min: 110.0, y_min: 137.0, x_max: 150.0, y_max: 161.0
2024-12-26 21:03:44,399 - DEBUG - Converted Bounding Boxes (Center Format): tensor([[130., 149.,  40.,  24.]])
2024-12-26 21:03:44,400 - DEBUG - Normalized bounding box (cx, cy, w, h): tensor([[130., 149.,  40.,  24.]])
2024-12-26 21:03:44,401 - DEBUG - Processed image tensor shape: torch.Size([3, 512, 512])
2024-12-26 21:03:44,401 - DEBUG - Processed bounding box tensor: tensor([[130., 149.,  40.,  24.]])
2024-12-26 21:03:44,401 - DEBUG - Processing index 1821:
2024-12-26 21:03:44,401 - DEBUG - Image path: ./data/raw/train/PS-RGB_tiled/23_104001002E8B7900_tile_1967.png
2024-12-26 21:03:44,401 - DEBUG - Label path: ./data/raw/train/geojson_aircraft_tiled/23_104001002E8B7900_tile_1967.geojson
2024-12-26 21:03:44,402 - DEBUG - Auxiliary path: ./data/raw/train/PS-RGB_tiled/23_104001002E8B7900_tile_1967.png.aux.xml
2024-12-26 21:03:44,402 - DEBUG - Parsing GeoTransform from: ./data/raw/train/PS-RGB_tiled/23_104001002E8B7900_tile_1967.png.aux.xml
2024-12-26 21:03:44,402 - DEBUG - GeoTransform parsed: [12.257602351707758, 2.9594497971230977e-06, 0.0, 41.79750956973231, 0.0, -2.9594497971230977e-06]
2024-12-26 21:03:44,402 - DEBUG - Reading GeoJSON from: ./data/raw/train/geojson_aircraft_tiled/23_104001002E8B7900_tile_1967.geojson
2024-12-26 21:03:44,402 - DEBUG - First feature coordinates: [[[12.257857997369676, 41.79656011733281], [12.257602351707758, 41.79651309221105], [12.257602351707758, 41.79674915455877], [12.257724006624818, 41.79677900297708], [12.257857997369676, 41.79656011733281]]]
2024-12-26 21:03:44,402 - DEBUG - Feature properties: {'loc_id': 23, 'cat_id': '104001002E8B7900', 'location': 'Viale di Porto, Focene, Fiumicino, RM, Lazio, 00054, Italy', 'role': 'Medium Civil Transport/Utility', 'role_id': 2, 'is_plane': 1, 'num_engines': 2, 'propulsion': 'jet', 'canards': 'no', 'num_tail_fins': 1, 'wing_position': 'mid/low mounted', 'wing_type': 'swept', 'length': 37.94333726351692, 'wingspan': 33.74042755434192, 'area': 639.9571248225582, 'faa_wingspan_class': 3, 'Public_Train': 1, 'Public_Test': 0, 'partialDec': 0.6564824429839538, 'truncated': 1, 'new_area': 420.1206167085}
2024-12-26 21:03:44,403 - DEBUG - GeoJSON Coords: [(12.257857997369676, 41.79656011733281), (12.257602351707758, 41.79651309221105), (12.257602351707758, 41.79674915455877), (12.257724006624818, 41.79677900297708), (12.257857997369676, 41.79656011733281)]
2024-12-26 21:03:44,403 - DEBUG - GeoJSON Features: [37.94333726351692, 33.74042755434192, 639.9571248225582, 1, 1, 0, 2, 1, 3]
2024-12-26 21:03:44,403 - DEBUG - Parsed GeoTransform: [12.257602351707758, 2.9594497971230977e-06, 0.0, 41.79750956973231, 0.0, -2.9594497971230977e-06]
2024-12-26 21:03:44,403 - DEBUG - Parsed GeoJSON coordinates: [(12.257857997369676, 41.79656011733281), (12.257602351707758, 41.79651309221105), (12.257602351707758, 41.79674915455877), (12.257724006624818, 41.79677900297708), (12.257857997369676, 41.79656011733281)]
2024-12-26 21:03:44,403 - DEBUG - STREAM b'IHDR' 16 13
2024-12-26 21:03:44,403 - DEBUG - STREAM b'tRNS' 41 6
2024-12-26 21:03:44,403 - DEBUG - STREAM b'IDAT' 59 8192
2024-12-26 21:03:44,414 - DEBUG - Loaded image size: 512x512
2024-12-26 21:03:44,414 - DEBUG - Converting GeoJSON to pixel bounding boxes.
2024-12-26 21:03:44,414 - DEBUG - Input Coordinates: [(12.257857997369676, 41.79656011733281), (12.257602351707758, 41.79651309221105), (12.257602351707758, 41.79674915455877), (12.257724006624818, 41.79677900297708), (12.257857997369676, 41.79656011733281)] ... (showing first 5 for brevity)
2024-12-26 21:03:44,414 - DEBUG - GeoTransform: [12.257602351707758, 2.9594497971230977e-06, 0.0, 41.79750956973231, 0.0, -2.9594497971230977e-06]
2024-12-26 21:03:44,414 - DEBUG - Image Dimensions: width=512, height=512
2024-12-26 21:03:44,414 - DEBUG - Converting geo-coordinates to pixel coordinates:
2024-12-26 21:03:44,415 - DEBUG - Inputs - lon: 12.257857997369676, lat: 41.79656011733281, geo_transform: [12.257602351707758, 2.9594497971230977e-06, 0.0, 41.79750956973231, 0.0, -2.9594497971230977e-06], image_width: 512, image_height: 512
2024-12-26 21:03:44,415 - DEBUG - Parsed GeoTransform - x_origin: 12.257602351707758, pixel_width: 2.9594497971230977e-06, y_origin: 41.79750956973231, pixel_height: -2.9594497971230977e-06
2024-12-26 21:03:44,415 - DEBUG - Computed pixel coordinates before clamping - x_pixel: 86, y_pixel: 320
2024-12-26 21:03:44,415 - DEBUG - Clamped pixel coordinates - x_pixel: 86, y_pixel: 320
2024-12-26 21:03:44,415 - DEBUG - Converting geo-coordinates to pixel coordinates:
2024-12-26 21:03:44,415 - DEBUG - Inputs - lon: 12.257602351707758, lat: 41.79651309221105, geo_transform: [12.257602351707758, 2.9594497971230977e-06, 0.0, 41.79750956973231, 0.0, -2.9594497971230977e-06], image_width: 512, image_height: 512
2024-12-26 21:03:44,415 - DEBUG - Parsed GeoTransform - x_origin: 12.257602351707758, pixel_width: 2.9594497971230977e-06, y_origin: 41.79750956973231, pixel_height: -2.9594497971230977e-06
2024-12-26 21:03:44,415 - DEBUG - Computed pixel coordinates before clamping - x_pixel: 0, y_pixel: 336
2024-12-26 21:03:44,415 - DEBUG - Clamped pixel coordinates - x_pixel: 0, y_pixel: 336
2024-12-26 21:03:44,415 - DEBUG - Converting geo-coordinates to pixel coordinates:
2024-12-26 21:03:44,415 - DEBUG - Inputs - lon: 12.257602351707758, lat: 41.79674915455877, geo_transform: [12.257602351707758, 2.9594497971230977e-06, 0.0, 41.79750956973231, 0.0, -2.9594497971230977e-06], image_width: 512, image_height: 512
2024-12-26 21:03:44,415 - DEBUG - Parsed GeoTransform - x_origin: 12.257602351707758, pixel_width: 2.9594497971230977e-06, y_origin: 41.79750956973231, pixel_height: -2.9594497971230977e-06
2024-12-26 21:03:44,415 - DEBUG - Computed pixel coordinates before clamping - x_pixel: 0, y_pixel: 256
2024-12-26 21:03:44,415 - DEBUG - Clamped pixel coordinates - x_pixel: 0, y_pixel: 256
2024-12-26 21:03:44,416 - DEBUG - Converting geo-coordinates to pixel coordinates:
2024-12-26 21:03:44,416 - DEBUG - Inputs - lon: 12.257724006624818, lat: 41.79677900297708, geo_transform: [12.257602351707758, 2.9594497971230977e-06, 0.0, 41.79750956973231, 0.0, -2.9594497971230977e-06], image_width: 512, image_height: 512
2024-12-26 21:03:44,416 - DEBUG - Parsed GeoTransform - x_origin: 12.257602351707758, pixel_width: 2.9594497971230977e-06, y_origin: 41.79750956973231, pixel_height: -2.9594497971230977e-06
2024-12-26 21:03:44,416 - DEBUG - Computed pixel coordinates before clamping - x_pixel: 41, y_pixel: 246
2024-12-26 21:03:44,416 - DEBUG - Clamped pixel coordinates - x_pixel: 41, y_pixel: 246
2024-12-26 21:03:44,416 - DEBUG - Converting geo-coordinates to pixel coordinates:
2024-12-26 21:03:44,416 - DEBUG - Inputs - lon: 12.257857997369676, lat: 41.79656011733281, geo_transform: [12.257602351707758, 2.9594497971230977e-06, 0.0, 41.79750956973231, 0.0, -2.9594497971230977e-06], image_width: 512, image_height: 512
2024-12-26 21:03:44,416 - DEBUG - Parsed GeoTransform - x_origin: 12.257602351707758, pixel_width: 2.9594497971230977e-06, y_origin: 41.79750956973231, pixel_height: -2.9594497971230977e-06
2024-12-26 21:03:44,416 - DEBUG - Computed pixel coordinates before clamping - x_pixel: 86, y_pixel: 320
2024-12-26 21:03:44,416 - DEBUG - Clamped pixel coordinates - x_pixel: 86, y_pixel: 320
2024-12-26 21:03:44,416 - DEBUG - Pixel Coordinates: [(86, 320), (0, 336), (0, 256), (41, 246), (86, 320)] ... (showing first 5 for brevity)
2024-12-26 21:03:44,416 - DEBUG - Pixel Bounding Box: x_min=0, x_max=86, y_min=246, y_max=336
2024-12-26 21:03:44,416 - DEBUG - Pixel bounding box: (0, 246, 86, 336)
2024-12-26 21:03:44,417 - DEBUG - Input is a list. Converting to tensor.
2024-12-26 21:03:44,417 - DEBUG - Input Bounding Boxes (Corner Format): tensor([[  0., 246.,  86., 336.]])
2024-12-26 21:03:44,417 - DEBUG - x_min: 0.0, y_min: 246.0, x_max: 86.0, y_max: 336.0
2024-12-26 21:03:44,417 - DEBUG - Converted Bounding Boxes (Center Format): tensor([[ 43., 291.,  86.,  90.]])
2024-12-26 21:03:44,418 - DEBUG - Normalized bounding box (cx, cy, w, h): tensor([[ 43., 291.,  86.,  90.]])
2024-12-26 21:03:44,419 - DEBUG - Processed image tensor shape: torch.Size([3, 512, 512])
2024-12-26 21:03:44,419 - DEBUG - Processed bounding box tensor: tensor([[ 43., 291.,  86.,  90.]])
2024-12-26 21:03:44,419 - DEBUG - Processing index 5483:
2024-12-26 21:03:44,419 - DEBUG - Image path: ./data/raw/train/PS-RGB_tiled/96_10400100096C2500_tile_655.png
2024-12-26 21:03:44,419 - DEBUG - Label path: ./data/raw/train/geojson_aircraft_tiled/96_10400100096C2500_tile_655.geojson
2024-12-26 21:03:44,419 - DEBUG - Auxiliary path: ./data/raw/train/PS-RGB_tiled/96_10400100096C2500_tile_655.png.aux.xml
2024-12-26 21:03:44,419 - DEBUG - Parsing GeoTransform from: ./data/raw/train/PS-RGB_tiled/96_10400100096C2500_tile_655.png.aux.xml
2024-12-26 21:03:44,420 - DEBUG - GeoTransform parsed: [-147.86451665235808, 3.4270728089159745e-06, 0.0, 64.81990643968741, 0.0, -3.4270728089159745e-06]
2024-12-26 21:03:44,420 - DEBUG - Reading GeoJSON from: ./data/raw/train/geojson_aircraft_tiled/96_10400100096C2500_tile_655.geojson
2024-12-26 21:03:44,420 - DEBUG - First feature coordinates: [[[-147.86365386263802, 64.81956216707553], [-147.86372940123795, 64.81952579663853], [-147.8637853557564, 64.81960320038907], [-147.8635923126677, 64.81961392500511], [-147.86365386263802, 64.81956216707553]]]
2024-12-26 21:03:44,420 - DEBUG - Feature properties: {'loc_id': 96, 'cat_id': '10400100096C2500', 'location': 'Fairbanks International Airport, Old Airport Way, Broadmoor, Fairbanks North Star, Alaska, 99709, USA', 'role': 'Small Civil Transport/Utility', 'role_id': 1, 'is_plane': 1, 'num_engines': 1, 'propulsion': 'propeller', 'canards': 'no', 'num_tail_fins': 1, 'wing_position': 'high mounted', 'wing_type': 'straight', 'length': 7.738485879800233, 'wingspan': 11.78236947497102, 'area': 45.53846110597456, 'faa_wingspan_class': 1, 'Public_Train': 1, 'Public_Test': 0, 'partialDec': 1.0, 'truncated': 0, 'new_area': 45.53846110597456}
2024-12-26 21:03:44,420 - DEBUG - GeoJSON Coords: [(-147.86365386263802, 64.81956216707553), (-147.86372940123795, 64.81952579663853), (-147.8637853557564, 64.81960320038907), (-147.8635923126677, 64.81961392500511), (-147.86365386263802, 64.81956216707553)]
2024-12-26 21:03:44,420 - DEBUG - GeoJSON Features: [7.738485879800233, 11.78236947497102, 45.53846110597456, 0, 0, 0, 1, 1, 1]
2024-12-26 21:03:44,421 - DEBUG - Parsed GeoTransform: [-147.86451665235808, 3.4270728089159745e-06, 0.0, 64.81990643968741, 0.0, -3.4270728089159745e-06]
2024-12-26 21:03:44,421 - DEBUG - Parsed GeoJSON coordinates: [(-147.86365386263802, 64.81956216707553), (-147.86372940123795, 64.81952579663853), (-147.8637853557564, 64.81960320038907), (-147.8635923126677, 64.81961392500511), (-147.86365386263802, 64.81956216707553)]
2024-12-26 21:03:44,421 - DEBUG - STREAM b'IHDR' 16 13
2024-12-26 21:03:44,421 - DEBUG - STREAM b'tRNS' 41 6
2024-12-26 21:03:44,421 - DEBUG - STREAM b'IDAT' 59 8192
2024-12-26 21:03:44,431 - DEBUG - Loaded image size: 512x512
2024-12-26 21:03:44,431 - DEBUG - Converting GeoJSON to pixel bounding boxes.
2024-12-26 21:03:44,431 - DEBUG - Input Coordinates: [(-147.86365386263802, 64.81956216707553), (-147.86372940123795, 64.81952579663853), (-147.8637853557564, 64.81960320038907), (-147.8635923126677, 64.81961392500511), (-147.86365386263802, 64.81956216707553)] ... (showing first 5 for brevity)
2024-12-26 21:03:44,431 - DEBUG - GeoTransform: [-147.86451665235808, 3.4270728089159745e-06, 0.0, 64.81990643968741, 0.0, -3.4270728089159745e-06]
2024-12-26 21:03:44,431 - DEBUG - Image Dimensions: width=512, height=512
2024-12-26 21:03:44,431 - DEBUG - Converting geo-coordinates to pixel coordinates:
2024-12-26 21:03:44,431 - DEBUG - Inputs - lon: -147.86365386263802, lat: 64.81956216707553, geo_transform: [-147.86451665235808, 3.4270728089159745e-06, 0.0, 64.81990643968741, 0.0, -3.4270728089159745e-06], image_width: 512, image_height: 512
2024-12-26 21:03:44,431 - DEBUG - Parsed GeoTransform - x_origin: -147.86451665235808, pixel_width: 3.4270728089159745e-06, y_origin: 64.81990643968741, pixel_height: -3.4270728089159745e-06
2024-12-26 21:03:44,431 - DEBUG - Computed pixel coordinates before clamping - x_pixel: 251, y_pixel: 100
2024-12-26 21:03:44,431 - DEBUG - Clamped pixel coordinates - x_pixel: 251, y_pixel: 100
2024-12-26 21:03:44,431 - DEBUG - Converting geo-coordinates to pixel coordinates:
2024-12-26 21:03:44,431 - DEBUG - Inputs - lon: -147.86372940123795, lat: 64.81952579663853, geo_transform: [-147.86451665235808, 3.4270728089159745e-06, 0.0, 64.81990643968741, 0.0, -3.4270728089159745e-06], image_width: 512, image_height: 512
2024-12-26 21:03:44,432 - DEBUG - Parsed GeoTransform - x_origin: -147.86451665235808, pixel_width: 3.4270728089159745e-06, y_origin: 64.81990643968741, pixel_height: -3.4270728089159745e-06
2024-12-26 21:03:44,432 - DEBUG - Computed pixel coordinates before clamping - x_pixel: 229, y_pixel: 111
2024-12-26 21:03:44,432 - DEBUG - Clamped pixel coordinates - x_pixel: 229, y_pixel: 111
2024-12-26 21:03:44,432 - DEBUG - Converting geo-coordinates to pixel coordinates:
2024-12-26 21:03:44,432 - DEBUG - Inputs - lon: -147.8637853557564, lat: 64.81960320038907, geo_transform: [-147.86451665235808, 3.4270728089159745e-06, 0.0, 64.81990643968741, 0.0, -3.4270728089159745e-06], image_width: 512, image_height: 512
2024-12-26 21:03:44,432 - DEBUG - Parsed GeoTransform - x_origin: -147.86451665235808, pixel_width: 3.4270728089159745e-06, y_origin: 64.81990643968741, pixel_height: -3.4270728089159745e-06
2024-12-26 21:03:44,432 - DEBUG - Computed pixel coordinates before clamping - x_pixel: 213, y_pixel: 88
2024-12-26 21:03:44,432 - DEBUG - Clamped pixel coordinates - x_pixel: 213, y_pixel: 88
2024-12-26 21:03:44,432 - DEBUG - Converting geo-coordinates to pixel coordinates:
2024-12-26 21:03:44,432 - DEBUG - Inputs - lon: -147.8635923126677, lat: 64.81961392500511, geo_transform: [-147.86451665235808, 3.4270728089159745e-06, 0.0, 64.81990643968741, 0.0, -3.4270728089159745e-06], image_width: 512, image_height: 512
2024-12-26 21:03:44,432 - DEBUG - Parsed GeoTransform - x_origin: -147.86451665235808, pixel_width: 3.4270728089159745e-06, y_origin: 64.81990643968741, pixel_height: -3.4270728089159745e-06
2024-12-26 21:03:44,432 - DEBUG - Computed pixel coordinates before clamping - x_pixel: 269, y_pixel: 85
2024-12-26 21:03:44,432 - DEBUG - Clamped pixel coordinates - x_pixel: 269, y_pixel: 85
2024-12-26 21:03:44,432 - DEBUG - Converting geo-coordinates to pixel coordinates:
2024-12-26 21:03:44,433 - DEBUG - Inputs - lon: -147.86365386263802, lat: 64.81956216707553, geo_transform: [-147.86451665235808, 3.4270728089159745e-06, 0.0, 64.81990643968741, 0.0, -3.4270728089159745e-06], image_width: 512, image_height: 512
2024-12-26 21:03:44,433 - DEBUG - Parsed GeoTransform - x_origin: -147.86451665235808, pixel_width: 3.4270728089159745e-06, y_origin: 64.81990643968741, pixel_height: -3.4270728089159745e-06
2024-12-26 21:03:44,433 - DEBUG - Computed pixel coordinates before clamping - x_pixel: 251, y_pixel: 100
2024-12-26 21:03:44,433 - DEBUG - Clamped pixel coordinates - x_pixel: 251, y_pixel: 100
2024-12-26 21:03:44,433 - DEBUG - Pixel Coordinates: [(251, 100), (229, 111), (213, 88), (269, 85), (251, 100)] ... (showing first 5 for brevity)
2024-12-26 21:03:44,433 - DEBUG - Pixel Bounding Box: x_min=213, x_max=269, y_min=85, y_max=111
2024-12-26 21:03:44,433 - DEBUG - Pixel bounding box: (213, 85, 269, 111)
2024-12-26 21:03:44,433 - DEBUG - Input is a list. Converting to tensor.
2024-12-26 21:03:44,433 - DEBUG - Input Bounding Boxes (Corner Format): tensor([[213.,  85., 269., 111.]])
2024-12-26 21:03:44,434 - DEBUG - x_min: 213.0, y_min: 85.0, x_max: 269.0, y_max: 111.0
2024-12-26 21:03:44,434 - DEBUG - Converted Bounding Boxes (Center Format): tensor([[241.,  98.,  56.,  26.]])
2024-12-26 21:03:44,434 - DEBUG - Normalized bounding box (cx, cy, w, h): tensor([[241.,  98.,  56.,  26.]])
2024-12-26 21:03:44,435 - DEBUG - Processed image tensor shape: torch.Size([3, 512, 512])
2024-12-26 21:03:44,435 - DEBUG - Processed bounding box tensor: tensor([[241.,  98.,  56.,  26.]])
2024-12-26 21:03:44,435 - DEBUG - Processing index 5084:
2024-12-26 21:03:44,436 - DEBUG - Image path: ./data/raw/train/PS-RGB_tiled/88_10400100480E4300_tile_239.png
2024-12-26 21:03:44,436 - DEBUG - Label path: ./data/raw/train/geojson_aircraft_tiled/88_10400100480E4300_tile_239.geojson
2024-12-26 21:03:44,436 - DEBUG - Auxiliary path: ./data/raw/train/PS-RGB_tiled/88_10400100480E4300_tile_239.png.aux.xml
2024-12-26 21:03:44,436 - DEBUG - Parsing GeoTransform from: ./data/raw/train/PS-RGB_tiled/88_10400100480E4300_tile_239.png.aux.xml
2024-12-26 21:03:44,436 - DEBUG - GeoTransform parsed: [-165.4467875952885, 2.9105415205472495e-06, 0.0, 64.50716582719953, 0.0, -2.9105415205472495e-06]
2024-12-26 21:03:44,436 - DEBUG - Reading GeoJSON from: ./data/raw/train/geojson_aircraft_tiled/88_10400100480E4300_tile_239.geojson
2024-12-26 21:03:44,437 - DEBUG - First feature coordinates: [[[-165.4467672040426, 64.50664779977794], [-165.4467875952885, 64.50666749388722], [-165.4467875952885, 64.50673448730642], [-165.44661823311915, 64.50674759583345], [-165.44657628984942, 64.50663767554042], [-165.4467672040426, 64.50664779977794]]]
2024-12-26 21:03:44,437 - DEBUG - Feature properties: {'loc_id': 88, 'cat_id': '10400100480E4300', 'location': 'Construction Road, Nome, Alaska, 99762, USA', 'role': 'Medium Civil Transport/Utility', 'role_id': 2, 'is_plane': 1, 'num_engines': 1, 'propulsion': 'propeller', 'canards': 'no', 'num_tail_fins': 1, 'wing_position': 'mid/low mounted', 'wing_type': 'straight', 'length': 13.223813711201407, 'wingspan': 16.728375949495426, 'area': 110.19076673365618, 'faa_wingspan_class': 2, 'Public_Train': 1, 'Public_Test': 0, 'partialDec': 0.8955212432629784, 'truncated': 1, 'new_area': 98.67817242142462}
2024-12-26 21:03:44,437 - DEBUG - GeoJSON Coords: [(-165.4467672040426, 64.50664779977794), (-165.4467875952885, 64.50666749388722), (-165.4467875952885, 64.50673448730642), (-165.44661823311915, 64.50674759583345), (-165.44657628984942, 64.50663767554042), (-165.4467672040426, 64.50664779977794)]
2024-12-26 21:03:44,437 - DEBUG - GeoJSON Features: [13.223813711201407, 16.728375949495426, 110.19076673365618, 0, 1, 0, 1, 1, 2]
2024-12-26 21:03:44,437 - DEBUG - Parsed GeoTransform: [-165.4467875952885, 2.9105415205472495e-06, 0.0, 64.50716582719953, 0.0, -2.9105415205472495e-06]
2024-12-26 21:03:44,437 - DEBUG - Parsed GeoJSON coordinates: [(-165.4467672040426, 64.50664779977794), (-165.4467875952885, 64.50666749388722), (-165.4467875952885, 64.50673448730642), (-165.44661823311915, 64.50674759583345), (-165.44657628984942, 64.50663767554042), (-165.4467672040426, 64.50664779977794)]
2024-12-26 21:03:44,437 - DEBUG - STREAM b'IHDR' 16 13
2024-12-26 21:03:44,437 - DEBUG - STREAM b'tRNS' 41 6
2024-12-26 21:03:44,438 - DEBUG - STREAM b'IDAT' 59 8192
2024-12-26 21:03:44,447 - DEBUG - Loaded image size: 512x512
2024-12-26 21:03:44,447 - DEBUG - Converting GeoJSON to pixel bounding boxes.
2024-12-26 21:03:44,447 - DEBUG - Input Coordinates: [(-165.4467672040426, 64.50664779977794), (-165.4467875952885, 64.50666749388722), (-165.4467875952885, 64.50673448730642), (-165.44661823311915, 64.50674759583345), (-165.44657628984942, 64.50663767554042)] ... (showing first 5 for brevity)
2024-12-26 21:03:44,448 - DEBUG - GeoTransform: [-165.4467875952885, 2.9105415205472495e-06, 0.0, 64.50716582719953, 0.0, -2.9105415205472495e-06]
2024-12-26 21:03:44,448 - DEBUG - Image Dimensions: width=512, height=512
2024-12-26 21:03:44,448 - DEBUG - Converting geo-coordinates to pixel coordinates:
2024-12-26 21:03:44,448 - DEBUG - Inputs - lon: -165.4467672040426, lat: 64.50664779977794, geo_transform: [-165.4467875952885, 2.9105415205472495e-06, 0.0, 64.50716582719953, 0.0, -2.9105415205472495e-06], image_width: 512, image_height: 512
2024-12-26 21:03:44,448 - DEBUG - Parsed GeoTransform - x_origin: -165.4467875952885, pixel_width: 2.9105415205472495e-06, y_origin: 64.50716582719953, pixel_height: -2.9105415205472495e-06
2024-12-26 21:03:44,448 - DEBUG - Computed pixel coordinates before clamping - x_pixel: 7, y_pixel: 177
2024-12-26 21:03:44,448 - DEBUG - Clamped pixel coordinates - x_pixel: 7, y_pixel: 177
2024-12-26 21:03:44,448 - DEBUG - Converting geo-coordinates to pixel coordinates:
2024-12-26 21:03:44,448 - DEBUG - Inputs - lon: -165.4467875952885, lat: 64.50666749388722, geo_transform: [-165.4467875952885, 2.9105415205472495e-06, 0.0, 64.50716582719953, 0.0, -2.9105415205472495e-06], image_width: 512, image_height: 512
2024-12-26 21:03:44,448 - DEBUG - Parsed GeoTransform - x_origin: -165.4467875952885, pixel_width: 2.9105415205472495e-06, y_origin: 64.50716582719953, pixel_height: -2.9105415205472495e-06
2024-12-26 21:03:44,448 - DEBUG - Computed pixel coordinates before clamping - x_pixel: 0, y_pixel: 171
2024-12-26 21:03:44,448 - DEBUG - Clamped pixel coordinates - x_pixel: 0, y_pixel: 171
2024-12-26 21:03:44,448 - DEBUG - Converting geo-coordinates to pixel coordinates:
2024-12-26 21:03:44,449 - DEBUG - Inputs - lon: -165.4467875952885, lat: 64.50673448730642, geo_transform: [-165.4467875952885, 2.9105415205472495e-06, 0.0, 64.50716582719953, 0.0, -2.9105415205472495e-06], image_width: 512, image_height: 512
2024-12-26 21:03:44,449 - DEBUG - Parsed GeoTransform - x_origin: -165.4467875952885, pixel_width: 2.9105415205472495e-06, y_origin: 64.50716582719953, pixel_height: -2.9105415205472495e-06
2024-12-26 21:03:44,449 - DEBUG - Computed pixel coordinates before clamping - x_pixel: 0, y_pixel: 148
2024-12-26 21:03:44,449 - DEBUG - Clamped pixel coordinates - x_pixel: 0, y_pixel: 148
2024-12-26 21:03:44,449 - DEBUG - Converting geo-coordinates to pixel coordinates:
2024-12-26 21:03:44,449 - DEBUG - Inputs - lon: -165.44661823311915, lat: 64.50674759583345, geo_transform: [-165.4467875952885, 2.9105415205472495e-06, 0.0, 64.50716582719953, 0.0, -2.9105415205472495e-06], image_width: 512, image_height: 512
2024-12-26 21:03:44,449 - DEBUG - Parsed GeoTransform - x_origin: -165.4467875952885, pixel_width: 2.9105415205472495e-06, y_origin: 64.50716582719953, pixel_height: -2.9105415205472495e-06
2024-12-26 21:03:44,449 - DEBUG - Computed pixel coordinates before clamping - x_pixel: 58, y_pixel: 143
2024-12-26 21:03:44,449 - DEBUG - Clamped pixel coordinates - x_pixel: 58, y_pixel: 143
2024-12-26 21:03:44,449 - DEBUG - Converting geo-coordinates to pixel coordinates:
2024-12-26 21:03:44,449 - DEBUG - Inputs - lon: -165.44657628984942, lat: 64.50663767554042, geo_transform: [-165.4467875952885, 2.9105415205472495e-06, 0.0, 64.50716582719953, 0.0, -2.9105415205472495e-06], image_width: 512, image_height: 512
2024-12-26 21:03:44,449 - DEBUG - Parsed GeoTransform - x_origin: -165.4467875952885, pixel_width: 2.9105415205472495e-06, y_origin: 64.50716582719953, pixel_height: -2.9105415205472495e-06
2024-12-26 21:03:44,449 - DEBUG - Computed pixel coordinates before clamping - x_pixel: 72, y_pixel: 181
2024-12-26 21:03:44,449 - DEBUG - Clamped pixel coordinates - x_pixel: 72, y_pixel: 181
2024-12-26 21:03:44,449 - DEBUG - Converting geo-coordinates to pixel coordinates:
2024-12-26 21:03:44,450 - DEBUG - Inputs - lon: -165.4467672040426, lat: 64.50664779977794, geo_transform: [-165.4467875952885, 2.9105415205472495e-06, 0.0, 64.50716582719953, 0.0, -2.9105415205472495e-06], image_width: 512, image_height: 512
2024-12-26 21:03:44,450 - DEBUG - Parsed GeoTransform - x_origin: -165.4467875952885, pixel_width: 2.9105415205472495e-06, y_origin: 64.50716582719953, pixel_height: -2.9105415205472495e-06
2024-12-26 21:03:44,450 - DEBUG - Computed pixel coordinates before clamping - x_pixel: 7, y_pixel: 177
2024-12-26 21:03:44,450 - DEBUG - Clamped pixel coordinates - x_pixel: 7, y_pixel: 177
2024-12-26 21:03:44,450 - DEBUG - Pixel Coordinates: [(7, 177), (0, 171), (0, 148), (58, 143), (72, 181)] ... (showing first 5 for brevity)
2024-12-26 21:03:44,450 - DEBUG - Pixel Bounding Box: x_min=0, x_max=72, y_min=143, y_max=181
2024-12-26 21:03:44,450 - DEBUG - Pixel bounding box: (0, 143, 72, 181)
2024-12-26 21:03:44,450 - DEBUG - Input is a list. Converting to tensor.
2024-12-26 21:03:44,450 - DEBUG - Input Bounding Boxes (Corner Format): tensor([[  0., 143.,  72., 181.]])
2024-12-26 21:03:44,451 - DEBUG - x_min: 0.0, y_min: 143.0, x_max: 72.0, y_max: 181.0
2024-12-26 21:03:44,451 - DEBUG - Converted Bounding Boxes (Center Format): tensor([[ 36., 162.,  72.,  38.]])
2024-12-26 21:03:44,451 - DEBUG - Normalized bounding box (cx, cy, w, h): tensor([[ 36., 162.,  72.,  38.]])
2024-12-26 21:03:44,453 - DEBUG - Processed image tensor shape: torch.Size([3, 512, 512])
2024-12-26 21:03:44,453 - DEBUG - Processed bounding box tensor: tensor([[ 36., 162.,  72.,  38.]])
2024-12-26 21:03:44,453 - DEBUG - Processing index 1007:
2024-12-26 21:03:44,454 - DEBUG - Image path: ./data/raw/train/PS-RGB_tiled/128_104001004215BF00_tile_1713.png
2024-12-26 21:03:44,454 - DEBUG - Label path: ./data/raw/train/geojson_aircraft_tiled/128_104001004215BF00_tile_1713.geojson
2024-12-26 21:03:44,454 - DEBUG - Auxiliary path: ./data/raw/train/PS-RGB_tiled/128_104001004215BF00_tile_1713.png.aux.xml
2024-12-26 21:03:44,454 - DEBUG - Parsing GeoTransform from: ./data/raw/train/PS-RGB_tiled/128_104001004215BF00_tile_1713.png.aux.xml
2024-12-26 21:03:44,454 - DEBUG - GeoTransform parsed: [-90.36406601509309, 3.0991877302123487e-06, 0.0, 38.74441771089703, 0.0, -3.0991877302123487e-06]
2024-12-26 21:03:44,454 - DEBUG - Reading GeoJSON from: ./data/raw/train/geojson_aircraft_tiled/128_104001004215BF00_tile_1713.geojson
2024-12-26 21:03:44,455 - DEBUG - First feature coordinates: [[[-90.36353600814286, 38.74283092677916], [-90.36362505457375, 38.74287374611115], [-90.36355730387055, 38.7430332880896], [-90.36339229812572, 38.74297682917029], [-90.36340199094192, 38.74283092677916], [-90.36353600814286, 38.74283092677916]]]
2024-12-26 21:03:44,455 - DEBUG - Feature properties: {'loc_id': 128, 'cat_id': '104001004215BF00', 'location': 'St. Louis Lambert International Airport, 10701, Lambert International Boulevard, St. Ann, Saint Louis County, Missouri, 63145, USA', 'role': 'Medium Civil Transport/Utility', 'role_id': 2, 'is_plane': 1, 'num_engines': 2, 'propulsion': 'jet', 'canards': 'no', 'num_tail_fins': 1, 'wing_position': 'mid/low mounted', 'wing_type': 'swept', 'length': 32.20862716944038, 'wingspan': 23.252868731314486, 'area': 372.8090341708237, 'faa_wingspan_class': 2, 'Public_Train': 1, 'Public_Test': 0, 'partialDec': 0.8916161837371442, 'truncated': 1, 'new_area': 332.4025683101204}
2024-12-26 21:03:44,455 - DEBUG - GeoJSON Coords: [(-90.36353600814286, 38.74283092677916), (-90.36362505457375, 38.74287374611115), (-90.36355730387055, 38.7430332880896), (-90.36339229812572, 38.74297682917029), (-90.36340199094192, 38.74283092677916), (-90.36353600814286, 38.74283092677916)]
2024-12-26 21:03:44,455 - DEBUG - GeoJSON Features: [32.20862716944038, 23.252868731314486, 372.8090341708237, 1, 1, 0, 2, 1, 2]
2024-12-26 21:03:44,455 - DEBUG - Parsed GeoTransform: [-90.36406601509309, 3.0991877302123487e-06, 0.0, 38.74441771089703, 0.0, -3.0991877302123487e-06]
2024-12-26 21:03:44,455 - DEBUG - Parsed GeoJSON coordinates: [(-90.36353600814286, 38.74283092677916), (-90.36362505457375, 38.74287374611115), (-90.36355730387055, 38.7430332880896), (-90.36339229812572, 38.74297682917029), (-90.36340199094192, 38.74283092677916), (-90.36353600814286, 38.74283092677916)]
2024-12-26 21:03:44,455 - DEBUG - STREAM b'IHDR' 16 13
2024-12-26 21:03:44,455 - DEBUG - STREAM b'tRNS' 41 6
2024-12-26 21:03:44,455 - DEBUG - STREAM b'IDAT' 59 8192
2024-12-26 21:03:44,466 - DEBUG - Loaded image size: 512x512
2024-12-26 21:03:44,466 - DEBUG - Converting GeoJSON to pixel bounding boxes.
2024-12-26 21:03:44,466 - DEBUG - Input Coordinates: [(-90.36353600814286, 38.74283092677916), (-90.36362505457375, 38.74287374611115), (-90.36355730387055, 38.7430332880896), (-90.36339229812572, 38.74297682917029), (-90.36340199094192, 38.74283092677916)] ... (showing first 5 for brevity)
2024-12-26 21:03:44,466 - DEBUG - GeoTransform: [-90.36406601509309, 3.0991877302123487e-06, 0.0, 38.74441771089703, 0.0, -3.0991877302123487e-06]
2024-12-26 21:03:44,466 - DEBUG - Image Dimensions: width=512, height=512
2024-12-26 21:03:44,466 - DEBUG - Converting geo-coordinates to pixel coordinates:
2024-12-26 21:03:44,466 - DEBUG - Inputs - lon: -90.36353600814286, lat: 38.74283092677916, geo_transform: [-90.36406601509309, 3.0991877302123487e-06, 0.0, 38.74441771089703, 0.0, -3.0991877302123487e-06], image_width: 512, image_height: 512
2024-12-26 21:03:44,466 - DEBUG - Parsed GeoTransform - x_origin: -90.36406601509309, pixel_width: 3.0991877302123487e-06, y_origin: 38.74441771089703, pixel_height: -3.0991877302123487e-06
2024-12-26 21:03:44,466 - DEBUG - Computed pixel coordinates before clamping - x_pixel: 171, y_pixel: 512
2024-12-26 21:03:44,466 - DEBUG - Clamped pixel coordinates - x_pixel: 171, y_pixel: 511
2024-12-26 21:03:44,466 - DEBUG - Converting geo-coordinates to pixel coordinates:
2024-12-26 21:03:44,466 - DEBUG - Inputs - lon: -90.36362505457375, lat: 38.74287374611115, geo_transform: [-90.36406601509309, 3.0991877302123487e-06, 0.0, 38.74441771089703, 0.0, -3.0991877302123487e-06], image_width: 512, image_height: 512
2024-12-26 21:03:44,467 - DEBUG - Parsed GeoTransform - x_origin: -90.36406601509309, pixel_width: 3.0991877302123487e-06, y_origin: 38.74441771089703, pixel_height: -3.0991877302123487e-06
2024-12-26 21:03:44,467 - DEBUG - Computed pixel coordinates before clamping - x_pixel: 142, y_pixel: 498
2024-12-26 21:03:44,467 - DEBUG - Clamped pixel coordinates - x_pixel: 142, y_pixel: 498
2024-12-26 21:03:44,467 - DEBUG - Converting geo-coordinates to pixel coordinates:
2024-12-26 21:03:44,467 - DEBUG - Inputs - lon: -90.36355730387055, lat: 38.7430332880896, geo_transform: [-90.36406601509309, 3.0991877302123487e-06, 0.0, 38.74441771089703, 0.0, -3.0991877302123487e-06], image_width: 512, image_height: 512
2024-12-26 21:03:44,467 - DEBUG - Parsed GeoTransform - x_origin: -90.36406601509309, pixel_width: 3.0991877302123487e-06, y_origin: 38.74441771089703, pixel_height: -3.0991877302123487e-06
2024-12-26 21:03:44,467 - DEBUG - Computed pixel coordinates before clamping - x_pixel: 164, y_pixel: 446
2024-12-26 21:03:44,467 - DEBUG - Clamped pixel coordinates - x_pixel: 164, y_pixel: 446
2024-12-26 21:03:44,467 - DEBUG - Converting geo-coordinates to pixel coordinates:
2024-12-26 21:03:44,467 - DEBUG - Inputs - lon: -90.36339229812572, lat: 38.74297682917029, geo_transform: [-90.36406601509309, 3.0991877302123487e-06, 0.0, 38.74441771089703, 0.0, -3.0991877302123487e-06], image_width: 512, image_height: 512
2024-12-26 21:03:44,467 - DEBUG - Parsed GeoTransform - x_origin: -90.36406601509309, pixel_width: 3.0991877302123487e-06, y_origin: 38.74441771089703, pixel_height: -3.0991877302123487e-06
2024-12-26 21:03:44,467 - DEBUG - Computed pixel coordinates before clamping - x_pixel: 217, y_pixel: 464
2024-12-26 21:03:44,467 - DEBUG - Clamped pixel coordinates - x_pixel: 217, y_pixel: 464
2024-12-26 21:03:44,467 - DEBUG - Converting geo-coordinates to pixel coordinates:
2024-12-26 21:03:44,468 - DEBUG - Inputs - lon: -90.36340199094192, lat: 38.74283092677916, geo_transform: [-90.36406601509309, 3.0991877302123487e-06, 0.0, 38.74441771089703, 0.0, -3.0991877302123487e-06], image_width: 512, image_height: 512
2024-12-26 21:03:44,468 - DEBUG - Parsed GeoTransform - x_origin: -90.36406601509309, pixel_width: 3.0991877302123487e-06, y_origin: 38.74441771089703, pixel_height: -3.0991877302123487e-06
2024-12-26 21:03:44,468 - DEBUG - Computed pixel coordinates before clamping - x_pixel: 214, y_pixel: 512
2024-12-26 21:03:44,468 - DEBUG - Clamped pixel coordinates - x_pixel: 214, y_pixel: 511
2024-12-26 21:03:44,468 - DEBUG - Converting geo-coordinates to pixel coordinates:
2024-12-26 21:03:44,468 - DEBUG - Inputs - lon: -90.36353600814286, lat: 38.74283092677916, geo_transform: [-90.36406601509309, 3.0991877302123487e-06, 0.0, 38.74441771089703, 0.0, -3.0991877302123487e-06], image_width: 512, image_height: 512
2024-12-26 21:03:44,468 - DEBUG - Parsed GeoTransform - x_origin: -90.36406601509309, pixel_width: 3.0991877302123487e-06, y_origin: 38.74441771089703, pixel_height: -3.0991877302123487e-06
2024-12-26 21:03:44,468 - DEBUG - Computed pixel coordinates before clamping - x_pixel: 171, y_pixel: 512
2024-12-26 21:03:44,468 - DEBUG - Clamped pixel coordinates - x_pixel: 171, y_pixel: 511
2024-12-26 21:03:44,468 - DEBUG - Pixel Coordinates: [(171, 511), (142, 498), (164, 446), (217, 464), (214, 511)] ... (showing first 5 for brevity)
2024-12-26 21:03:44,468 - DEBUG - Pixel Bounding Box: x_min=142, x_max=217, y_min=446, y_max=511
2024-12-26 21:03:44,468 - DEBUG - Pixel bounding box: (142, 446, 217, 511)
2024-12-26 21:03:44,468 - DEBUG - Input is a list. Converting to tensor.
2024-12-26 21:03:44,469 - DEBUG - Input Bounding Boxes (Corner Format): tensor([[142., 446., 217., 511.]])
2024-12-26 21:03:44,469 - DEBUG - x_min: 142.0, y_min: 446.0, x_max: 217.0, y_max: 511.0
2024-12-26 21:03:44,469 - DEBUG - Converted Bounding Boxes (Center Format): tensor([[179.5000, 478.5000,  75.0000,  65.0000]])
2024-12-26 21:03:44,469 - DEBUG - Normalized bounding box (cx, cy, w, h): tensor([[179.5000, 478.5000,  75.0000,  65.0000]])
2024-12-26 21:03:44,470 - DEBUG - Processed image tensor shape: torch.Size([3, 512, 512])
2024-12-26 21:03:44,471 - DEBUG - Processed bounding box tensor: tensor([[179.5000, 478.5000,  75.0000,  65.0000]])
2024-12-26 21:03:44,471 - DEBUG - Processing index 4860:
2024-12-26 21:03:44,471 - DEBUG - Image path: ./data/raw/train/PS-RGB_tiled/86_10400100457A8A00_tile_153.png
2024-12-26 21:03:44,471 - DEBUG - Label path: ./data/raw/train/geojson_aircraft_tiled/86_10400100457A8A00_tile_153.geojson
2024-12-26 21:03:44,471 - DEBUG - Auxiliary path: ./data/raw/train/PS-RGB_tiled/86_10400100457A8A00_tile_153.png.aux.xml
2024-12-26 21:03:44,471 - DEBUG - Parsing GeoTransform from: ./data/raw/train/PS-RGB_tiled/86_10400100457A8A00_tile_153.png.aux.xml
2024-12-26 21:03:44,472 - DEBUG - GeoTransform parsed: [-80.09965488247977, 2.988823281017956e-06, 0.0, 26.67962047365299, 0.0, -2.988823281017956e-06]
2024-12-26 21:03:44,472 - DEBUG - Reading GeoJSON from: ./data/raw/train/geojson_aircraft_tiled/86_10400100457A8A00_tile_153.geojson
2024-12-26 21:03:44,472 - DEBUG - First feature coordinates: [[[-80.09924028272626, 26.679047484066952], [-80.09947620359765, 26.67911501214246], [-80.09940098245023, 26.679266309223024], [-80.09924113751202, 26.67927571186645], [-80.09924028272626, 26.679047484066952]]]
2024-12-26 21:03:44,472 - DEBUG - Feature properties: {'loc_id': 86, 'cat_id': '10400100457A8A00', 'location': 'Palm Beach International Airport, Arrivals, West Gate, Palm Beach County, Florida, 33406-1507, USA', 'role': 'Medium Civil Transport/Utility', 'role_id': 2, 'is_plane': 1, 'num_engines': 2, 'propulsion': 'jet', 'canards': 'no', 'num_tail_fins': 1, 'wing_position': 'mid/low mounted', 'wing_type': 'swept', 'length': 29.03764152182421, 'wingspan': 29.392887645933836, 'area': 425.78330897622743, 'faa_wingspan_class': 3, 'Public_Train': 1, 'Public_Test': 0, 'partialDec': 1.0, 'truncated': 0, 'new_area': 425.78330897622743}
2024-12-26 21:03:44,472 - DEBUG - GeoJSON Coords: [(-80.09924028272626, 26.679047484066952), (-80.09947620359765, 26.67911501214246), (-80.09940098245023, 26.679266309223024), (-80.09924113751202, 26.67927571186645), (-80.09924028272626, 26.679047484066952)]
2024-12-26 21:03:44,473 - DEBUG - GeoJSON Features: [29.03764152182421, 29.392887645933836, 425.78330897622743, 1, 1, 0, 2, 1, 3]
2024-12-26 21:03:44,473 - DEBUG - Parsed GeoTransform: [-80.09965488247977, 2.988823281017956e-06, 0.0, 26.67962047365299, 0.0, -2.988823281017956e-06]
2024-12-26 21:03:44,473 - DEBUG - Parsed GeoJSON coordinates: [(-80.09924028272626, 26.679047484066952), (-80.09947620359765, 26.67911501214246), (-80.09940098245023, 26.679266309223024), (-80.09924113751202, 26.67927571186645), (-80.09924028272626, 26.679047484066952)]
2024-12-26 21:03:44,473 - DEBUG - STREAM b'IHDR' 16 13
2024-12-26 21:03:44,473 - DEBUG - STREAM b'tRNS' 41 6
2024-12-26 21:03:44,473 - DEBUG - STREAM b'IDAT' 59 8192
2024-12-26 21:03:44,484 - DEBUG - Loaded image size: 512x512
2024-12-26 21:03:44,484 - DEBUG - Converting GeoJSON to pixel bounding boxes.
2024-12-26 21:03:44,484 - DEBUG - Input Coordinates: [(-80.09924028272626, 26.679047484066952), (-80.09947620359765, 26.67911501214246), (-80.09940098245023, 26.679266309223024), (-80.09924113751202, 26.67927571186645), (-80.09924028272626, 26.679047484066952)] ... (showing first 5 for brevity)
2024-12-26 21:03:44,484 - DEBUG - GeoTransform: [-80.09965488247977, 2.988823281017956e-06, 0.0, 26.67962047365299, 0.0, -2.988823281017956e-06]
2024-12-26 21:03:44,484 - DEBUG - Image Dimensions: width=512, height=512
2024-12-26 21:03:44,484 - DEBUG - Converting geo-coordinates to pixel coordinates:
2024-12-26 21:03:44,484 - DEBUG - Inputs - lon: -80.09924028272626, lat: 26.679047484066952, geo_transform: [-80.09965488247977, 2.988823281017956e-06, 0.0, 26.67962047365299, 0.0, -2.988823281017956e-06], image_width: 512, image_height: 512
2024-12-26 21:03:44,484 - DEBUG - Parsed GeoTransform - x_origin: -80.09965488247977, pixel_width: 2.988823281017956e-06, y_origin: 26.67962047365299, pixel_height: -2.988823281017956e-06
2024-12-26 21:03:44,484 - DEBUG - Computed pixel coordinates before clamping - x_pixel: 138, y_pixel: 191
2024-12-26 21:03:44,484 - DEBUG - Clamped pixel coordinates - x_pixel: 138, y_pixel: 191
2024-12-26 21:03:44,484 - DEBUG - Converting geo-coordinates to pixel coordinates:
2024-12-26 21:03:44,485 - DEBUG - Inputs - lon: -80.09947620359765, lat: 26.67911501214246, geo_transform: [-80.09965488247977, 2.988823281017956e-06, 0.0, 26.67962047365299, 0.0, -2.988823281017956e-06], image_width: 512, image_height: 512
2024-12-26 21:03:44,485 - DEBUG - Parsed GeoTransform - x_origin: -80.09965488247977, pixel_width: 2.988823281017956e-06, y_origin: 26.67962047365299, pixel_height: -2.988823281017956e-06
2024-12-26 21:03:44,485 - DEBUG - Computed pixel coordinates before clamping - x_pixel: 59, y_pixel: 169
2024-12-26 21:03:44,485 - DEBUG - Clamped pixel coordinates - x_pixel: 59, y_pixel: 169
2024-12-26 21:03:44,485 - DEBUG - Converting geo-coordinates to pixel coordinates:
2024-12-26 21:03:44,485 - DEBUG - Inputs - lon: -80.09940098245023, lat: 26.679266309223024, geo_transform: [-80.09965488247977, 2.988823281017956e-06, 0.0, 26.67962047365299, 0.0, -2.988823281017956e-06], image_width: 512, image_height: 512
2024-12-26 21:03:44,485 - DEBUG - Parsed GeoTransform - x_origin: -80.09965488247977, pixel_width: 2.988823281017956e-06, y_origin: 26.67962047365299, pixel_height: -2.988823281017956e-06
2024-12-26 21:03:44,485 - DEBUG - Computed pixel coordinates before clamping - x_pixel: 84, y_pixel: 118
2024-12-26 21:03:44,485 - DEBUG - Clamped pixel coordinates - x_pixel: 84, y_pixel: 118
2024-12-26 21:03:44,485 - DEBUG - Converting geo-coordinates to pixel coordinates:
2024-12-26 21:03:44,485 - DEBUG - Inputs - lon: -80.09924113751202, lat: 26.67927571186645, geo_transform: [-80.09965488247977, 2.988823281017956e-06, 0.0, 26.67962047365299, 0.0, -2.988823281017956e-06], image_width: 512, image_height: 512
2024-12-26 21:03:44,485 - DEBUG - Parsed GeoTransform - x_origin: -80.09965488247977, pixel_width: 2.988823281017956e-06, y_origin: 26.67962047365299, pixel_height: -2.988823281017956e-06
2024-12-26 21:03:44,485 - DEBUG - Computed pixel coordinates before clamping - x_pixel: 138, y_pixel: 115
2024-12-26 21:03:44,486 - DEBUG - Clamped pixel coordinates - x_pixel: 138, y_pixel: 115
2024-12-26 21:03:44,486 - DEBUG - Converting geo-coordinates to pixel coordinates:
2024-12-26 21:03:44,486 - DEBUG - Inputs - lon: -80.09924028272626, lat: 26.679047484066952, geo_transform: [-80.09965488247977, 2.988823281017956e-06, 0.0, 26.67962047365299, 0.0, -2.988823281017956e-06], image_width: 512, image_height: 512
2024-12-26 21:03:44,486 - DEBUG - Parsed GeoTransform - x_origin: -80.09965488247977, pixel_width: 2.988823281017956e-06, y_origin: 26.67962047365299, pixel_height: -2.988823281017956e-06
2024-12-26 21:03:44,486 - DEBUG - Computed pixel coordinates before clamping - x_pixel: 138, y_pixel: 191
2024-12-26 21:03:44,486 - DEBUG - Clamped pixel coordinates - x_pixel: 138, y_pixel: 191
2024-12-26 21:03:44,486 - DEBUG - Pixel Coordinates: [(138, 191), (59, 169), (84, 118), (138, 115), (138, 191)] ... (showing first 5 for brevity)
2024-12-26 21:03:44,486 - DEBUG - Pixel Bounding Box: x_min=59, x_max=138, y_min=115, y_max=191
2024-12-26 21:03:44,486 - DEBUG - Pixel bounding box: (59, 115, 138, 191)
2024-12-26 21:03:44,486 - DEBUG - Input is a list. Converting to tensor.
2024-12-26 21:03:44,487 - DEBUG - Input Bounding Boxes (Corner Format): tensor([[ 59., 115., 138., 191.]])
2024-12-26 21:03:44,487 - DEBUG - x_min: 59.0, y_min: 115.0, x_max: 138.0, y_max: 191.0
2024-12-26 21:03:44,487 - DEBUG - Converted Bounding Boxes (Center Format): tensor([[ 98.5000, 153.0000,  79.0000,  76.0000]])
2024-12-26 21:03:44,487 - DEBUG - Normalized bounding box (cx, cy, w, h): tensor([[ 98.5000, 153.0000,  79.0000,  76.0000]])
2024-12-26 21:03:44,488 - DEBUG - Processed image tensor shape: torch.Size([3, 512, 512])
2024-12-26 21:03:44,489 - DEBUG - Processed bounding box tensor: tensor([[ 98.5000, 153.0000,  79.0000,  76.0000]])
2024-12-26 21:03:44,489 - DEBUG - Processing index 3693:
2024-12-26 21:03:44,489 - DEBUG - Image path: ./data/raw/train/PS-RGB_tiled/54_10400100460EF400_tile_633.png
2024-12-26 21:03:44,489 - DEBUG - Label path: ./data/raw/train/geojson_aircraft_tiled/54_10400100460EF400_tile_633.geojson
2024-12-26 21:03:44,489 - DEBUG - Auxiliary path: ./data/raw/train/PS-RGB_tiled/54_10400100460EF400_tile_633.png.aux.xml
2024-12-26 21:03:44,489 - DEBUG - Parsing GeoTransform from: ./data/raw/train/PS-RGB_tiled/54_10400100460EF400_tile_633.png.aux.xml
2024-12-26 21:03:44,489 - DEBUG - GeoTransform parsed: [-80.26982490553688, 3.4372809371413383e-06, 0.0, 25.805302487306566, 0.0, -3.4372809371413383e-06]
2024-12-26 21:03:44,489 - DEBUG - Reading GeoJSON from: ./data/raw/train/geojson_aircraft_tiled/54_10400100460EF400_tile_633.geojson
2024-12-26 21:03:44,490 - DEBUG - First feature coordinates: [[[-80.26828664815422, 25.80430600314016], [-80.26856039851405, 25.804679718519022], [-80.26828434126917, 25.804875803748672], [-80.26806501769707, 25.80470859666896], [-80.26806501769707, 25.8046753872354], [-80.26828664815422, 25.80430600314016]]]
2024-12-26 21:03:44,490 - DEBUG - Feature properties: {'loc_id': 54, 'cat_id': '10400100460EF400', 'location': 'Miami International Airport, 2100, Northwest 18th Street, Miami Springs, Alameda, Miami-Dade County, Florida, 33142, USA', 'role': 'Large Civil Transport/Utility', 'role_id': 3, 'is_plane': 1, 'num_engines': 2, 'propulsion': 'jet', 'canards': 'no', 'num_tail_fins': 1, 'wing_position': 'mid/low mounted', 'wing_type': 'swept', 'length': 63.1047315304071, 'wingspan': 51.073050235494286, 'area': 1609.9375357900594, 'faa_wingspan_class': 4, 'Public_Train': 1, 'Public_Test': 0, 'partialDec': 0.9984344537563056, 'truncated': 1, 'new_area': 1607.4171041283207}
2024-12-26 21:03:44,490 - DEBUG - GeoJSON Coords: [(-80.26828664815422, 25.80430600314016), (-80.26856039851405, 25.804679718519022), (-80.26828434126917, 25.804875803748672), (-80.26806501769707, 25.80470859666896), (-80.26806501769707, 25.8046753872354), (-80.26828664815422, 25.80430600314016)]
2024-12-26 21:03:44,490 - DEBUG - GeoJSON Features: [63.1047315304071, 51.073050235494286, 1609.9375357900594, 1, 1, 0, 2, 1, 4]
2024-12-26 21:03:44,490 - DEBUG - Parsed GeoTransform: [-80.26982490553688, 3.4372809371413383e-06, 0.0, 25.805302487306566, 0.0, -3.4372809371413383e-06]
2024-12-26 21:03:44,490 - DEBUG - Parsed GeoJSON coordinates: [(-80.26828664815422, 25.80430600314016), (-80.26856039851405, 25.804679718519022), (-80.26828434126917, 25.804875803748672), (-80.26806501769707, 25.80470859666896), (-80.26806501769707, 25.8046753872354), (-80.26828664815422, 25.80430600314016)]
2024-12-26 21:03:44,491 - DEBUG - STREAM b'IHDR' 16 13
2024-12-26 21:03:44,491 - DEBUG - STREAM b'tRNS' 41 6
2024-12-26 21:03:44,491 - DEBUG - STREAM b'IDAT' 59 8192
2024-12-26 21:03:44,501 - DEBUG - Loaded image size: 512x512
2024-12-26 21:03:44,501 - DEBUG - Converting GeoJSON to pixel bounding boxes.
2024-12-26 21:03:44,501 - DEBUG - Input Coordinates: [(-80.26828664815422, 25.80430600314016), (-80.26856039851405, 25.804679718519022), (-80.26828434126917, 25.804875803748672), (-80.26806501769707, 25.80470859666896), (-80.26806501769707, 25.8046753872354)] ... (showing first 5 for brevity)
2024-12-26 21:03:44,501 - DEBUG - GeoTransform: [-80.26982490553688, 3.4372809371413383e-06, 0.0, 25.805302487306566, 0.0, -3.4372809371413383e-06]
2024-12-26 21:03:44,501 - DEBUG - Image Dimensions: width=512, height=512
2024-12-26 21:03:44,501 - DEBUG - Converting geo-coordinates to pixel coordinates:
2024-12-26 21:03:44,501 - DEBUG - Inputs - lon: -80.26828664815422, lat: 25.80430600314016, geo_transform: [-80.26982490553688, 3.4372809371413383e-06, 0.0, 25.805302487306566, 0.0, -3.4372809371413383e-06], image_width: 512, image_height: 512
2024-12-26 21:03:44,501 - DEBUG - Parsed GeoTransform - x_origin: -80.26982490553688, pixel_width: 3.4372809371413383e-06, y_origin: 25.805302487306566, pixel_height: -3.4372809371413383e-06
2024-12-26 21:03:44,501 - DEBUG - Computed pixel coordinates before clamping - x_pixel: 447, y_pixel: 289
2024-12-26 21:03:44,501 - DEBUG - Clamped pixel coordinates - x_pixel: 447, y_pixel: 289
2024-12-26 21:03:44,501 - DEBUG - Converting geo-coordinates to pixel coordinates:
2024-12-26 21:03:44,501 - DEBUG - Inputs - lon: -80.26856039851405, lat: 25.804679718519022, geo_transform: [-80.26982490553688, 3.4372809371413383e-06, 0.0, 25.805302487306566, 0.0, -3.4372809371413383e-06], image_width: 512, image_height: 512
2024-12-26 21:03:44,502 - DEBUG - Parsed GeoTransform - x_origin: -80.26982490553688, pixel_width: 3.4372809371413383e-06, y_origin: 25.805302487306566, pixel_height: -3.4372809371413383e-06
2024-12-26 21:03:44,502 - DEBUG - Computed pixel coordinates before clamping - x_pixel: 367, y_pixel: 181
2024-12-26 21:03:44,502 - DEBUG - Clamped pixel coordinates - x_pixel: 367, y_pixel: 181
2024-12-26 21:03:44,502 - DEBUG - Converting geo-coordinates to pixel coordinates:
2024-12-26 21:03:44,502 - DEBUG - Inputs - lon: -80.26828434126917, lat: 25.804875803748672, geo_transform: [-80.26982490553688, 3.4372809371413383e-06, 0.0, 25.805302487306566, 0.0, -3.4372809371413383e-06], image_width: 512, image_height: 512
2024-12-26 21:03:44,502 - DEBUG - Parsed GeoTransform - x_origin: -80.26982490553688, pixel_width: 3.4372809371413383e-06, y_origin: 25.805302487306566, pixel_height: -3.4372809371413383e-06
2024-12-26 21:03:44,502 - DEBUG - Computed pixel coordinates before clamping - x_pixel: 448, y_pixel: 124
2024-12-26 21:03:44,502 - DEBUG - Clamped pixel coordinates - x_pixel: 448, y_pixel: 124
2024-12-26 21:03:44,502 - DEBUG - Converting geo-coordinates to pixel coordinates:
2024-12-26 21:03:44,502 - DEBUG - Inputs - lon: -80.26806501769707, lat: 25.80470859666896, geo_transform: [-80.26982490553688, 3.4372809371413383e-06, 0.0, 25.805302487306566, 0.0, -3.4372809371413383e-06], image_width: 512, image_height: 512
2024-12-26 21:03:44,502 - DEBUG - Parsed GeoTransform - x_origin: -80.26982490553688, pixel_width: 3.4372809371413383e-06, y_origin: 25.805302487306566, pixel_height: -3.4372809371413383e-06
2024-12-26 21:03:44,502 - DEBUG - Computed pixel coordinates before clamping - x_pixel: 511, y_pixel: 172
2024-12-26 21:03:44,502 - DEBUG - Clamped pixel coordinates - x_pixel: 511, y_pixel: 172
2024-12-26 21:03:44,503 - DEBUG - Converting geo-coordinates to pixel coordinates:
2024-12-26 21:03:44,503 - DEBUG - Inputs - lon: -80.26806501769707, lat: 25.8046753872354, geo_transform: [-80.26982490553688, 3.4372809371413383e-06, 0.0, 25.805302487306566, 0.0, -3.4372809371413383e-06], image_width: 512, image_height: 512
2024-12-26 21:03:44,503 - DEBUG - Parsed GeoTransform - x_origin: -80.26982490553688, pixel_width: 3.4372809371413383e-06, y_origin: 25.805302487306566, pixel_height: -3.4372809371413383e-06
2024-12-26 21:03:44,503 - DEBUG - Computed pixel coordinates before clamping - x_pixel: 511, y_pixel: 182
2024-12-26 21:03:44,503 - DEBUG - Clamped pixel coordinates - x_pixel: 511, y_pixel: 182
2024-12-26 21:03:44,503 - DEBUG - Converting geo-coordinates to pixel coordinates:
2024-12-26 21:03:44,503 - DEBUG - Inputs - lon: -80.26828664815422, lat: 25.80430600314016, geo_transform: [-80.26982490553688, 3.4372809371413383e-06, 0.0, 25.805302487306566, 0.0, -3.4372809371413383e-06], image_width: 512, image_height: 512
2024-12-26 21:03:44,503 - DEBUG - Parsed GeoTransform - x_origin: -80.26982490553688, pixel_width: 3.4372809371413383e-06, y_origin: 25.805302487306566, pixel_height: -3.4372809371413383e-06
2024-12-26 21:03:44,503 - DEBUG - Computed pixel coordinates before clamping - x_pixel: 447, y_pixel: 289
2024-12-26 21:03:44,503 - DEBUG - Clamped pixel coordinates - x_pixel: 447, y_pixel: 289
2024-12-26 21:03:44,503 - DEBUG - Pixel Coordinates: [(447, 289), (367, 181), (448, 124), (511, 172), (511, 182)] ... (showing first 5 for brevity)
2024-12-26 21:03:44,503 - DEBUG - Pixel Bounding Box: x_min=367, x_max=511, y_min=124, y_max=289
2024-12-26 21:03:44,503 - DEBUG - Pixel bounding box: (367, 124, 511, 289)
2024-12-26 21:03:44,503 - DEBUG - Input is a list. Converting to tensor.
2024-12-26 21:03:44,504 - DEBUG - Input Bounding Boxes (Corner Format): tensor([[367., 124., 511., 289.]])
2024-12-26 21:03:44,504 - DEBUG - x_min: 367.0, y_min: 124.0, x_max: 511.0, y_max: 289.0
2024-12-26 21:03:44,504 - DEBUG - Converted Bounding Boxes (Center Format): tensor([[439.0000, 206.5000, 144.0000, 165.0000]])
2024-12-26 21:03:44,505 - DEBUG - Normalized bounding box (cx, cy, w, h): tensor([[439.0000, 206.5000, 144.0000, 165.0000]])
2024-12-26 21:03:44,506 - DEBUG - Processed image tensor shape: torch.Size([3, 512, 512])
2024-12-26 21:03:44,506 - DEBUG - Processed bounding box tensor: tensor([[439.0000, 206.5000, 144.0000, 165.0000]])
2024-12-26 21:03:44,506 - DEBUG - Processing index 3387:
2024-12-26 21:03:44,506 - DEBUG - Image path: ./data/raw/train/PS-RGB_tiled/54_1040010024086400_tile_582.png
2024-12-26 21:03:44,506 - DEBUG - Label path: ./data/raw/train/geojson_aircraft_tiled/54_1040010024086400_tile_582.geojson
2024-12-26 21:03:44,506 - DEBUG - Auxiliary path: ./data/raw/train/PS-RGB_tiled/54_1040010024086400_tile_582.png.aux.xml
2024-12-26 21:03:44,506 - DEBUG - Parsing GeoTransform from: ./data/raw/train/PS-RGB_tiled/54_1040010024086400_tile_582.png.aux.xml
2024-12-26 21:03:44,507 - DEBUG - GeoTransform parsed: [-80.28175571174714, 3.14247019390011e-06, 0.0, 25.806831026430515, 0.0, -3.14247019390011e-06]
2024-12-26 21:03:44,507 - DEBUG - Reading GeoJSON from: ./data/raw/train/geojson_aircraft_tiled/54_1040010024086400_tile_582.geojson
2024-12-26 21:03:44,507 - DEBUG - First feature coordinates: [[[-80.28169726609758, 25.806546140875987], [-80.28175571174714, 25.806661775279416], [-80.28175571174714, 25.806831026430515], [-80.28154520209748, 25.806831026430515], [-80.28150819787123, 25.80678644514842], [-80.28169726609758, 25.806546140875987]]]
2024-12-26 21:03:44,507 - DEBUG - Feature properties: {'loc_id': 54, 'cat_id': '1040010024086400', 'location': 'Miami International Airport, 2100, Northwest 18th Street, Miami Springs, Alameda, Miami-Dade County, Florida, 33142, USA', 'role': 'Medium Civil Transport/Utility', 'role_id': 2, 'is_plane': 1, 'num_engines': 2, 'propulsion': 'jet', 'canards': 'no', 'num_tail_fins': 1, 'wing_position': 'mid/low mounted', 'wing_type': 'swept', 'length': 46.98362934480634, 'wingspan': 32.52963347488909, 'area': 764.1666238638497, 'faa_wingspan_class': 3, 'Public_Train': 1, 'Public_Test': 0, 'partialDec': 0.6333268268961824, 'truncated': 1, 'new_area': 483.9672231116605}
2024-12-26 21:03:44,507 - DEBUG - GeoJSON Coords: [(-80.28169726609758, 25.806546140875987), (-80.28175571174714, 25.806661775279416), (-80.28175571174714, 25.806831026430515), (-80.28154520209748, 25.806831026430515), (-80.28150819787123, 25.80678644514842), (-80.28169726609758, 25.806546140875987)]
2024-12-26 21:03:44,507 - DEBUG - GeoJSON Features: [46.98362934480634, 32.52963347488909, 764.1666238638497, 1, 1, 0, 2, 1, 3]
2024-12-26 21:03:44,507 - DEBUG - Parsed GeoTransform: [-80.28175571174714, 3.14247019390011e-06, 0.0, 25.806831026430515, 0.0, -3.14247019390011e-06]
2024-12-26 21:03:44,507 - DEBUG - Parsed GeoJSON coordinates: [(-80.28169726609758, 25.806546140875987), (-80.28175571174714, 25.806661775279416), (-80.28175571174714, 25.806831026430515), (-80.28154520209748, 25.806831026430515), (-80.28150819787123, 25.80678644514842), (-80.28169726609758, 25.806546140875987)]
2024-12-26 21:03:44,508 - DEBUG - STREAM b'IHDR' 16 13
2024-12-26 21:03:44,508 - DEBUG - STREAM b'tRNS' 41 6
2024-12-26 21:03:44,508 - DEBUG - STREAM b'IDAT' 59 8192
2024-12-26 21:03:44,518 - DEBUG - Loaded image size: 512x512
2024-12-26 21:03:44,519 - DEBUG - Converting GeoJSON to pixel bounding boxes.
2024-12-26 21:03:44,519 - DEBUG - Input Coordinates: [(-80.28169726609758, 25.806546140875987), (-80.28175571174714, 25.806661775279416), (-80.28175571174714, 25.806831026430515), (-80.28154520209748, 25.806831026430515), (-80.28150819787123, 25.80678644514842)] ... (showing first 5 for brevity)
2024-12-26 21:03:44,519 - DEBUG - GeoTransform: [-80.28175571174714, 3.14247019390011e-06, 0.0, 25.806831026430515, 0.0, -3.14247019390011e-06]
2024-12-26 21:03:44,519 - DEBUG - Image Dimensions: width=512, height=512
2024-12-26 21:03:44,519 - DEBUG - Converting geo-coordinates to pixel coordinates:
2024-12-26 21:03:44,519 - DEBUG - Inputs - lon: -80.28169726609758, lat: 25.806546140875987, geo_transform: [-80.28175571174714, 3.14247019390011e-06, 0.0, 25.806831026430515, 0.0, -3.14247019390011e-06], image_width: 512, image_height: 512
2024-12-26 21:03:44,519 - DEBUG - Parsed GeoTransform - x_origin: -80.28175571174714, pixel_width: 3.14247019390011e-06, y_origin: 25.806831026430515, pixel_height: -3.14247019390011e-06
2024-12-26 21:03:44,519 - DEBUG - Computed pixel coordinates before clamping - x_pixel: 18, y_pixel: 90
2024-12-26 21:03:44,519 - DEBUG - Clamped pixel coordinates - x_pixel: 18, y_pixel: 90
2024-12-26 21:03:44,519 - DEBUG - Converting geo-coordinates to pixel coordinates:
2024-12-26 21:03:44,519 - DEBUG - Inputs - lon: -80.28175571174714, lat: 25.806661775279416, geo_transform: [-80.28175571174714, 3.14247019390011e-06, 0.0, 25.806831026430515, 0.0, -3.14247019390011e-06], image_width: 512, image_height: 512
2024-12-26 21:03:44,519 - DEBUG - Parsed GeoTransform - x_origin: -80.28175571174714, pixel_width: 3.14247019390011e-06, y_origin: 25.806831026430515, pixel_height: -3.14247019390011e-06
2024-12-26 21:03:44,520 - DEBUG - Computed pixel coordinates before clamping - x_pixel: 0, y_pixel: 53
2024-12-26 21:03:44,520 - DEBUG - Clamped pixel coordinates - x_pixel: 0, y_pixel: 53
2024-12-26 21:03:44,520 - DEBUG - Converting geo-coordinates to pixel coordinates:
2024-12-26 21:03:44,520 - DEBUG - Inputs - lon: -80.28175571174714, lat: 25.806831026430515, geo_transform: [-80.28175571174714, 3.14247019390011e-06, 0.0, 25.806831026430515, 0.0, -3.14247019390011e-06], image_width: 512, image_height: 512
2024-12-26 21:03:44,520 - DEBUG - Parsed GeoTransform - x_origin: -80.28175571174714, pixel_width: 3.14247019390011e-06, y_origin: 25.806831026430515, pixel_height: -3.14247019390011e-06
2024-12-26 21:03:44,520 - DEBUG - Computed pixel coordinates before clamping - x_pixel: 0, y_pixel: 0
2024-12-26 21:03:44,520 - DEBUG - Clamped pixel coordinates - x_pixel: 0, y_pixel: 0
2024-12-26 21:03:44,520 - DEBUG - Converting geo-coordinates to pixel coordinates:
2024-12-26 21:03:44,520 - DEBUG - Inputs - lon: -80.28154520209748, lat: 25.806831026430515, geo_transform: [-80.28175571174714, 3.14247019390011e-06, 0.0, 25.806831026430515, 0.0, -3.14247019390011e-06], image_width: 512, image_height: 512
2024-12-26 21:03:44,520 - DEBUG - Parsed GeoTransform - x_origin: -80.28175571174714, pixel_width: 3.14247019390011e-06, y_origin: 25.806831026430515, pixel_height: -3.14247019390011e-06
2024-12-26 21:03:44,520 - DEBUG - Computed pixel coordinates before clamping - x_pixel: 66, y_pixel: 0
2024-12-26 21:03:44,520 - DEBUG - Clamped pixel coordinates - x_pixel: 66, y_pixel: 0
2024-12-26 21:03:44,520 - DEBUG - Converting geo-coordinates to pixel coordinates:
2024-12-26 21:03:44,520 - DEBUG - Inputs - lon: -80.28150819787123, lat: 25.80678644514842, geo_transform: [-80.28175571174714, 3.14247019390011e-06, 0.0, 25.806831026430515, 0.0, -3.14247019390011e-06], image_width: 512, image_height: 512
2024-12-26 21:03:44,521 - DEBUG - Parsed GeoTransform - x_origin: -80.28175571174714, pixel_width: 3.14247019390011e-06, y_origin: 25.806831026430515, pixel_height: -3.14247019390011e-06
2024-12-26 21:03:44,521 - DEBUG - Computed pixel coordinates before clamping - x_pixel: 78, y_pixel: 14
2024-12-26 21:03:44,521 - DEBUG - Clamped pixel coordinates - x_pixel: 78, y_pixel: 14
2024-12-26 21:03:44,521 - DEBUG - Converting geo-coordinates to pixel coordinates:
2024-12-26 21:03:44,521 - DEBUG - Inputs - lon: -80.28169726609758, lat: 25.806546140875987, geo_transform: [-80.28175571174714, 3.14247019390011e-06, 0.0, 25.806831026430515, 0.0, -3.14247019390011e-06], image_width: 512, image_height: 512
2024-12-26 21:03:44,521 - DEBUG - Parsed GeoTransform - x_origin: -80.28175571174714, pixel_width: 3.14247019390011e-06, y_origin: 25.806831026430515, pixel_height: -3.14247019390011e-06
2024-12-26 21:03:44,521 - DEBUG - Computed pixel coordinates before clamping - x_pixel: 18, y_pixel: 90
2024-12-26 21:03:44,521 - DEBUG - Clamped pixel coordinates - x_pixel: 18, y_pixel: 90
2024-12-26 21:03:44,521 - DEBUG - Pixel Coordinates: [(18, 90), (0, 53), (0, 0), (66, 0), (78, 14)] ... (showing first 5 for brevity)
2024-12-26 21:03:44,521 - DEBUG - Pixel Bounding Box: x_min=0, x_max=78, y_min=0, y_max=90
2024-12-26 21:03:44,521 - DEBUG - Pixel bounding box: (0, 0, 78, 90)
2024-12-26 21:03:44,521 - DEBUG - Input is a list. Converting to tensor.
2024-12-26 21:03:44,522 - DEBUG - Input Bounding Boxes (Corner Format): tensor([[ 0.,  0., 78., 90.]])
2024-12-26 21:03:44,522 - DEBUG - x_min: 0.0, y_min: 0.0, x_max: 78.0, y_max: 90.0
2024-12-26 21:03:44,522 - DEBUG - Converted Bounding Boxes (Center Format): tensor([[39., 45., 78., 90.]])
2024-12-26 21:03:44,522 - DEBUG - Normalized bounding box (cx, cy, w, h): tensor([[39., 45., 78., 90.]])
2024-12-26 21:03:44,524 - DEBUG - Processed image tensor shape: torch.Size([3, 512, 512])
2024-12-26 21:03:44,524 - DEBUG - Processed bounding box tensor: tensor([[39., 45., 78., 90.]])
2024-12-26 21:03:44,566 - DEBUG - Batch 1: Loading data
2024-12-26 21:03:44,566 - DEBUG - Batch 1: Data shapes - Images: torch.Size([64, 3, 512, 512]), Targets: torch.Size([64, 1, 4])
2024-12-26 21:03:44,567 - DEBUG - Batch 1: Forward pass
2024-12-26 21:03:52,942 - DEBUG - Batch 1: Output shape - torch.Size([64, 4])
2024-12-26 21:03:52,955 - DEBUG - Batch 1: Loss computed - 35718.292969
2024-12-26 21:03:52,955 - DEBUG - Batch 1: Backward pass
2024-12-26 21:03:54,136 - DEBUG - Batch 1: Optimizer step
2024-12-26 21:03:54,154 - DEBUG - Input bbox1 (Center Format): tensor([[0.5325, 0.3917, 0.6619, 0.3163],
        [0.4477, 0.5239, 0.4700, 0.5162],
        [0.5751, 0.3615, 0.4839, 0.4858],
        [0.5363, 0.2551, 0.5127, 0.4353],
        [0.5938, 0.4347, 0.5175, 0.3565],
        [0.4791, 0.2924, 0.5870, 0.3878],
        [0.5334, 0.3940, 0.4483, 0.5533],
        [0.6756, 0.4167, 0.4681, 0.4940],
        [0.5064, 0.3119, 0.5475, 0.3491],
        [0.4977, 0.3574, 0.4980, 0.4297],
        [0.4714, 0.3240, 0.5116, 0.4713],
        [0.6002, 0.3692, 0.5717, 0.4178],
        [0.4527, 0.2545, 0.5249, 0.3183],
        [0.4593, 0.3024, 0.5068, 0.4670],
        [0.3921, 0.3510, 0.4933, 0.4392],
        [0.5935, 0.1887, 0.5894, 0.4734],
        [0.6152, 0.3895, 0.5144, 0.4840],
        [0.4192, 0.3286, 0.5426, 0.4990],
        [0.5256, 0.2766, 0.4810, 0.5197],
        [0.6013, 0.4234, 0.5214, 0.5342],
        [0.5873, 0.2766, 0.5559, 0.5170],
        [0.5317, 0.2834, 0.5702, 0.3348],
        [0.5330, 0.3648, 0.5129, 0.4099],
        [0.5739, 0.3780, 0.5198, 0.4771],
        [0.5111, 0.2955, 0.5490, 0.4839],
        [0.4906, 0.3206, 0.5654, 0.3902],
        [0.4990, 0.2950, 0.6106, 0.4815],
        [0.4974, 0.4013, 0.4811, 0.4606],
        [0.4468, 0.3011, 0.6063, 0.4594],
        [0.5779, 0.3301, 0.5149, 0.3869],
        [0.5584, 0.2239, 0.4808, 0.4348],
        [0.5773, 0.4077, 0.5829, 0.4669],
        [0.5141, 0.4266, 0.5147, 0.3872],
        [0.5164, 0.3177, 0.5427, 0.3497],
        [0.5241, 0.3416, 0.5698, 0.3657],
        [0.5062, 0.4060, 0.6128, 0.4635],
        [0.4495, 0.2664, 0.5058, 0.4559],
        [0.5150, 0.2792, 0.4946, 0.4384],
        [0.4535, 0.1991, 0.5830, 0.4489],
        [0.6096, 0.3236, 0.5376, 0.4838],
        [0.5000, 0.3485, 0.4673, 0.6010],
        [0.5128, 0.3690, 0.5663, 0.4133],
        [0.5654, 0.3768, 0.6165, 0.4689],
        [0.3464, 0.3501, 0.4568, 0.4146],
        [0.5563, 0.2719, 0.5669, 0.4111],
        [0.6163, 0.4544, 0.5125, 0.3320],
        [0.4413, 0.3384, 0.4843, 0.4530],
        [0.4736, 0.2610, 0.5787, 0.5169],
        [0.6137, 0.3768, 0.5390, 0.4943],
        [0.5568, 0.4025, 0.6032, 0.3886],
        [0.5875, 0.4557, 0.5757, 0.4487],
        [0.5219, 0.3255, 0.5869, 0.3585],
        [0.6638, 0.3911, 0.5853, 0.4275],
        [0.4477, 0.3483, 0.4802, 0.4643],
        [0.4063, 0.3541, 0.6237, 0.5041],
        [0.5518, 0.3106, 0.5313, 0.4873],
        [0.4671, 0.2876, 0.6030, 0.4802],
        [0.4199, 0.3125, 0.5985, 0.3957],
        [0.4456, 0.4677, 0.6059, 0.4811],
        [0.4732, 0.3478, 0.4751, 0.4022],
        [0.5069, 0.4135, 0.5415, 0.4107],
        [0.5111, 0.2881, 0.5842, 0.4218],
        [0.5593, 0.3153, 0.4981, 0.6695],
        [0.5244, 0.2825, 0.5489, 0.4715]], grad_fn=<SigmoidBackward0>)
2024-12-26 21:03:54,157 - DEBUG - Input bbox2 (Center Format): tensor([[[310.5000,  79.0000, 199.0000,  96.0000]],

        [[  8.0000, 238.0000,  16.0000,  20.0000]],

        [[201.0000, 142.0000,  36.0000,  32.0000]],

        [[453.0000, 273.0000, 116.0000, 124.0000]],

        [[ 18.5000, 331.0000,  37.0000,  20.0000]],

        [[ 48.0000, 291.5000,  40.0000,  31.0000]],

        [[ 12.5000, 211.0000,  25.0000,  24.0000]],

        [[362.5000, 266.5000,  61.0000,  47.0000]],

        [[121.0000, 173.5000,  46.0000,  23.0000]],

        [[241.0000, 163.0000,  56.0000,  52.0000]],

        [[101.5000, 268.0000,  53.0000,  42.0000]],

        [[ 52.0000,  99.5000,  72.0000,  55.0000]],

        [[152.5000, 473.0000,  23.0000,  28.0000]],

        [[ 43.0000, 440.0000,  86.0000, 142.0000]],

        [[241.5000, 480.0000, 107.0000,  62.0000]],

        [[216.0000, 484.5000, 108.0000,  53.0000]],

        [[ 55.0000, 193.5000,  84.0000,  61.0000]],

        [[164.5000, 365.5000,  91.0000,  65.0000]],

        [[ 60.5000,  22.0000,  97.0000,  44.0000]],

        [[179.5000, 223.0000,  49.0000,  38.0000]],

        [[164.5000, 131.5000,  51.0000,  35.0000]],

        [[497.5000, 266.0000,  27.0000,  38.0000]],

        [[334.0000, 176.0000,  82.0000,  58.0000]],

        [[ 58.5000,  50.5000, 117.0000, 101.0000]],

        [[210.5000, 481.0000, 171.0000,  60.0000]],

        [[153.5000, 258.5000, 145.0000,  99.0000]],

        [[329.0000, 420.0000, 124.0000, 100.0000]],

        [[ 21.0000, 435.5000,  42.0000,  75.0000]],

        [[120.0000, 281.0000, 184.0000, 106.0000]],

        [[ 47.5000, 171.5000,  55.0000,  41.0000]],

        [[256.5000,  12.5000,  63.0000,  25.0000]],

        [[393.0000, 185.0000,  40.0000,  28.0000]],

        [[113.0000, 447.5000,  54.0000,  43.0000]],

        [[ 76.0000, 255.0000, 146.0000, 100.0000]],

        [[ 38.0000, 401.5000,  76.0000,  73.0000]],

        [[ 17.5000, 342.0000,  29.0000,  28.0000]],

        [[ 40.5000, 148.0000,  81.0000,  96.0000]],

        [[107.0000, 500.5000,  50.0000,  21.0000]],

        [[338.0000, 455.0000,  40.0000,  20.0000]],

        [[289.0000, 182.0000, 230.0000, 162.0000]],

        [[ 54.0000, 381.0000, 102.0000, 134.0000]],

        [[474.5000, 255.5000,  73.0000,  75.0000]],

        [[477.0000, 266.5000,  38.0000,  27.0000]],

        [[ 35.5000, 285.5000,  71.0000,  65.0000]],

        [[210.5000, 185.5000, 147.0000,  91.0000]],

        [[ 45.0000, 169.0000,  90.0000,  76.0000]],

        [[ 16.0000, 159.5000,  32.0000,  77.0000]],

        [[ 33.0000, 476.5000,  66.0000,  69.0000]],

        [[ 25.5000, 383.5000,  51.0000,  69.0000]],

        [[ 10.5000, 321.0000,  21.0000,  38.0000]],

        [[ 23.5000,  38.5000,  47.0000,  77.0000]],

        [[ 47.5000, 448.0000,  31.0000,  28.0000]],

        [[ 44.5000, 497.0000,  23.0000,  26.0000]],

        [[  9.5000, 154.0000,  19.0000,  32.0000]],

        [[140.0000,  42.0000, 164.0000,  84.0000]],

        [[ 97.0000, 399.0000,  18.0000,  28.0000]],

        [[130.0000, 149.0000,  40.0000,  24.0000]],

        [[ 43.0000, 291.0000,  86.0000,  90.0000]],

        [[241.0000,  98.0000,  56.0000,  26.0000]],

        [[ 36.0000, 162.0000,  72.0000,  38.0000]],

        [[179.5000, 478.5000,  75.0000,  65.0000]],

        [[ 98.5000, 153.0000,  79.0000,  76.0000]],

        [[439.0000, 206.5000, 144.0000, 165.0000]],

        [[ 39.0000,  45.0000,  78.0000,  90.0000]]])
2024-12-26 21:03:54,159 - DEBUG - Input Bounding Boxes (Center Format): tensor([[0.5325, 0.3917, 0.6619, 0.3163],
        [0.4477, 0.5239, 0.4700, 0.5162],
        [0.5751, 0.3615, 0.4839, 0.4858],
        [0.5363, 0.2551, 0.5127, 0.4353],
        [0.5938, 0.4347, 0.5175, 0.3565],
        [0.4791, 0.2924, 0.5870, 0.3878],
        [0.5334, 0.3940, 0.4483, 0.5533],
        [0.6756, 0.4167, 0.4681, 0.4940],
        [0.5064, 0.3119, 0.5475, 0.3491],
        [0.4977, 0.3574, 0.4980, 0.4297],
        [0.4714, 0.3240, 0.5116, 0.4713],
        [0.6002, 0.3692, 0.5717, 0.4178],
        [0.4527, 0.2545, 0.5249, 0.3183],
        [0.4593, 0.3024, 0.5068, 0.4670],
        [0.3921, 0.3510, 0.4933, 0.4392],
        [0.5935, 0.1887, 0.5894, 0.4734],
        [0.6152, 0.3895, 0.5144, 0.4840],
        [0.4192, 0.3286, 0.5426, 0.4990],
        [0.5256, 0.2766, 0.4810, 0.5197],
        [0.6013, 0.4234, 0.5214, 0.5342],
        [0.5873, 0.2766, 0.5559, 0.5170],
        [0.5317, 0.2834, 0.5702, 0.3348],
        [0.5330, 0.3648, 0.5129, 0.4099],
        [0.5739, 0.3780, 0.5198, 0.4771],
        [0.5111, 0.2955, 0.5490, 0.4839],
        [0.4906, 0.3206, 0.5654, 0.3902],
        [0.4990, 0.2950, 0.6106, 0.4815],
        [0.4974, 0.4013, 0.4811, 0.4606],
        [0.4468, 0.3011, 0.6063, 0.4594],
        [0.5779, 0.3301, 0.5149, 0.3869],
        [0.5584, 0.2239, 0.4808, 0.4348],
        [0.5773, 0.4077, 0.5829, 0.4669],
        [0.5141, 0.4266, 0.5147, 0.3872],
        [0.5164, 0.3177, 0.5427, 0.3497],
        [0.5241, 0.3416, 0.5698, 0.3657],
        [0.5062, 0.4060, 0.6128, 0.4635],
        [0.4495, 0.2664, 0.5058, 0.4559],
        [0.5150, 0.2792, 0.4946, 0.4384],
        [0.4535, 0.1991, 0.5830, 0.4489],
        [0.6096, 0.3236, 0.5376, 0.4838],
        [0.5000, 0.3485, 0.4673, 0.6010],
        [0.5128, 0.3690, 0.5663, 0.4133],
        [0.5654, 0.3768, 0.6165, 0.4689],
        [0.3464, 0.3501, 0.4568, 0.4146],
        [0.5563, 0.2719, 0.5669, 0.4111],
        [0.6163, 0.4544, 0.5125, 0.3320],
        [0.4413, 0.3384, 0.4843, 0.4530],
        [0.4736, 0.2610, 0.5787, 0.5169],
        [0.6137, 0.3768, 0.5390, 0.4943],
        [0.5568, 0.4025, 0.6032, 0.3886],
        [0.5875, 0.4557, 0.5757, 0.4487],
        [0.5219, 0.3255, 0.5869, 0.3585],
        [0.6638, 0.3911, 0.5853, 0.4275],
        [0.4477, 0.3483, 0.4802, 0.4643],
        [0.4063, 0.3541, 0.6237, 0.5041],
        [0.5518, 0.3106, 0.5313, 0.4873],
        [0.4671, 0.2876, 0.6030, 0.4802],
        [0.4199, 0.3125, 0.5985, 0.3957],
        [0.4456, 0.4677, 0.6059, 0.4811],
        [0.4732, 0.3478, 0.4751, 0.4022],
        [0.5069, 0.4135, 0.5415, 0.4107],
        [0.5111, 0.2881, 0.5842, 0.4218],
        [0.5593, 0.3153, 0.4981, 0.6695],
        [0.5244, 0.2825, 0.5489, 0.4715]], grad_fn=<SigmoidBackward0>)
2024-12-26 21:03:54,161 - DEBUG - cx: [0.5324547290802002, 0.4476698637008667, 0.5751132369041443, 0.5363112688064575, 0.5937715172767639, 0.47913864254951477, 0.5333660840988159, 0.6755738854408264, 0.5064354538917542, 0.4977074861526489, 0.47136369347572327, 0.6002248525619507, 0.4527309238910675, 0.4593268036842346, 0.39210131764411926, 0.5934563875198364, 0.6152430772781372, 0.4192025363445282, 0.5256044268608093, 0.6013249158859253, 0.5873106122016907, 0.5316578149795532, 0.5329858660697937, 0.5738798379898071, 0.5110865235328674, 0.49057304859161377, 0.4990038573741913, 0.49743348360061646, 0.4467760920524597, 0.5778891444206238, 0.5584217309951782, 0.5773259997367859, 0.5141361951828003, 0.5164175033569336, 0.5240533947944641, 0.5062186121940613, 0.44953447580337524, 0.5149673819541931, 0.4534534811973572, 0.609626293182373, 0.500002384185791, 0.5128173828125, 0.5654355883598328, 0.3464394211769104, 0.5563106536865234, 0.6163461804389954, 0.44131290912628174, 0.47364556789398193, 0.6136696934700012, 0.5567669868469238, 0.5875021815299988, 0.5219296813011169, 0.663783073425293, 0.4477013945579529, 0.40630796551704407, 0.5517533421516418, 0.46707770228385925, 0.4199393391609192, 0.4455711841583252, 0.47324338555336, 0.5069209933280945, 0.5111446976661682, 0.559288501739502, 0.5243620276451111], cy: [0.3916773796081543, 0.523948073387146, 0.36146461963653564, 0.25511306524276733, 0.4347420930862427, 0.2923809289932251, 0.39403197169303894, 0.41672560572624207, 0.3118996024131775, 0.3574029505252838, 0.323973685503006, 0.36920198798179626, 0.25453776121139526, 0.30238932371139526, 0.35096222162246704, 0.188714399933815, 0.3895370662212372, 0.32857924699783325, 0.2765989303588867, 0.4233819842338562, 0.2765671908855438, 0.28335270285606384, 0.36477547883987427, 0.3779623508453369, 0.2954612672328949, 0.32062429189682007, 0.2949572503566742, 0.4013301432132721, 0.3011203706264496, 0.3301217257976532, 0.22394117712974548, 0.4076669216156006, 0.4265660047531128, 0.3176943063735962, 0.3415912985801697, 0.4060153365135193, 0.2664106786251068, 0.2792322337627411, 0.19914557039737701, 0.3235747516155243, 0.34854409098625183, 0.369009405374527, 0.37684401869773865, 0.35008880496025085, 0.2719372510910034, 0.4544237554073334, 0.33842942118644714, 0.26096102595329285, 0.3768067955970764, 0.4024795591831207, 0.4557492434978485, 0.3254677951335907, 0.3911351263523102, 0.3482515513896942, 0.35406821966171265, 0.3106462359428406, 0.28759509325027466, 0.3125050365924835, 0.46765801310539246, 0.34777146577835083, 0.41348305344581604, 0.2881428301334381, 0.3152828812599182, 0.2825317978858948], w: [0.6618539094924927, 0.4700080156326294, 0.48387032747268677, 0.512725830078125, 0.5175120234489441, 0.5869571566581726, 0.4482947587966919, 0.46813809871673584, 0.547524094581604, 0.49797701835632324, 0.5115672945976257, 0.571732759475708, 0.5249152183532715, 0.5068074464797974, 0.49330756068229675, 0.5894439816474915, 0.5144081711769104, 0.5425829887390137, 0.4809526205062866, 0.5214086174964905, 0.5559346675872803, 0.5702329277992249, 0.5129052400588989, 0.5198095440864563, 0.5490342974662781, 0.5653839707374573, 0.6106005311012268, 0.4811442792415619, 0.6062662601470947, 0.5148898959159851, 0.4808282256126404, 0.5829188823699951, 0.5147391557693481, 0.5426859855651855, 0.5698474645614624, 0.6127821207046509, 0.5058315396308899, 0.49458950757980347, 0.5829992890357971, 0.537604808807373, 0.46730494499206543, 0.5663042664527893, 0.6165468096733093, 0.4568112790584564, 0.5669025778770447, 0.5124585628509521, 0.48432376980781555, 0.5787328481674194, 0.5390061140060425, 0.6031752824783325, 0.5756602883338928, 0.5869129300117493, 0.5853495597839355, 0.4801678955554962, 0.6237030625343323, 0.5312713384628296, 0.602964460849762, 0.5985459685325623, 0.6059250831604004, 0.4750713109970093, 0.5415307879447937, 0.5841609239578247, 0.4981123208999634, 0.5489269495010376], h: [0.31625282764434814, 0.5162420272827148, 0.4857766032218933, 0.43533220887184143, 0.35649195313453674, 0.3878134489059448, 0.5533002018928528, 0.49401384592056274, 0.3490619361400604, 0.4296759366989136, 0.47134795784950256, 0.41777950525283813, 0.31834086775779724, 0.4670039117336273, 0.43918654322624207, 0.4733985960483551, 0.48400431871414185, 0.49899908900260925, 0.5196955800056458, 0.5341752767562866, 0.5170379281044006, 0.3347763419151306, 0.4099062979221344, 0.4771363139152527, 0.4838595390319824, 0.3901720345020294, 0.4815223217010498, 0.4605509042739868, 0.4593636095523834, 0.386879026889801, 0.4348262846469879, 0.46692824363708496, 0.38724005222320557, 0.3497079312801361, 0.36573055386543274, 0.46354883909225464, 0.45585981011390686, 0.43840354681015015, 0.44894686341285706, 0.4837668538093567, 0.6010295748710632, 0.41334855556488037, 0.4689268469810486, 0.4145886301994324, 0.4111068844795227, 0.3320220112800598, 0.4529697299003601, 0.5168884992599487, 0.4943499267101288, 0.38855862617492676, 0.4486674666404724, 0.35850295424461365, 0.4275290369987488, 0.4642786979675293, 0.5041284561157227, 0.487337589263916, 0.4801715314388275, 0.3957498371601105, 0.4811301529407501, 0.4021928310394287, 0.4106993079185486, 0.4217730164527893, 0.6694987416267395, 0.4714685380458832]
2024-12-26 21:03:54,166 - DEBUG - Converted Bounding Boxes (Corner Format): tensor([[ 0.2015,  0.2336,  0.8634,  0.5498],
        [ 0.2127,  0.2658,  0.6827,  0.7821],
        [ 0.3332,  0.1186,  0.8170,  0.6044],
        [ 0.2799,  0.0374,  0.7927,  0.4728],
        [ 0.3350,  0.2565,  0.8525,  0.6130],
        [ 0.1857,  0.0985,  0.7726,  0.4863],
        [ 0.3092,  0.1174,  0.7575,  0.6707],
        [ 0.4415,  0.1697,  0.9096,  0.6637],
        [ 0.2327,  0.1374,  0.7802,  0.4864],
        [ 0.2487,  0.1426,  0.7467,  0.5722],
        [ 0.2156,  0.0883,  0.7271,  0.5596],
        [ 0.3144,  0.1603,  0.8861,  0.5781],
        [ 0.1903,  0.0954,  0.7152,  0.4137],
        [ 0.2059,  0.0689,  0.7127,  0.5359],
        [ 0.1454,  0.1314,  0.6388,  0.5706],
        [ 0.2987, -0.0480,  0.8882,  0.4254],
        [ 0.3580,  0.1475,  0.8724,  0.6315],
        [ 0.1479,  0.0791,  0.6905,  0.5781],
        [ 0.2851,  0.0168,  0.7661,  0.5364],
        [ 0.3406,  0.1563,  0.8620,  0.6905],
        [ 0.3093,  0.0180,  0.8653,  0.5351],
        [ 0.2465,  0.1160,  0.8168,  0.4507],
        [ 0.2765,  0.1598,  0.7894,  0.5697],
        [ 0.3140,  0.1394,  0.8338,  0.6165],
        [ 0.2366,  0.0535,  0.7856,  0.5374],
        [ 0.2079,  0.1255,  0.7733,  0.5157],
        [ 0.1937,  0.0542,  0.8043,  0.5357],
        [ 0.2569,  0.1711,  0.7380,  0.6316],
        [ 0.1436,  0.0714,  0.7499,  0.5308],
        [ 0.3204,  0.1367,  0.8353,  0.5236],
        [ 0.3180,  0.0065,  0.7988,  0.4414],
        [ 0.2859,  0.1742,  0.8688,  0.6411],
        [ 0.2568,  0.2329,  0.7715,  0.6202],
        [ 0.2451,  0.1428,  0.7878,  0.4925],
        [ 0.2391,  0.1587,  0.8090,  0.5245],
        [ 0.1998,  0.1742,  0.8126,  0.6378],
        [ 0.1966,  0.0385,  0.7025,  0.4943],
        [ 0.2677,  0.0600,  0.7623,  0.4984],
        [ 0.1620, -0.0253,  0.7450,  0.4236],
        [ 0.3408,  0.0817,  0.8784,  0.5655],
        [ 0.2663,  0.0480,  0.7337,  0.6491],
        [ 0.2297,  0.1623,  0.7960,  0.5757],
        [ 0.2572,  0.1424,  0.8737,  0.6113],
        [ 0.1180,  0.1428,  0.5748,  0.5574],
        [ 0.2729,  0.0664,  0.8398,  0.4775],
        [ 0.3601,  0.2884,  0.8726,  0.6204],
        [ 0.1992,  0.1119,  0.6835,  0.5649],
        [ 0.1843,  0.0025,  0.7630,  0.5194],
        [ 0.3442,  0.1296,  0.8832,  0.6240],
        [ 0.2552,  0.2082,  0.8584,  0.5968],
        [ 0.2997,  0.2314,  0.8753,  0.6801],
        [ 0.2285,  0.1462,  0.8154,  0.5047],
        [ 0.3711,  0.1774,  0.9565,  0.6049],
        [ 0.2076,  0.1161,  0.6878,  0.5804],
        [ 0.0945,  0.1020,  0.7182,  0.6061],
        [ 0.2861,  0.0670,  0.8174,  0.5543],
        [ 0.1656,  0.0475,  0.7686,  0.5277],
        [ 0.1207,  0.1146,  0.7192,  0.5104],
        [ 0.1426,  0.2271,  0.7485,  0.7082],
        [ 0.2357,  0.1467,  0.7108,  0.5489],
        [ 0.2362,  0.2081,  0.7777,  0.6188],
        [ 0.2191,  0.0773,  0.8032,  0.4990],
        [ 0.3102, -0.0195,  0.8083,  0.6500],
        [ 0.2499,  0.0468,  0.7988,  0.5183]], grad_fn=<CatBackward0>)
2024-12-26 21:03:54,169 - DEBUG - Input Bounding Boxes (Center Format): tensor([[[310.5000,  79.0000, 199.0000,  96.0000]],

        [[  8.0000, 238.0000,  16.0000,  20.0000]],

        [[201.0000, 142.0000,  36.0000,  32.0000]],

        [[453.0000, 273.0000, 116.0000, 124.0000]],

        [[ 18.5000, 331.0000,  37.0000,  20.0000]],

        [[ 48.0000, 291.5000,  40.0000,  31.0000]],

        [[ 12.5000, 211.0000,  25.0000,  24.0000]],

        [[362.5000, 266.5000,  61.0000,  47.0000]],

        [[121.0000, 173.5000,  46.0000,  23.0000]],

        [[241.0000, 163.0000,  56.0000,  52.0000]],

        [[101.5000, 268.0000,  53.0000,  42.0000]],

        [[ 52.0000,  99.5000,  72.0000,  55.0000]],

        [[152.5000, 473.0000,  23.0000,  28.0000]],

        [[ 43.0000, 440.0000,  86.0000, 142.0000]],

        [[241.5000, 480.0000, 107.0000,  62.0000]],

        [[216.0000, 484.5000, 108.0000,  53.0000]],

        [[ 55.0000, 193.5000,  84.0000,  61.0000]],

        [[164.5000, 365.5000,  91.0000,  65.0000]],

        [[ 60.5000,  22.0000,  97.0000,  44.0000]],

        [[179.5000, 223.0000,  49.0000,  38.0000]],

        [[164.5000, 131.5000,  51.0000,  35.0000]],

        [[497.5000, 266.0000,  27.0000,  38.0000]],

        [[334.0000, 176.0000,  82.0000,  58.0000]],

        [[ 58.5000,  50.5000, 117.0000, 101.0000]],

        [[210.5000, 481.0000, 171.0000,  60.0000]],

        [[153.5000, 258.5000, 145.0000,  99.0000]],

        [[329.0000, 420.0000, 124.0000, 100.0000]],

        [[ 21.0000, 435.5000,  42.0000,  75.0000]],

        [[120.0000, 281.0000, 184.0000, 106.0000]],

        [[ 47.5000, 171.5000,  55.0000,  41.0000]],

        [[256.5000,  12.5000,  63.0000,  25.0000]],

        [[393.0000, 185.0000,  40.0000,  28.0000]],

        [[113.0000, 447.5000,  54.0000,  43.0000]],

        [[ 76.0000, 255.0000, 146.0000, 100.0000]],

        [[ 38.0000, 401.5000,  76.0000,  73.0000]],

        [[ 17.5000, 342.0000,  29.0000,  28.0000]],

        [[ 40.5000, 148.0000,  81.0000,  96.0000]],

        [[107.0000, 500.5000,  50.0000,  21.0000]],

        [[338.0000, 455.0000,  40.0000,  20.0000]],

        [[289.0000, 182.0000, 230.0000, 162.0000]],

        [[ 54.0000, 381.0000, 102.0000, 134.0000]],

        [[474.5000, 255.5000,  73.0000,  75.0000]],

        [[477.0000, 266.5000,  38.0000,  27.0000]],

        [[ 35.5000, 285.5000,  71.0000,  65.0000]],

        [[210.5000, 185.5000, 147.0000,  91.0000]],

        [[ 45.0000, 169.0000,  90.0000,  76.0000]],

        [[ 16.0000, 159.5000,  32.0000,  77.0000]],

        [[ 33.0000, 476.5000,  66.0000,  69.0000]],

        [[ 25.5000, 383.5000,  51.0000,  69.0000]],

        [[ 10.5000, 321.0000,  21.0000,  38.0000]],

        [[ 23.5000,  38.5000,  47.0000,  77.0000]],

        [[ 47.5000, 448.0000,  31.0000,  28.0000]],

        [[ 44.5000, 497.0000,  23.0000,  26.0000]],

        [[  9.5000, 154.0000,  19.0000,  32.0000]],

        [[140.0000,  42.0000, 164.0000,  84.0000]],

        [[ 97.0000, 399.0000,  18.0000,  28.0000]],

        [[130.0000, 149.0000,  40.0000,  24.0000]],

        [[ 43.0000, 291.0000,  86.0000,  90.0000]],

        [[241.0000,  98.0000,  56.0000,  26.0000]],

        [[ 36.0000, 162.0000,  72.0000,  38.0000]],

        [[179.5000, 478.5000,  75.0000,  65.0000]],

        [[ 98.5000, 153.0000,  79.0000,  76.0000]],

        [[439.0000, 206.5000, 144.0000, 165.0000]],

        [[ 39.0000,  45.0000,  78.0000,  90.0000]]])
2024-12-26 21:03:54,209 - DEBUG - Loaded backend macosx version unknown.
