2024-12-26 21:01:28,258 - DEBUG - Starting main function
2024-12-26 21:01:28,259 - DEBUG - Initializing data processing
2024-12-26 21:01:28,260 - DEBUG - Loading datasets
2024-12-26 21:01:28,358 - DEBUG - Initialized processData with 5815 images, 5815 GeoJSON files, and 5815 auxiliary files.
2024-12-26 21:01:28,408 - DEBUG - Initialized processData with 2710 images, 2710 GeoJSON files, and 2710 auxiliary files.
2024-12-26 21:01:28,409 - DEBUG - Dataset length: 5815
2024-12-26 21:01:28,409 - DEBUG - Dataset length: 5815
2024-12-26 21:01:28,409 - DEBUG - Initializing model and optimizer
2024-12-26 21:01:28,409 - INFO - Using device: cpu
2024-12-26 21:01:28,618 - DEBUG - Starting training loop
2024-12-26 21:01:28,618 - DEBUG - Starting epoch 1/100
2024-12-26 21:01:28,618 - DEBUG - Starting training for epoch 1/100
2024-12-26 21:01:28,632 - DEBUG - Dataset length: 5815
2024-12-26 21:01:28,637 - DEBUG - Dataset length: 5815
2024-12-26 21:01:28,637 - DEBUG - Dataset length: 5815
2024-12-26 21:01:28,639 - DEBUG - Processing index 3188:
2024-12-26 21:01:28,639 - DEBUG - Image path: ./data/raw/train/PS-RGB_tiled/54_10400100061AF700_tile_382.png
2024-12-26 21:01:28,639 - DEBUG - Label path: ./data/raw/train/geojson_aircraft_tiled/54_10400100061AF700_tile_382.geojson
2024-12-26 21:01:28,639 - DEBUG - Auxiliary path: ./data/raw/train/PS-RGB_tiled/54_10400100061AF700_tile_382.png.aux.xml
2024-12-26 21:01:28,639 - DEBUG - Parsing GeoTransform from: ./data/raw/train/PS-RGB_tiled/54_10400100061AF700_tile_382.png.aux.xml
2024-12-26 21:01:28,640 - DEBUG - GeoTransform parsed: [-80.2925151766079, 3.2412848751532576e-06, 0.0, 25.806790191559447, 0.0, -3.2412848751532576e-06]
2024-12-26 21:01:28,640 - DEBUG - Reading GeoJSON from: ./data/raw/train/geojson_aircraft_tiled/54_10400100061AF700_tile_382.geojson
2024-12-26 21:01:28,640 - DEBUG - First feature coordinates: [[[-80.29239349694025, 25.805387976567093], [-80.2922832951009, 25.805256256025384], [-80.2924156677245, 25.805158443741934], [-80.29249196130559, 25.805251039370265], [-80.29239349694025, 25.805387976567093]]]
2024-12-26 21:01:28,641 - DEBUG - Feature properties: {'loc_id': 54, 'cat_id': '10400100061AF700', 'location': 'Miami International Airport, 2100, Northwest 18th Street, Miami Springs, Alameda, Miami-Dade County, Florida, 33142, USA', 'role': 'Medium Civil Transport/Utility', 'role_id': 2, 'is_plane': 1, 'num_engines': 2, 'propulsion': 'jet', 'canards': 'no', 'num_tail_fins': 1, 'wing_position': 'mid/low mounted', 'wing_type': 'swept', 'length': 25.517185640623055, 'wingspan': 20.926414880137134, 'area': 265.233476527828, 'faa_wingspan_class': 2, 'Public_Train': 1, 'Public_Test': 0, 'partialDec': 1.0, 'truncated': 0, 'new_area': 265.233476527828}
2024-12-26 21:01:28,641 - DEBUG - GeoJSON Coords: [(-80.29239349694025, 25.805387976567093), (-80.2922832951009, 25.805256256025384), (-80.2924156677245, 25.805158443741934), (-80.29249196130559, 25.805251039370265), (-80.29239349694025, 25.805387976567093)]
2024-12-26 21:01:28,641 - DEBUG - GeoJSON Features: [25.517185640623055, 20.926414880137134, 265.233476527828, 1, 1, 0, 2, 1, 2]
2024-12-26 21:01:28,641 - DEBUG - Parsed GeoTransform: [-80.2925151766079, 3.2412848751532576e-06, 0.0, 25.806790191559447, 0.0, -3.2412848751532576e-06]
2024-12-26 21:01:28,641 - DEBUG - Parsed GeoJSON coordinates: [(-80.29239349694025, 25.805387976567093), (-80.2922832951009, 25.805256256025384), (-80.2924156677245, 25.805158443741934), (-80.29249196130559, 25.805251039370265), (-80.29239349694025, 25.805387976567093)]
2024-12-26 21:01:28,648 - DEBUG - STREAM b'IHDR' 16 13
2024-12-26 21:01:28,648 - DEBUG - STREAM b'tRNS' 41 6
2024-12-26 21:01:28,648 - DEBUG - STREAM b'IDAT' 59 8192
2024-12-26 21:01:28,660 - DEBUG - Loaded image size: 512x512
2024-12-26 21:01:28,661 - DEBUG - Converting GeoJSON to pixel bounding boxes.
2024-12-26 21:01:28,661 - DEBUG - Input Coordinates: [(-80.29239349694025, 25.805387976567093), (-80.2922832951009, 25.805256256025384), (-80.2924156677245, 25.805158443741934), (-80.29249196130559, 25.805251039370265), (-80.29239349694025, 25.805387976567093)] ... (showing first 5 for brevity)
2024-12-26 21:01:28,661 - DEBUG - GeoTransform: [-80.2925151766079, 3.2412848751532576e-06, 0.0, 25.806790191559447, 0.0, -3.2412848751532576e-06]
2024-12-26 21:01:28,661 - DEBUG - Image Dimensions: width=512, height=512
2024-12-26 21:01:28,661 - DEBUG - Converting geo-coordinates to pixel coordinates:
2024-12-26 21:01:28,662 - DEBUG - Inputs - lon: -80.29239349694025, lat: 25.805387976567093, geo_transform: [-80.2925151766079, 3.2412848751532576e-06, 0.0, 25.806790191559447, 0.0, -3.2412848751532576e-06], image_width: 512, image_height: 512
2024-12-26 21:01:28,662 - DEBUG - Parsed GeoTransform - x_origin: -80.2925151766079, pixel_width: 3.2412848751532576e-06, y_origin: 25.806790191559447, pixel_height: -3.2412848751532576e-06
2024-12-26 21:01:28,662 - DEBUG - Computed pixel coordinates before clamping - x_pixel: 37, y_pixel: 432
2024-12-26 21:01:28,662 - DEBUG - Clamped pixel coordinates - x_pixel: 37, y_pixel: 432
2024-12-26 21:01:28,662 - DEBUG - Converting geo-coordinates to pixel coordinates:
2024-12-26 21:01:28,662 - DEBUG - Inputs - lon: -80.2922832951009, lat: 25.805256256025384, geo_transform: [-80.2925151766079, 3.2412848751532576e-06, 0.0, 25.806790191559447, 0.0, -3.2412848751532576e-06], image_width: 512, image_height: 512
2024-12-26 21:01:28,662 - DEBUG - Parsed GeoTransform - x_origin: -80.2925151766079, pixel_width: 3.2412848751532576e-06, y_origin: 25.806790191559447, pixel_height: -3.2412848751532576e-06
2024-12-26 21:01:28,662 - DEBUG - Computed pixel coordinates before clamping - x_pixel: 71, y_pixel: 473
2024-12-26 21:01:28,662 - DEBUG - Clamped pixel coordinates - x_pixel: 71, y_pixel: 473
2024-12-26 21:01:28,662 - DEBUG - Converting geo-coordinates to pixel coordinates:
2024-12-26 21:01:28,662 - DEBUG - Inputs - lon: -80.2924156677245, lat: 25.805158443741934, geo_transform: [-80.2925151766079, 3.2412848751532576e-06, 0.0, 25.806790191559447, 0.0, -3.2412848751532576e-06], image_width: 512, image_height: 512
2024-12-26 21:01:28,662 - DEBUG - Parsed GeoTransform - x_origin: -80.2925151766079, pixel_width: 3.2412848751532576e-06, y_origin: 25.806790191559447, pixel_height: -3.2412848751532576e-06
2024-12-26 21:01:28,663 - DEBUG - Computed pixel coordinates before clamping - x_pixel: 30, y_pixel: 503
2024-12-26 21:01:28,663 - DEBUG - Clamped pixel coordinates - x_pixel: 30, y_pixel: 503
2024-12-26 21:01:28,663 - DEBUG - Converting geo-coordinates to pixel coordinates:
2024-12-26 21:01:28,663 - DEBUG - Inputs - lon: -80.29249196130559, lat: 25.805251039370265, geo_transform: [-80.2925151766079, 3.2412848751532576e-06, 0.0, 25.806790191559447, 0.0, -3.2412848751532576e-06], image_width: 512, image_height: 512
2024-12-26 21:01:28,663 - DEBUG - Parsed GeoTransform - x_origin: -80.2925151766079, pixel_width: 3.2412848751532576e-06, y_origin: 25.806790191559447, pixel_height: -3.2412848751532576e-06
2024-12-26 21:01:28,663 - DEBUG - Computed pixel coordinates before clamping - x_pixel: 7, y_pixel: 474
2024-12-26 21:01:28,663 - DEBUG - Clamped pixel coordinates - x_pixel: 7, y_pixel: 474
2024-12-26 21:01:28,663 - DEBUG - Converting geo-coordinates to pixel coordinates:
2024-12-26 21:01:28,663 - DEBUG - Inputs - lon: -80.29239349694025, lat: 25.805387976567093, geo_transform: [-80.2925151766079, 3.2412848751532576e-06, 0.0, 25.806790191559447, 0.0, -3.2412848751532576e-06], image_width: 512, image_height: 512
2024-12-26 21:01:28,663 - DEBUG - Parsed GeoTransform - x_origin: -80.2925151766079, pixel_width: 3.2412848751532576e-06, y_origin: 25.806790191559447, pixel_height: -3.2412848751532576e-06
2024-12-26 21:01:28,663 - DEBUG - Computed pixel coordinates before clamping - x_pixel: 37, y_pixel: 432
2024-12-26 21:01:28,663 - DEBUG - Clamped pixel coordinates - x_pixel: 37, y_pixel: 432
2024-12-26 21:01:28,664 - DEBUG - Pixel Coordinates: [(37, 432), (71, 473), (30, 503), (7, 474), (37, 432)] ... (showing first 5 for brevity)
2024-12-26 21:01:28,664 - DEBUG - Pixel Bounding Box: x_min=7, x_max=71, y_min=432, y_max=503
2024-12-26 21:01:28,664 - DEBUG - Pixel bounding box: (7, 432, 71, 503)
2024-12-26 21:01:28,664 - DEBUG - Input is a list. Converting to tensor.
2024-12-26 21:01:28,681 - DEBUG - Input Bounding Boxes (Corner Format): tensor([[  7., 432.,  71., 503.]])
2024-12-26 21:01:28,683 - DEBUG - x_min: 7.0, y_min: 432.0, x_max: 71.0, y_max: 503.0
2024-12-26 21:01:28,686 - DEBUG - Converted Bounding Boxes (Center Format): tensor([[ 39.0000, 467.5000,  64.0000,  71.0000]])
2024-12-26 21:01:28,686 - DEBUG - Normalized bounding box (cx, cy, w, h): tensor([[ 39.0000, 467.5000,  64.0000,  71.0000]])
2024-12-26 21:01:28,694 - DEBUG - Processed image tensor shape: torch.Size([3, 512, 512])
2024-12-26 21:01:28,695 - DEBUG - Processed bounding box tensor: tensor([[ 39.0000, 467.5000,  64.0000,  71.0000]])
2024-12-26 21:01:28,695 - DEBUG - Processing index 2193:
2024-12-26 21:01:28,695 - DEBUG - Image path: ./data/raw/train/PS-RGB_tiled/3_10400100094C6800_tile_42.png
2024-12-26 21:01:28,695 - DEBUG - Label path: ./data/raw/train/geojson_aircraft_tiled/3_10400100094C6800_tile_42.geojson
2024-12-26 21:01:28,695 - DEBUG - Auxiliary path: ./data/raw/train/PS-RGB_tiled/3_10400100094C6800_tile_42.png.aux.xml
2024-12-26 21:01:28,695 - DEBUG - Parsing GeoTransform from: ./data/raw/train/PS-RGB_tiled/3_10400100094C6800_tile_42.png.aux.xml
2024-12-26 21:01:28,696 - DEBUG - GeoTransform parsed: [-77.08544231352148, 3.3058002455598393e-06, 0.0, 26.512898181107285, 0.0, -3.3058002455598393e-06]
2024-12-26 21:01:28,696 - DEBUG - Reading GeoJSON from: ./data/raw/train/geojson_aircraft_tiled/3_10400100094C6800_tile_42.geojson
2024-12-26 21:01:28,697 - DEBUG - First feature coordinates: [[[-77.0853463505309, 26.512898181107285], [-77.08531730655751, 26.51286517659208], [-77.08543579718308, 26.512751074508206], [-77.08544231352148, 26.51275734294243], [-77.08544231352148, 26.512898181107285], [-77.0853463505309, 26.512898181107285]]]
2024-12-26 21:01:28,697 - DEBUG - Feature properties: {'loc_id': 3, 'cat_id': '10400100094C6800', 'location': 'Central Abaco, AB20087, The Bahamas', 'role': 'Medium Civil Transport/Utility', 'role_id': 2, 'is_plane': 1, 'num_engines': 2, 'propulsion': 'jet', 'canards': 'no', 'num_tail_fins': 1, 'wing_position': 'mid/low mounted', 'wing_type': 'swept', 'length': 28.280305307031156, 'wingspan': 23.31528442759863, 'area': 329.6775716883334, 'faa_wingspan_class': 2, 'Public_Train': 1, 'Public_Test': 0, 'partialDec': 0.372935766232876, 'truncated': 1, 'new_area': 122.94855780738251}
2024-12-26 21:01:28,697 - DEBUG - GeoJSON Coords: [(-77.0853463505309, 26.512898181107285), (-77.08531730655751, 26.51286517659208), (-77.08543579718308, 26.512751074508206), (-77.08544231352148, 26.51275734294243), (-77.08544231352148, 26.512898181107285), (-77.0853463505309, 26.512898181107285)]
2024-12-26 21:01:28,697 - DEBUG - GeoJSON Features: [28.280305307031156, 23.31528442759863, 329.6775716883334, 1, 1, 0, 2, 1, 2]
2024-12-26 21:01:28,697 - DEBUG - Parsed GeoTransform: [-77.08544231352148, 3.3058002455598393e-06, 0.0, 26.512898181107285, 0.0, -3.3058002455598393e-06]
2024-12-26 21:01:28,697 - DEBUG - Parsed GeoJSON coordinates: [(-77.0853463505309, 26.512898181107285), (-77.08531730655751, 26.51286517659208), (-77.08543579718308, 26.512751074508206), (-77.08544231352148, 26.51275734294243), (-77.08544231352148, 26.512898181107285), (-77.0853463505309, 26.512898181107285)]
2024-12-26 21:01:28,698 - DEBUG - STREAM b'IHDR' 16 13
2024-12-26 21:01:28,698 - DEBUG - STREAM b'tRNS' 41 6
2024-12-26 21:01:28,698 - DEBUG - STREAM b'IDAT' 59 8192
2024-12-26 21:01:28,708 - DEBUG - Loaded image size: 512x512
2024-12-26 21:01:28,708 - DEBUG - Converting GeoJSON to pixel bounding boxes.
2024-12-26 21:01:28,708 - DEBUG - Input Coordinates: [(-77.0853463505309, 26.512898181107285), (-77.08531730655751, 26.51286517659208), (-77.08543579718308, 26.512751074508206), (-77.08544231352148, 26.51275734294243), (-77.08544231352148, 26.512898181107285)] ... (showing first 5 for brevity)
2024-12-26 21:01:28,708 - DEBUG - GeoTransform: [-77.08544231352148, 3.3058002455598393e-06, 0.0, 26.512898181107285, 0.0, -3.3058002455598393e-06]
2024-12-26 21:01:28,708 - DEBUG - Image Dimensions: width=512, height=512
2024-12-26 21:01:28,709 - DEBUG - Converting geo-coordinates to pixel coordinates:
2024-12-26 21:01:28,709 - DEBUG - Inputs - lon: -77.0853463505309, lat: 26.512898181107285, geo_transform: [-77.08544231352148, 3.3058002455598393e-06, 0.0, 26.512898181107285, 0.0, -3.3058002455598393e-06], image_width: 512, image_height: 512
2024-12-26 21:01:28,709 - DEBUG - Parsed GeoTransform - x_origin: -77.08544231352148, pixel_width: 3.3058002455598393e-06, y_origin: 26.512898181107285, pixel_height: -3.3058002455598393e-06
2024-12-26 21:01:28,709 - DEBUG - Computed pixel coordinates before clamping - x_pixel: 29, y_pixel: 0
2024-12-26 21:01:28,709 - DEBUG - Clamped pixel coordinates - x_pixel: 29, y_pixel: 0
2024-12-26 21:01:28,709 - DEBUG - Converting geo-coordinates to pixel coordinates:
2024-12-26 21:01:28,709 - DEBUG - Inputs - lon: -77.08531730655751, lat: 26.51286517659208, geo_transform: [-77.08544231352148, 3.3058002455598393e-06, 0.0, 26.512898181107285, 0.0, -3.3058002455598393e-06], image_width: 512, image_height: 512
2024-12-26 21:01:28,709 - DEBUG - Parsed GeoTransform - x_origin: -77.08544231352148, pixel_width: 3.3058002455598393e-06, y_origin: 26.512898181107285, pixel_height: -3.3058002455598393e-06
2024-12-26 21:01:28,709 - DEBUG - Computed pixel coordinates before clamping - x_pixel: 37, y_pixel: 9
2024-12-26 21:01:28,709 - DEBUG - Clamped pixel coordinates - x_pixel: 37, y_pixel: 9
2024-12-26 21:01:28,709 - DEBUG - Converting geo-coordinates to pixel coordinates:
2024-12-26 21:01:28,709 - DEBUG - Inputs - lon: -77.08543579718308, lat: 26.512751074508206, geo_transform: [-77.08544231352148, 3.3058002455598393e-06, 0.0, 26.512898181107285, 0.0, -3.3058002455598393e-06], image_width: 512, image_height: 512
2024-12-26 21:01:28,709 - DEBUG - Parsed GeoTransform - x_origin: -77.08544231352148, pixel_width: 3.3058002455598393e-06, y_origin: 26.512898181107285, pixel_height: -3.3058002455598393e-06
2024-12-26 21:01:28,709 - DEBUG - Computed pixel coordinates before clamping - x_pixel: 1, y_pixel: 44
2024-12-26 21:01:28,709 - DEBUG - Clamped pixel coordinates - x_pixel: 1, y_pixel: 44
2024-12-26 21:01:28,710 - DEBUG - Converting geo-coordinates to pixel coordinates:
2024-12-26 21:01:28,710 - DEBUG - Inputs - lon: -77.08544231352148, lat: 26.51275734294243, geo_transform: [-77.08544231352148, 3.3058002455598393e-06, 0.0, 26.512898181107285, 0.0, -3.3058002455598393e-06], image_width: 512, image_height: 512
2024-12-26 21:01:28,710 - DEBUG - Parsed GeoTransform - x_origin: -77.08544231352148, pixel_width: 3.3058002455598393e-06, y_origin: 26.512898181107285, pixel_height: -3.3058002455598393e-06
2024-12-26 21:01:28,710 - DEBUG - Computed pixel coordinates before clamping - x_pixel: 0, y_pixel: 42
2024-12-26 21:01:28,710 - DEBUG - Clamped pixel coordinates - x_pixel: 0, y_pixel: 42
2024-12-26 21:01:28,710 - DEBUG - Converting geo-coordinates to pixel coordinates:
2024-12-26 21:01:28,710 - DEBUG - Inputs - lon: -77.08544231352148, lat: 26.512898181107285, geo_transform: [-77.08544231352148, 3.3058002455598393e-06, 0.0, 26.512898181107285, 0.0, -3.3058002455598393e-06], image_width: 512, image_height: 512
2024-12-26 21:01:28,710 - DEBUG - Parsed GeoTransform - x_origin: -77.08544231352148, pixel_width: 3.3058002455598393e-06, y_origin: 26.512898181107285, pixel_height: -3.3058002455598393e-06
2024-12-26 21:01:28,710 - DEBUG - Computed pixel coordinates before clamping - x_pixel: 0, y_pixel: 0
2024-12-26 21:01:28,710 - DEBUG - Clamped pixel coordinates - x_pixel: 0, y_pixel: 0
2024-12-26 21:01:28,710 - DEBUG - Converting geo-coordinates to pixel coordinates:
2024-12-26 21:01:28,710 - DEBUG - Inputs - lon: -77.0853463505309, lat: 26.512898181107285, geo_transform: [-77.08544231352148, 3.3058002455598393e-06, 0.0, 26.512898181107285, 0.0, -3.3058002455598393e-06], image_width: 512, image_height: 512
2024-12-26 21:01:28,710 - DEBUG - Parsed GeoTransform - x_origin: -77.08544231352148, pixel_width: 3.3058002455598393e-06, y_origin: 26.512898181107285, pixel_height: -3.3058002455598393e-06
2024-12-26 21:01:28,710 - DEBUG - Computed pixel coordinates before clamping - x_pixel: 29, y_pixel: 0
2024-12-26 21:01:28,711 - DEBUG - Clamped pixel coordinates - x_pixel: 29, y_pixel: 0
2024-12-26 21:01:28,711 - DEBUG - Pixel Coordinates: [(29, 0), (37, 9), (1, 44), (0, 42), (0, 0)] ... (showing first 5 for brevity)
2024-12-26 21:01:28,711 - DEBUG - Pixel Bounding Box: x_min=0, x_max=37, y_min=0, y_max=44
2024-12-26 21:01:28,711 - DEBUG - Pixel bounding box: (0, 0, 37, 44)
2024-12-26 21:01:28,711 - DEBUG - Input is a list. Converting to tensor.
2024-12-26 21:01:28,712 - DEBUG - Input Bounding Boxes (Corner Format): tensor([[ 0.,  0., 37., 44.]])
2024-12-26 21:01:28,712 - DEBUG - x_min: 0.0, y_min: 0.0, x_max: 37.0, y_max: 44.0
2024-12-26 21:01:28,712 - DEBUG - Converted Bounding Boxes (Center Format): tensor([[18.5000, 22.0000, 37.0000, 44.0000]])
2024-12-26 21:01:28,713 - DEBUG - Normalized bounding box (cx, cy, w, h): tensor([[18.5000, 22.0000, 37.0000, 44.0000]])
2024-12-26 21:01:28,715 - DEBUG - Processed image tensor shape: torch.Size([3, 512, 512])
2024-12-26 21:01:28,715 - DEBUG - Processed bounding box tensor: tensor([[18.5000, 22.0000, 37.0000, 44.0000]])
2024-12-26 21:01:28,716 - DEBUG - Processing index 2914:
2024-12-26 21:01:28,716 - DEBUG - Image path: ./data/raw/train/PS-RGB_tiled/51_10400100061AF700_tile_225.png
2024-12-26 21:01:28,716 - DEBUG - Label path: ./data/raw/train/geojson_aircraft_tiled/51_10400100061AF700_tile_225.geojson
2024-12-26 21:01:28,716 - DEBUG - Auxiliary path: ./data/raw/train/PS-RGB_tiled/51_10400100061AF700_tile_225.png.aux.xml
2024-12-26 21:01:28,716 - DEBUG - Parsing GeoTransform from: ./data/raw/train/PS-RGB_tiled/51_10400100061AF700_tile_225.png.aux.xml
2024-12-26 21:01:28,716 - DEBUG - GeoTransform parsed: [-80.27136255151265, 3.2412848751532576e-06, 0.0, 25.914890283430683, 0.0, -3.2412848751532576e-06]
2024-12-26 21:01:28,717 - DEBUG - Reading GeoJSON from: ./data/raw/train/geojson_aircraft_tiled/51_10400100061AF700_tile_225.geojson
2024-12-26 21:01:28,717 - DEBUG - First feature coordinates: [[[-80.27098434433925, 25.91350641428104], [-80.27089044454715, 25.913655088951884], [-80.27074437820387, 25.91351423926372], [-80.27087740290936, 25.913365564592876], [-80.27098434433925, 25.91350641428104]]]
2024-12-26 21:01:28,717 - DEBUG - Feature properties: {'loc_id': 51, 'cat_id': '10400100061AF700', 'location': 'Opa-locka Executive Airport, Northwest 147th State Road, Opa-locka, Miami-Dade County, Florida, 33014:33054, USA', 'role': 'Medium Civil Transport/Utility', 'role_id': 2, 'is_plane': 1, 'num_engines': 2, 'propulsion': 'propeller', 'canards': 'no', 'num_tail_fins': 1, 'wing_position': 'mid/low mounted', 'wing_type': 'straight', 'length': 24.05001102330709, 'wingspan': 32.091315574681616, 'area': 385.8940339890913, 'faa_wingspan_class': 3, 'Public_Train': 1, 'Public_Test': 0, 'partialDec': 1.0, 'truncated': 0, 'new_area': 385.8940339890913}
2024-12-26 21:01:28,717 - DEBUG - GeoJSON Coords: [(-80.27098434433925, 25.91350641428104), (-80.27089044454715, 25.913655088951884), (-80.27074437820387, 25.91351423926372), (-80.27087740290936, 25.913365564592876), (-80.27098434433925, 25.91350641428104)]
2024-12-26 21:01:28,717 - DEBUG - GeoJSON Features: [24.05001102330709, 32.091315574681616, 385.8940339890913, 0, 1, 0, 2, 1, 3]
2024-12-26 21:01:28,717 - DEBUG - Parsed GeoTransform: [-80.27136255151265, 3.2412848751532576e-06, 0.0, 25.914890283430683, 0.0, -3.2412848751532576e-06]
2024-12-26 21:01:28,717 - DEBUG - Parsed GeoJSON coordinates: [(-80.27098434433925, 25.91350641428104), (-80.27089044454715, 25.913655088951884), (-80.27074437820387, 25.91351423926372), (-80.27087740290936, 25.913365564592876), (-80.27098434433925, 25.91350641428104)]
2024-12-26 21:01:28,718 - DEBUG - STREAM b'IHDR' 16 13
2024-12-26 21:01:28,718 - DEBUG - STREAM b'tRNS' 41 6
2024-12-26 21:01:28,718 - DEBUG - STREAM b'IDAT' 59 8192
2024-12-26 21:01:28,729 - DEBUG - Loaded image size: 512x512
2024-12-26 21:01:28,730 - DEBUG - Converting GeoJSON to pixel bounding boxes.
2024-12-26 21:01:28,730 - DEBUG - Input Coordinates: [(-80.27098434433925, 25.91350641428104), (-80.27089044454715, 25.913655088951884), (-80.27074437820387, 25.91351423926372), (-80.27087740290936, 25.913365564592876), (-80.27098434433925, 25.91350641428104)] ... (showing first 5 for brevity)
2024-12-26 21:01:28,730 - DEBUG - GeoTransform: [-80.27136255151265, 3.2412848751532576e-06, 0.0, 25.914890283430683, 0.0, -3.2412848751532576e-06]
2024-12-26 21:01:28,730 - DEBUG - Image Dimensions: width=512, height=512
2024-12-26 21:01:28,730 - DEBUG - Converting geo-coordinates to pixel coordinates:
2024-12-26 21:01:28,730 - DEBUG - Inputs - lon: -80.27098434433925, lat: 25.91350641428104, geo_transform: [-80.27136255151265, 3.2412848751532576e-06, 0.0, 25.914890283430683, 0.0, -3.2412848751532576e-06], image_width: 512, image_height: 512
2024-12-26 21:01:28,730 - DEBUG - Parsed GeoTransform - x_origin: -80.27136255151265, pixel_width: 3.2412848751532576e-06, y_origin: 25.914890283430683, pixel_height: -3.2412848751532576e-06
2024-12-26 21:01:28,730 - DEBUG - Computed pixel coordinates before clamping - x_pixel: 116, y_pixel: 426
2024-12-26 21:01:28,731 - DEBUG - Clamped pixel coordinates - x_pixel: 116, y_pixel: 426
2024-12-26 21:01:28,731 - DEBUG - Converting geo-coordinates to pixel coordinates:
2024-12-26 21:01:28,731 - DEBUG - Inputs - lon: -80.27089044454715, lat: 25.913655088951884, geo_transform: [-80.27136255151265, 3.2412848751532576e-06, 0.0, 25.914890283430683, 0.0, -3.2412848751532576e-06], image_width: 512, image_height: 512
2024-12-26 21:01:28,731 - DEBUG - Parsed GeoTransform - x_origin: -80.27136255151265, pixel_width: 3.2412848751532576e-06, y_origin: 25.914890283430683, pixel_height: -3.2412848751532576e-06
2024-12-26 21:01:28,731 - DEBUG - Computed pixel coordinates before clamping - x_pixel: 145, y_pixel: 381
2024-12-26 21:01:28,731 - DEBUG - Clamped pixel coordinates - x_pixel: 145, y_pixel: 381
2024-12-26 21:01:28,731 - DEBUG - Converting geo-coordinates to pixel coordinates:
2024-12-26 21:01:28,731 - DEBUG - Inputs - lon: -80.27074437820387, lat: 25.91351423926372, geo_transform: [-80.27136255151265, 3.2412848751532576e-06, 0.0, 25.914890283430683, 0.0, -3.2412848751532576e-06], image_width: 512, image_height: 512
2024-12-26 21:01:28,731 - DEBUG - Parsed GeoTransform - x_origin: -80.27136255151265, pixel_width: 3.2412848751532576e-06, y_origin: 25.914890283430683, pixel_height: -3.2412848751532576e-06
2024-12-26 21:01:28,731 - DEBUG - Computed pixel coordinates before clamping - x_pixel: 190, y_pixel: 424
2024-12-26 21:01:28,732 - DEBUG - Clamped pixel coordinates - x_pixel: 190, y_pixel: 424
2024-12-26 21:01:28,732 - DEBUG - Converting geo-coordinates to pixel coordinates:
2024-12-26 21:01:28,732 - DEBUG - Inputs - lon: -80.27087740290936, lat: 25.913365564592876, geo_transform: [-80.27136255151265, 3.2412848751532576e-06, 0.0, 25.914890283430683, 0.0, -3.2412848751532576e-06], image_width: 512, image_height: 512
2024-12-26 21:01:28,732 - DEBUG - Parsed GeoTransform - x_origin: -80.27136255151265, pixel_width: 3.2412848751532576e-06, y_origin: 25.914890283430683, pixel_height: -3.2412848751532576e-06
2024-12-26 21:01:28,732 - DEBUG - Computed pixel coordinates before clamping - x_pixel: 149, y_pixel: 470
2024-12-26 21:01:28,732 - DEBUG - Clamped pixel coordinates - x_pixel: 149, y_pixel: 470
2024-12-26 21:01:28,732 - DEBUG - Converting geo-coordinates to pixel coordinates:
2024-12-26 21:01:28,733 - DEBUG - Inputs - lon: -80.27098434433925, lat: 25.91350641428104, geo_transform: [-80.27136255151265, 3.2412848751532576e-06, 0.0, 25.914890283430683, 0.0, -3.2412848751532576e-06], image_width: 512, image_height: 512
2024-12-26 21:01:28,733 - DEBUG - Parsed GeoTransform - x_origin: -80.27136255151265, pixel_width: 3.2412848751532576e-06, y_origin: 25.914890283430683, pixel_height: -3.2412848751532576e-06
2024-12-26 21:01:28,733 - DEBUG - Computed pixel coordinates before clamping - x_pixel: 116, y_pixel: 426
2024-12-26 21:01:28,733 - DEBUG - Clamped pixel coordinates - x_pixel: 116, y_pixel: 426
2024-12-26 21:01:28,733 - DEBUG - Pixel Coordinates: [(116, 426), (145, 381), (190, 424), (149, 470), (116, 426)] ... (showing first 5 for brevity)
2024-12-26 21:01:28,733 - DEBUG - Pixel Bounding Box: x_min=116, x_max=190, y_min=381, y_max=470
2024-12-26 21:01:28,733 - DEBUG - Pixel bounding box: (116, 381, 190, 470)
2024-12-26 21:01:28,733 - DEBUG - Input is a list. Converting to tensor.
2024-12-26 21:01:28,734 - DEBUG - Input Bounding Boxes (Corner Format): tensor([[116., 381., 190., 470.]])
2024-12-26 21:01:28,734 - DEBUG - x_min: 116.0, y_min: 381.0, x_max: 190.0, y_max: 470.0
2024-12-26 21:01:28,734 - DEBUG - Converted Bounding Boxes (Center Format): tensor([[153.0000, 425.5000,  74.0000,  89.0000]])
2024-12-26 21:01:28,735 - DEBUG - Normalized bounding box (cx, cy, w, h): tensor([[153.0000, 425.5000,  74.0000,  89.0000]])
2024-12-26 21:01:28,737 - DEBUG - Processed image tensor shape: torch.Size([3, 512, 512])
2024-12-26 21:01:28,738 - DEBUG - Processed bounding box tensor: tensor([[153.0000, 425.5000,  74.0000,  89.0000]])
2024-12-26 21:01:28,738 - DEBUG - Processing index 5259:
2024-12-26 21:01:28,738 - DEBUG - Image path: ./data/raw/train/PS-RGB_tiled/94_104001003DA55300_tile_26.png
2024-12-26 21:01:28,738 - DEBUG - Label path: ./data/raw/train/geojson_aircraft_tiled/94_104001003DA55300_tile_26.geojson
2024-12-26 21:01:28,738 - DEBUG - Auxiliary path: ./data/raw/train/PS-RGB_tiled/94_104001003DA55300_tile_26.png.aux.xml
2024-12-26 21:01:28,738 - DEBUG - Parsing GeoTransform from: ./data/raw/train/PS-RGB_tiled/94_104001003DA55300_tile_26.png.aux.xml
2024-12-26 21:01:28,739 - DEBUG - GeoTransform parsed: [-71.20254857872528, 2.9881232950815787e-06, 0.0, 42.00465889032067, 0.0, -2.9881232950815787e-06]
2024-12-26 21:01:28,739 - DEBUG - Reading GeoJSON from: ./data/raw/train/geojson_aircraft_tiled/94_104001003DA55300_tile_26.geojson
2024-12-26 21:01:28,740 - DEBUG - First feature coordinates: [[[-71.20213142720773, 42.003950220384425], [-71.20217077285277, 42.00399308474567], [-71.20207224879854, 42.0040145169263], [-71.20205785405037, 42.00393614551953], [-71.20213142720773, 42.003950220384425]]]
2024-12-26 21:01:28,740 - DEBUG - Feature properties: {'loc_id': 94, 'cat_id': '104001003DA55300', 'location': 'Mansfield Municipal Airport, I 495, Mansfield, Bristol County, Massachusetts, 02048, USA', 'role': 'Small Civil Transport/Utility', 'role_id': 1, 'is_plane': 1, 'num_engines': 1, 'propulsion': 'propeller', 'canards': 'no', 'num_tail_fins': 1, 'wing_position': 'high mounted', 'wing_type': 'straight', 'length': 8.662591287775257, 'wingspan': 11.292191823910237, 'area': 48.908580100277476, 'faa_wingspan_class': 1, 'Public_Train': 1, 'Public_Test': 0, 'partialDec': 1.0, 'truncated': 0, 'new_area': 48.908580100277476}
2024-12-26 21:01:28,740 - DEBUG - GeoJSON Coords: [(-71.20213142720773, 42.003950220384425), (-71.20217077285277, 42.00399308474567), (-71.20207224879854, 42.0040145169263), (-71.20205785405037, 42.00393614551953), (-71.20213142720773, 42.003950220384425)]
2024-12-26 21:01:28,740 - DEBUG - GeoJSON Features: [8.662591287775257, 11.292191823910237, 48.908580100277476, 0, 0, 0, 1, 1, 1]
2024-12-26 21:01:28,740 - DEBUG - Parsed GeoTransform: [-71.20254857872528, 2.9881232950815787e-06, 0.0, 42.00465889032067, 0.0, -2.9881232950815787e-06]
2024-12-26 21:01:28,740 - DEBUG - Parsed GeoJSON coordinates: [(-71.20213142720773, 42.003950220384425), (-71.20217077285277, 42.00399308474567), (-71.20207224879854, 42.0040145169263), (-71.20205785405037, 42.00393614551953), (-71.20213142720773, 42.003950220384425)]
2024-12-26 21:01:28,741 - DEBUG - STREAM b'IHDR' 16 13
2024-12-26 21:01:28,741 - DEBUG - STREAM b'tRNS' 41 6
2024-12-26 21:01:28,741 - DEBUG - STREAM b'IDAT' 59 8192
2024-12-26 21:01:28,752 - DEBUG - Loaded image size: 512x512
2024-12-26 21:01:28,752 - DEBUG - Converting GeoJSON to pixel bounding boxes.
2024-12-26 21:01:28,752 - DEBUG - Input Coordinates: [(-71.20213142720773, 42.003950220384425), (-71.20217077285277, 42.00399308474567), (-71.20207224879854, 42.0040145169263), (-71.20205785405037, 42.00393614551953), (-71.20213142720773, 42.003950220384425)] ... (showing first 5 for brevity)
2024-12-26 21:01:28,752 - DEBUG - GeoTransform: [-71.20254857872528, 2.9881232950815787e-06, 0.0, 42.00465889032067, 0.0, -2.9881232950815787e-06]
2024-12-26 21:01:28,752 - DEBUG - Image Dimensions: width=512, height=512
2024-12-26 21:01:28,752 - DEBUG - Converting geo-coordinates to pixel coordinates:
2024-12-26 21:01:28,753 - DEBUG - Inputs - lon: -71.20213142720773, lat: 42.003950220384425, geo_transform: [-71.20254857872528, 2.9881232950815787e-06, 0.0, 42.00465889032067, 0.0, -2.9881232950815787e-06], image_width: 512, image_height: 512
2024-12-26 21:01:28,753 - DEBUG - Parsed GeoTransform - x_origin: -71.20254857872528, pixel_width: 2.9881232950815787e-06, y_origin: 42.00465889032067, pixel_height: -2.9881232950815787e-06
2024-12-26 21:01:28,753 - DEBUG - Computed pixel coordinates before clamping - x_pixel: 139, y_pixel: 237
2024-12-26 21:01:28,753 - DEBUG - Clamped pixel coordinates - x_pixel: 139, y_pixel: 237
2024-12-26 21:01:28,753 - DEBUG - Converting geo-coordinates to pixel coordinates:
2024-12-26 21:01:28,753 - DEBUG - Inputs - lon: -71.20217077285277, lat: 42.00399308474567, geo_transform: [-71.20254857872528, 2.9881232950815787e-06, 0.0, 42.00465889032067, 0.0, -2.9881232950815787e-06], image_width: 512, image_height: 512
2024-12-26 21:01:28,753 - DEBUG - Parsed GeoTransform - x_origin: -71.20254857872528, pixel_width: 2.9881232950815787e-06, y_origin: 42.00465889032067, pixel_height: -2.9881232950815787e-06
2024-12-26 21:01:28,753 - DEBUG - Computed pixel coordinates before clamping - x_pixel: 126, y_pixel: 222
2024-12-26 21:01:28,753 - DEBUG - Clamped pixel coordinates - x_pixel: 126, y_pixel: 222
2024-12-26 21:01:28,753 - DEBUG - Converting geo-coordinates to pixel coordinates:
2024-12-26 21:01:28,753 - DEBUG - Inputs - lon: -71.20207224879854, lat: 42.0040145169263, geo_transform: [-71.20254857872528, 2.9881232950815787e-06, 0.0, 42.00465889032067, 0.0, -2.9881232950815787e-06], image_width: 512, image_height: 512
2024-12-26 21:01:28,753 - DEBUG - Parsed GeoTransform - x_origin: -71.20254857872528, pixel_width: 2.9881232950815787e-06, y_origin: 42.00465889032067, pixel_height: -2.9881232950815787e-06
2024-12-26 21:01:28,753 - DEBUG - Computed pixel coordinates before clamping - x_pixel: 159, y_pixel: 215
2024-12-26 21:01:28,753 - DEBUG - Clamped pixel coordinates - x_pixel: 159, y_pixel: 215
2024-12-26 21:01:28,754 - DEBUG - Converting geo-coordinates to pixel coordinates:
2024-12-26 21:01:28,754 - DEBUG - Inputs - lon: -71.20205785405037, lat: 42.00393614551953, geo_transform: [-71.20254857872528, 2.9881232950815787e-06, 0.0, 42.00465889032067, 0.0, -2.9881232950815787e-06], image_width: 512, image_height: 512
2024-12-26 21:01:28,754 - DEBUG - Parsed GeoTransform - x_origin: -71.20254857872528, pixel_width: 2.9881232950815787e-06, y_origin: 42.00465889032067, pixel_height: -2.9881232950815787e-06
2024-12-26 21:01:28,754 - DEBUG - Computed pixel coordinates before clamping - x_pixel: 164, y_pixel: 241
2024-12-26 21:01:28,754 - DEBUG - Clamped pixel coordinates - x_pixel: 164, y_pixel: 241
2024-12-26 21:01:28,754 - DEBUG - Converting geo-coordinates to pixel coordinates:
2024-12-26 21:01:28,754 - DEBUG - Inputs - lon: -71.20213142720773, lat: 42.003950220384425, geo_transform: [-71.20254857872528, 2.9881232950815787e-06, 0.0, 42.00465889032067, 0.0, -2.9881232950815787e-06], image_width: 512, image_height: 512
2024-12-26 21:01:28,754 - DEBUG - Parsed GeoTransform - x_origin: -71.20254857872528, pixel_width: 2.9881232950815787e-06, y_origin: 42.00465889032067, pixel_height: -2.9881232950815787e-06
2024-12-26 21:01:28,754 - DEBUG - Computed pixel coordinates before clamping - x_pixel: 139, y_pixel: 237
2024-12-26 21:01:28,754 - DEBUG - Clamped pixel coordinates - x_pixel: 139, y_pixel: 237
2024-12-26 21:01:28,754 - DEBUG - Pixel Coordinates: [(139, 237), (126, 222), (159, 215), (164, 241), (139, 237)] ... (showing first 5 for brevity)
2024-12-26 21:01:28,754 - DEBUG - Pixel Bounding Box: x_min=126, x_max=164, y_min=215, y_max=241
2024-12-26 21:01:28,754 - DEBUG - Pixel bounding box: (126, 215, 164, 241)
2024-12-26 21:01:28,754 - DEBUG - Input is a list. Converting to tensor.
2024-12-26 21:01:28,755 - DEBUG - Input Bounding Boxes (Corner Format): tensor([[126., 215., 164., 241.]])
2024-12-26 21:01:28,755 - DEBUG - x_min: 126.0, y_min: 215.0, x_max: 164.0, y_max: 241.0
2024-12-26 21:01:28,755 - DEBUG - Converted Bounding Boxes (Center Format): tensor([[145., 228.,  38.,  26.]])
2024-12-26 21:01:28,755 - DEBUG - Normalized bounding box (cx, cy, w, h): tensor([[145., 228.,  38.,  26.]])
2024-12-26 21:01:28,757 - DEBUG - Processed image tensor shape: torch.Size([3, 512, 512])
2024-12-26 21:01:28,757 - DEBUG - Processed bounding box tensor: tensor([[145., 228.,  38.,  26.]])
2024-12-26 21:01:28,757 - DEBUG - Processing index 2507:
2024-12-26 21:01:28,757 - DEBUG - Image path: ./data/raw/train/PS-RGB_tiled/45_10400100202A2200_tile_136.png
2024-12-26 21:01:28,757 - DEBUG - Label path: ./data/raw/train/geojson_aircraft_tiled/45_10400100202A2200_tile_136.geojson
2024-12-26 21:01:28,757 - DEBUG - Auxiliary path: ./data/raw/train/PS-RGB_tiled/45_10400100202A2200_tile_136.png.aux.xml
2024-12-26 21:01:28,757 - DEBUG - Parsing GeoTransform from: ./data/raw/train/PS-RGB_tiled/45_10400100202A2200_tile_136.png.aux.xml
2024-12-26 21:01:28,758 - DEBUG - GeoTransform parsed: [-77.5140693396747, 3.363782413902546e-06, 0.0, 38.723617964651254, 0.0, -3.363782413902546e-06]
2024-12-26 21:01:28,758 - DEBUG - Reading GeoJSON from: ./data/raw/train/geojson_aircraft_tiled/45_10400100202A2200_tile_136.geojson
2024-12-26 21:01:28,758 - DEBUG - First feature coordinates: [[[-77.51281874434076, 38.723617964651254], [-77.51280705658297, 38.72356513545722], [-77.51289308598416, 38.723582793122425], [-77.51288192747371, 38.723617964651254], [-77.51281874434076, 38.723617964651254]]]
2024-12-26 21:01:28,758 - DEBUG - Feature properties: {'loc_id': 45, 'cat_id': '10400100202A2200', 'location': 'Manassas Regional Airport, Terminal Road, Lee Manor, Manassas, Virginia, 20110, USA', 'role': 'Small Civil Transport/Utility', 'role_id': 1, 'is_plane': 1, 'num_engines': 1, 'propulsion': 'propeller', 'canards': 'no', 'num_tail_fins': 1, 'wing_position': 'mid/low mounted', 'wing_type': 'straight', 'length': 7.615975881521367, 'wingspan': 10.903963725160143, 'area': 41.51488736645027, 'faa_wingspan_class': 1, 'Public_Train': 1, 'Public_Test': 0, 'partialDec': 0.7630904960630999, 'truncated': 1, 'new_area': 31.679615994468254}
2024-12-26 21:01:28,759 - DEBUG - GeoJSON Coords: [(-77.51281874434076, 38.723617964651254), (-77.51280705658297, 38.72356513545722), (-77.51289308598416, 38.723582793122425), (-77.51288192747371, 38.723617964651254), (-77.51281874434076, 38.723617964651254)]
2024-12-26 21:01:28,759 - DEBUG - GeoJSON Features: [7.615975881521367, 10.903963725160143, 41.51488736645027, 0, 1, 0, 1, 1, 1]
2024-12-26 21:01:28,759 - DEBUG - Parsed GeoTransform: [-77.5140693396747, 3.363782413902546e-06, 0.0, 38.723617964651254, 0.0, -3.363782413902546e-06]
2024-12-26 21:01:28,759 - DEBUG - Parsed GeoJSON coordinates: [(-77.51281874434076, 38.723617964651254), (-77.51280705658297, 38.72356513545722), (-77.51289308598416, 38.723582793122425), (-77.51288192747371, 38.723617964651254), (-77.51281874434076, 38.723617964651254)]
2024-12-26 21:01:28,759 - DEBUG - STREAM b'IHDR' 16 13
2024-12-26 21:01:28,759 - DEBUG - STREAM b'tRNS' 41 6
2024-12-26 21:01:28,759 - DEBUG - STREAM b'IDAT' 59 8192
2024-12-26 21:01:28,769 - DEBUG - Loaded image size: 512x512
2024-12-26 21:01:28,769 - DEBUG - Converting GeoJSON to pixel bounding boxes.
2024-12-26 21:01:28,770 - DEBUG - Input Coordinates: [(-77.51281874434076, 38.723617964651254), (-77.51280705658297, 38.72356513545722), (-77.51289308598416, 38.723582793122425), (-77.51288192747371, 38.723617964651254), (-77.51281874434076, 38.723617964651254)] ... (showing first 5 for brevity)
2024-12-26 21:01:28,770 - DEBUG - GeoTransform: [-77.5140693396747, 3.363782413902546e-06, 0.0, 38.723617964651254, 0.0, -3.363782413902546e-06]
2024-12-26 21:01:28,770 - DEBUG - Image Dimensions: width=512, height=512
2024-12-26 21:01:28,770 - DEBUG - Converting geo-coordinates to pixel coordinates:
2024-12-26 21:01:28,770 - DEBUG - Inputs - lon: -77.51281874434076, lat: 38.723617964651254, geo_transform: [-77.5140693396747, 3.363782413902546e-06, 0.0, 38.723617964651254, 0.0, -3.363782413902546e-06], image_width: 512, image_height: 512
2024-12-26 21:01:28,770 - DEBUG - Parsed GeoTransform - x_origin: -77.5140693396747, pixel_width: 3.363782413902546e-06, y_origin: 38.723617964651254, pixel_height: -3.363782413902546e-06
2024-12-26 21:01:28,770 - DEBUG - Computed pixel coordinates before clamping - x_pixel: 371, y_pixel: 0
2024-12-26 21:01:28,770 - DEBUG - Clamped pixel coordinates - x_pixel: 371, y_pixel: 0
2024-12-26 21:01:28,770 - DEBUG - Converting geo-coordinates to pixel coordinates:
2024-12-26 21:01:28,770 - DEBUG - Inputs - lon: -77.51280705658297, lat: 38.72356513545722, geo_transform: [-77.5140693396747, 3.363782413902546e-06, 0.0, 38.723617964651254, 0.0, -3.363782413902546e-06], image_width: 512, image_height: 512
2024-12-26 21:01:28,770 - DEBUG - Parsed GeoTransform - x_origin: -77.5140693396747, pixel_width: 3.363782413902546e-06, y_origin: 38.723617964651254, pixel_height: -3.363782413902546e-06
2024-12-26 21:01:28,770 - DEBUG - Computed pixel coordinates before clamping - x_pixel: 375, y_pixel: 15
2024-12-26 21:01:28,771 - DEBUG - Clamped pixel coordinates - x_pixel: 375, y_pixel: 15
2024-12-26 21:01:28,771 - DEBUG - Converting geo-coordinates to pixel coordinates:
2024-12-26 21:01:28,771 - DEBUG - Inputs - lon: -77.51289308598416, lat: 38.723582793122425, geo_transform: [-77.5140693396747, 3.363782413902546e-06, 0.0, 38.723617964651254, 0.0, -3.363782413902546e-06], image_width: 512, image_height: 512
2024-12-26 21:01:28,771 - DEBUG - Parsed GeoTransform - x_origin: -77.5140693396747, pixel_width: 3.363782413902546e-06, y_origin: 38.723617964651254, pixel_height: -3.363782413902546e-06
2024-12-26 21:01:28,771 - DEBUG - Computed pixel coordinates before clamping - x_pixel: 349, y_pixel: 10
2024-12-26 21:01:28,771 - DEBUG - Clamped pixel coordinates - x_pixel: 349, y_pixel: 10
2024-12-26 21:01:28,771 - DEBUG - Converting geo-coordinates to pixel coordinates:
2024-12-26 21:01:28,771 - DEBUG - Inputs - lon: -77.51288192747371, lat: 38.723617964651254, geo_transform: [-77.5140693396747, 3.363782413902546e-06, 0.0, 38.723617964651254, 0.0, -3.363782413902546e-06], image_width: 512, image_height: 512
2024-12-26 21:01:28,771 - DEBUG - Parsed GeoTransform - x_origin: -77.5140693396747, pixel_width: 3.363782413902546e-06, y_origin: 38.723617964651254, pixel_height: -3.363782413902546e-06
2024-12-26 21:01:28,771 - DEBUG - Computed pixel coordinates before clamping - x_pixel: 352, y_pixel: 0
2024-12-26 21:01:28,771 - DEBUG - Clamped pixel coordinates - x_pixel: 352, y_pixel: 0
2024-12-26 21:01:28,771 - DEBUG - Converting geo-coordinates to pixel coordinates:
2024-12-26 21:01:28,771 - DEBUG - Inputs - lon: -77.51281874434076, lat: 38.723617964651254, geo_transform: [-77.5140693396747, 3.363782413902546e-06, 0.0, 38.723617964651254, 0.0, -3.363782413902546e-06], image_width: 512, image_height: 512
2024-12-26 21:01:28,771 - DEBUG - Parsed GeoTransform - x_origin: -77.5140693396747, pixel_width: 3.363782413902546e-06, y_origin: 38.723617964651254, pixel_height: -3.363782413902546e-06
2024-12-26 21:01:28,771 - DEBUG - Computed pixel coordinates before clamping - x_pixel: 371, y_pixel: 0
2024-12-26 21:01:28,771 - DEBUG - Clamped pixel coordinates - x_pixel: 371, y_pixel: 0
2024-12-26 21:01:28,772 - DEBUG - Pixel Coordinates: [(371, 0), (375, 15), (349, 10), (352, 0), (371, 0)] ... (showing first 5 for brevity)
2024-12-26 21:01:28,772 - DEBUG - Pixel Bounding Box: x_min=349, x_max=375, y_min=0, y_max=15
2024-12-26 21:01:28,772 - DEBUG - Pixel bounding box: (349, 0, 375, 15)
2024-12-26 21:01:28,772 - DEBUG - Input is a list. Converting to tensor.
2024-12-26 21:01:28,772 - DEBUG - Input Bounding Boxes (Corner Format): tensor([[349.,   0., 375.,  15.]])
2024-12-26 21:01:28,772 - DEBUG - x_min: 349.0, y_min: 0.0, x_max: 375.0, y_max: 15.0
2024-12-26 21:01:28,773 - DEBUG - Converted Bounding Boxes (Center Format): tensor([[362.0000,   7.5000,  26.0000,  15.0000]])
2024-12-26 21:01:28,773 - DEBUG - Normalized bounding box (cx, cy, w, h): tensor([[362.0000,   7.5000,  26.0000,  15.0000]])
2024-12-26 21:01:28,774 - DEBUG - Processed image tensor shape: torch.Size([3, 512, 512])
2024-12-26 21:01:28,774 - DEBUG - Processed bounding box tensor: tensor([[362.0000,   7.5000,  26.0000,  15.0000]])
2024-12-26 21:01:28,775 - DEBUG - Processing index 4109:
2024-12-26 21:01:28,775 - DEBUG - Image path: ./data/raw/train/PS-RGB_tiled/66_104001002227AF00_tile_158.png
2024-12-26 21:01:28,775 - DEBUG - Label path: ./data/raw/train/geojson_aircraft_tiled/66_104001002227AF00_tile_158.geojson
2024-12-26 21:01:28,775 - DEBUG - Auxiliary path: ./data/raw/train/PS-RGB_tiled/66_104001002227AF00_tile_158.png.aux.xml
2024-12-26 21:01:28,775 - DEBUG - Parsing GeoTransform from: ./data/raw/train/PS-RGB_tiled/66_104001002227AF00_tile_158.png.aux.xml
2024-12-26 21:01:28,775 - DEBUG - GeoTransform parsed: [-111.21898751158962, 2.911664414652399e-06, 0.0, 32.405163582559574, 0.0, -2.911664414652399e-06]
2024-12-26 21:01:28,776 - DEBUG - Reading GeoJSON from: ./data/raw/train/geojson_aircraft_tiled/66_104001002227AF00_tile_158.geojson
2024-12-26 21:01:28,776 - DEBUG - First feature coordinates: [[[-111.21771637063095, 32.40393301816294], [-111.21769766185456, 32.403986539472626], [-111.21763064180747, 32.403933965442754], [-111.2176943463752, 32.403887311911745], [-111.21771637063095, 32.40393301816294]]]
2024-12-26 21:01:28,776 - DEBUG - Feature properties: {'loc_id': 66, 'cat_id': '104001002227AF00', 'location': 'Marana Regional Airport, West Avra Valley Road, Marana, Pima County, Arizona, 85653, USA', 'role': 'Small Civil Transport/Utility', 'role_id': 1, 'is_plane': 1, 'num_engines': 1, 'propulsion': 'propeller', 'canards': 'no', 'num_tail_fins': 1, 'wing_position': 'high mounted', 'wing_type': 'straight', 'length': 8.0625698174727, 'wingspan': 11.003804866338928, 'area': 44.354271265363714, 'faa_wingspan_class': 1, 'Public_Train': 1, 'Public_Test': 0, 'partialDec': 1.0, 'truncated': 0, 'new_area': 44.354271265363714}
2024-12-26 21:01:28,776 - DEBUG - GeoJSON Coords: [(-111.21771637063095, 32.40393301816294), (-111.21769766185456, 32.403986539472626), (-111.21763064180747, 32.403933965442754), (-111.2176943463752, 32.403887311911745), (-111.21771637063095, 32.40393301816294)]
2024-12-26 21:01:28,776 - DEBUG - GeoJSON Features: [8.0625698174727, 11.003804866338928, 44.354271265363714, 0, 0, 0, 1, 1, 1]
2024-12-26 21:01:28,776 - DEBUG - Parsed GeoTransform: [-111.21898751158962, 2.911664414652399e-06, 0.0, 32.405163582559574, 0.0, -2.911664414652399e-06]
2024-12-26 21:01:28,776 - DEBUG - Parsed GeoJSON coordinates: [(-111.21771637063095, 32.40393301816294), (-111.21769766185456, 32.403986539472626), (-111.21763064180747, 32.403933965442754), (-111.2176943463752, 32.403887311911745), (-111.21771637063095, 32.40393301816294)]
2024-12-26 21:01:28,777 - DEBUG - STREAM b'IHDR' 16 13
2024-12-26 21:01:28,777 - DEBUG - STREAM b'tRNS' 41 6
2024-12-26 21:01:28,777 - DEBUG - STREAM b'IDAT' 59 8192
2024-12-26 21:01:28,787 - DEBUG - Loaded image size: 512x512
2024-12-26 21:01:28,788 - DEBUG - Converting GeoJSON to pixel bounding boxes.
2024-12-26 21:01:28,788 - DEBUG - Input Coordinates: [(-111.21771637063095, 32.40393301816294), (-111.21769766185456, 32.403986539472626), (-111.21763064180747, 32.403933965442754), (-111.2176943463752, 32.403887311911745), (-111.21771637063095, 32.40393301816294)] ... (showing first 5 for brevity)
2024-12-26 21:01:28,788 - DEBUG - GeoTransform: [-111.21898751158962, 2.911664414652399e-06, 0.0, 32.405163582559574, 0.0, -2.911664414652399e-06]
2024-12-26 21:01:28,788 - DEBUG - Image Dimensions: width=512, height=512
2024-12-26 21:01:28,788 - DEBUG - Converting geo-coordinates to pixel coordinates:
2024-12-26 21:01:28,788 - DEBUG - Inputs - lon: -111.21771637063095, lat: 32.40393301816294, geo_transform: [-111.21898751158962, 2.911664414652399e-06, 0.0, 32.405163582559574, 0.0, -2.911664414652399e-06], image_width: 512, image_height: 512
2024-12-26 21:01:28,788 - DEBUG - Parsed GeoTransform - x_origin: -111.21898751158962, pixel_width: 2.911664414652399e-06, y_origin: 32.405163582559574, pixel_height: -2.911664414652399e-06
2024-12-26 21:01:28,788 - DEBUG - Computed pixel coordinates before clamping - x_pixel: 436, y_pixel: 422
2024-12-26 21:01:28,788 - DEBUG - Clamped pixel coordinates - x_pixel: 436, y_pixel: 422
2024-12-26 21:01:28,788 - DEBUG - Converting geo-coordinates to pixel coordinates:
2024-12-26 21:01:28,788 - DEBUG - Inputs - lon: -111.21769766185456, lat: 32.403986539472626, geo_transform: [-111.21898751158962, 2.911664414652399e-06, 0.0, 32.405163582559574, 0.0, -2.911664414652399e-06], image_width: 512, image_height: 512
2024-12-26 21:01:28,788 - DEBUG - Parsed GeoTransform - x_origin: -111.21898751158962, pixel_width: 2.911664414652399e-06, y_origin: 32.405163582559574, pixel_height: -2.911664414652399e-06
2024-12-26 21:01:28,788 - DEBUG - Computed pixel coordinates before clamping - x_pixel: 442, y_pixel: 404
2024-12-26 21:01:28,788 - DEBUG - Clamped pixel coordinates - x_pixel: 442, y_pixel: 404
2024-12-26 21:01:28,789 - DEBUG - Converting geo-coordinates to pixel coordinates:
2024-12-26 21:01:28,789 - DEBUG - Inputs - lon: -111.21763064180747, lat: 32.403933965442754, geo_transform: [-111.21898751158962, 2.911664414652399e-06, 0.0, 32.405163582559574, 0.0, -2.911664414652399e-06], image_width: 512, image_height: 512
2024-12-26 21:01:28,789 - DEBUG - Parsed GeoTransform - x_origin: -111.21898751158962, pixel_width: 2.911664414652399e-06, y_origin: 32.405163582559574, pixel_height: -2.911664414652399e-06
2024-12-26 21:01:28,789 - DEBUG - Computed pixel coordinates before clamping - x_pixel: 466, y_pixel: 422
2024-12-26 21:01:28,789 - DEBUG - Clamped pixel coordinates - x_pixel: 466, y_pixel: 422
2024-12-26 21:01:28,789 - DEBUG - Converting geo-coordinates to pixel coordinates:
2024-12-26 21:01:28,789 - DEBUG - Inputs - lon: -111.2176943463752, lat: 32.403887311911745, geo_transform: [-111.21898751158962, 2.911664414652399e-06, 0.0, 32.405163582559574, 0.0, -2.911664414652399e-06], image_width: 512, image_height: 512
2024-12-26 21:01:28,789 - DEBUG - Parsed GeoTransform - x_origin: -111.21898751158962, pixel_width: 2.911664414652399e-06, y_origin: 32.405163582559574, pixel_height: -2.911664414652399e-06
2024-12-26 21:01:28,789 - DEBUG - Computed pixel coordinates before clamping - x_pixel: 444, y_pixel: 438
2024-12-26 21:01:28,789 - DEBUG - Clamped pixel coordinates - x_pixel: 444, y_pixel: 438
2024-12-26 21:01:28,789 - DEBUG - Converting geo-coordinates to pixel coordinates:
2024-12-26 21:01:28,789 - DEBUG - Inputs - lon: -111.21771637063095, lat: 32.40393301816294, geo_transform: [-111.21898751158962, 2.911664414652399e-06, 0.0, 32.405163582559574, 0.0, -2.911664414652399e-06], image_width: 512, image_height: 512
2024-12-26 21:01:28,789 - DEBUG - Parsed GeoTransform - x_origin: -111.21898751158962, pixel_width: 2.911664414652399e-06, y_origin: 32.405163582559574, pixel_height: -2.911664414652399e-06
2024-12-26 21:01:28,790 - DEBUG - Computed pixel coordinates before clamping - x_pixel: 436, y_pixel: 422
2024-12-26 21:01:28,790 - DEBUG - Clamped pixel coordinates - x_pixel: 436, y_pixel: 422
2024-12-26 21:01:28,790 - DEBUG - Pixel Coordinates: [(436, 422), (442, 404), (466, 422), (444, 438), (436, 422)] ... (showing first 5 for brevity)
2024-12-26 21:01:28,790 - DEBUG - Pixel Bounding Box: x_min=436, x_max=466, y_min=404, y_max=438
2024-12-26 21:01:28,790 - DEBUG - Pixel bounding box: (436, 404, 466, 438)
2024-12-26 21:01:28,790 - DEBUG - Input is a list. Converting to tensor.
2024-12-26 21:01:28,790 - DEBUG - Input Bounding Boxes (Corner Format): tensor([[436., 404., 466., 438.]])
2024-12-26 21:01:28,790 - DEBUG - x_min: 436.0, y_min: 404.0, x_max: 466.0, y_max: 438.0
2024-12-26 21:01:28,791 - DEBUG - Converted Bounding Boxes (Center Format): tensor([[451., 421.,  30.,  34.]])
2024-12-26 21:01:28,791 - DEBUG - Normalized bounding box (cx, cy, w, h): tensor([[451., 421.,  30.,  34.]])
2024-12-26 21:01:28,792 - DEBUG - Processed image tensor shape: torch.Size([3, 512, 512])
2024-12-26 21:01:28,792 - DEBUG - Processed bounding box tensor: tensor([[451., 421.,  30.,  34.]])
2024-12-26 21:01:28,792 - DEBUG - Processing index 980:
2024-12-26 21:01:28,792 - DEBUG - Image path: ./data/raw/train/PS-RGB_tiled/127_1040010022BC3B00_tile_640.png
2024-12-26 21:01:28,792 - DEBUG - Label path: ./data/raw/train/geojson_aircraft_tiled/127_1040010022BC3B00_tile_640.geojson
2024-12-26 21:01:28,792 - DEBUG - Auxiliary path: ./data/raw/train/PS-RGB_tiled/127_1040010022BC3B00_tile_640.png.aux.xml
2024-12-26 21:01:28,793 - DEBUG - Parsing GeoTransform from: ./data/raw/train/PS-RGB_tiled/127_1040010022BC3B00_tile_640.png.aux.xml
2024-12-26 21:01:28,793 - DEBUG - GeoTransform parsed: [-65.98972893543458, 3.1470978786957305e-06, 0.0, 18.433215535980253, 0.0, -3.1470978786957305e-06]
2024-12-26 21:01:28,793 - DEBUG - Reading GeoJSON from: ./data/raw/train/geojson_aircraft_tiled/127_1040010022BC3B00_tile_640.geojson
2024-12-26 21:01:28,794 - DEBUG - First feature coordinates: [[[-65.98957493239989, 18.43166808789307], [-65.98972893543458, 18.43185075068534], [-65.98972893543458, 18.43199306478924], [-65.98958418023439, 18.43209554335387], [-65.98935452567792, 18.43194963307639], [-65.98957493239989, 18.43166808789307]]]
2024-12-26 21:01:28,794 - DEBUG - Feature properties: {'loc_id': 127, 'cat_id': '1040010022BC3B00', 'location': 'Budget, SJU Arrivals Lower Level, Biascoechea, Cangrejo Arriba, Carolina, Puerto Rico, 00979, USA', 'role': 'Large Civil Transport/Utility', 'role_id': 3, 'is_plane': 1, 'num_engines': 2, 'propulsion': 'jet', 'canards': 'no', 'num_tail_fins': 1, 'wing_position': 'mid/low mounted', 'wing_type': 'swept', 'length': 47.36258407885311, 'wingspan': 47.54393500231576, 'area': 1125.8993264966116, 'faa_wingspan_class': 4, 'Public_Train': 1, 'Public_Test': 0, 'partialDec': 0.9443793953322995, 'truncated': 1, 'new_area': 1063.2761251619133}
2024-12-26 21:01:28,794 - DEBUG - GeoJSON Coords: [(-65.98957493239989, 18.43166808789307), (-65.98972893543458, 18.43185075068534), (-65.98972893543458, 18.43199306478924), (-65.98958418023439, 18.43209554335387), (-65.98935452567792, 18.43194963307639), (-65.98957493239989, 18.43166808789307)]
2024-12-26 21:01:28,794 - DEBUG - GeoJSON Features: [47.36258407885311, 47.54393500231576, 1125.8993264966116, 1, 1, 0, 2, 1, 4]
2024-12-26 21:01:28,794 - DEBUG - Parsed GeoTransform: [-65.98972893543458, 3.1470978786957305e-06, 0.0, 18.433215535980253, 0.0, -3.1470978786957305e-06]
2024-12-26 21:01:28,794 - DEBUG - Parsed GeoJSON coordinates: [(-65.98957493239989, 18.43166808789307), (-65.98972893543458, 18.43185075068534), (-65.98972893543458, 18.43199306478924), (-65.98958418023439, 18.43209554335387), (-65.98935452567792, 18.43194963307639), (-65.98957493239989, 18.43166808789307)]
2024-12-26 21:01:28,795 - DEBUG - STREAM b'IHDR' 16 13
2024-12-26 21:01:28,795 - DEBUG - STREAM b'tRNS' 41 6
2024-12-26 21:01:28,795 - DEBUG - STREAM b'IDAT' 59 8192
2024-12-26 21:01:28,804 - DEBUG - Loaded image size: 512x512
2024-12-26 21:01:28,804 - DEBUG - Converting GeoJSON to pixel bounding boxes.
2024-12-26 21:01:28,804 - DEBUG - Input Coordinates: [(-65.98957493239989, 18.43166808789307), (-65.98972893543458, 18.43185075068534), (-65.98972893543458, 18.43199306478924), (-65.98958418023439, 18.43209554335387), (-65.98935452567792, 18.43194963307639)] ... (showing first 5 for brevity)
2024-12-26 21:01:28,805 - DEBUG - GeoTransform: [-65.98972893543458, 3.1470978786957305e-06, 0.0, 18.433215535980253, 0.0, -3.1470978786957305e-06]
2024-12-26 21:01:28,805 - DEBUG - Image Dimensions: width=512, height=512
2024-12-26 21:01:28,805 - DEBUG - Converting geo-coordinates to pixel coordinates:
2024-12-26 21:01:28,805 - DEBUG - Inputs - lon: -65.98957493239989, lat: 18.43166808789307, geo_transform: [-65.98972893543458, 3.1470978786957305e-06, 0.0, 18.433215535980253, 0.0, -3.1470978786957305e-06], image_width: 512, image_height: 512
2024-12-26 21:01:28,805 - DEBUG - Parsed GeoTransform - x_origin: -65.98972893543458, pixel_width: 3.1470978786957305e-06, y_origin: 18.433215535980253, pixel_height: -3.1470978786957305e-06
2024-12-26 21:01:28,805 - DEBUG - Computed pixel coordinates before clamping - x_pixel: 48, y_pixel: 491
2024-12-26 21:01:28,805 - DEBUG - Clamped pixel coordinates - x_pixel: 48, y_pixel: 491
2024-12-26 21:01:28,805 - DEBUG - Converting geo-coordinates to pixel coordinates:
2024-12-26 21:01:28,806 - DEBUG - Inputs - lon: -65.98972893543458, lat: 18.43185075068534, geo_transform: [-65.98972893543458, 3.1470978786957305e-06, 0.0, 18.433215535980253, 0.0, -3.1470978786957305e-06], image_width: 512, image_height: 512
2024-12-26 21:01:28,806 - DEBUG - Parsed GeoTransform - x_origin: -65.98972893543458, pixel_width: 3.1470978786957305e-06, y_origin: 18.433215535980253, pixel_height: -3.1470978786957305e-06
2024-12-26 21:01:28,806 - DEBUG - Computed pixel coordinates before clamping - x_pixel: 0, y_pixel: 433
2024-12-26 21:01:28,806 - DEBUG - Clamped pixel coordinates - x_pixel: 0, y_pixel: 433
2024-12-26 21:01:28,806 - DEBUG - Converting geo-coordinates to pixel coordinates:
2024-12-26 21:01:28,806 - DEBUG - Inputs - lon: -65.98972893543458, lat: 18.43199306478924, geo_transform: [-65.98972893543458, 3.1470978786957305e-06, 0.0, 18.433215535980253, 0.0, -3.1470978786957305e-06], image_width: 512, image_height: 512
2024-12-26 21:01:28,806 - DEBUG - Parsed GeoTransform - x_origin: -65.98972893543458, pixel_width: 3.1470978786957305e-06, y_origin: 18.433215535980253, pixel_height: -3.1470978786957305e-06
2024-12-26 21:01:28,806 - DEBUG - Computed pixel coordinates before clamping - x_pixel: 0, y_pixel: 388
2024-12-26 21:01:28,806 - DEBUG - Clamped pixel coordinates - x_pixel: 0, y_pixel: 388
2024-12-26 21:01:28,806 - DEBUG - Converting geo-coordinates to pixel coordinates:
2024-12-26 21:01:28,806 - DEBUG - Inputs - lon: -65.98958418023439, lat: 18.43209554335387, geo_transform: [-65.98972893543458, 3.1470978786957305e-06, 0.0, 18.433215535980253, 0.0, -3.1470978786957305e-06], image_width: 512, image_height: 512
2024-12-26 21:01:28,806 - DEBUG - Parsed GeoTransform - x_origin: -65.98972893543458, pixel_width: 3.1470978786957305e-06, y_origin: 18.433215535980253, pixel_height: -3.1470978786957305e-06
2024-12-26 21:01:28,806 - DEBUG - Computed pixel coordinates before clamping - x_pixel: 45, y_pixel: 355
2024-12-26 21:01:28,806 - DEBUG - Clamped pixel coordinates - x_pixel: 45, y_pixel: 355
2024-12-26 21:01:28,806 - DEBUG - Converting geo-coordinates to pixel coordinates:
2024-12-26 21:01:28,807 - DEBUG - Inputs - lon: -65.98935452567792, lat: 18.43194963307639, geo_transform: [-65.98972893543458, 3.1470978786957305e-06, 0.0, 18.433215535980253, 0.0, -3.1470978786957305e-06], image_width: 512, image_height: 512
2024-12-26 21:01:28,807 - DEBUG - Parsed GeoTransform - x_origin: -65.98972893543458, pixel_width: 3.1470978786957305e-06, y_origin: 18.433215535980253, pixel_height: -3.1470978786957305e-06
2024-12-26 21:01:28,807 - DEBUG - Computed pixel coordinates before clamping - x_pixel: 118, y_pixel: 402
2024-12-26 21:01:28,807 - DEBUG - Clamped pixel coordinates - x_pixel: 118, y_pixel: 402
2024-12-26 21:01:28,807 - DEBUG - Converting geo-coordinates to pixel coordinates:
2024-12-26 21:01:28,807 - DEBUG - Inputs - lon: -65.98957493239989, lat: 18.43166808789307, geo_transform: [-65.98972893543458, 3.1470978786957305e-06, 0.0, 18.433215535980253, 0.0, -3.1470978786957305e-06], image_width: 512, image_height: 512
2024-12-26 21:01:28,807 - DEBUG - Parsed GeoTransform - x_origin: -65.98972893543458, pixel_width: 3.1470978786957305e-06, y_origin: 18.433215535980253, pixel_height: -3.1470978786957305e-06
2024-12-26 21:01:28,807 - DEBUG - Computed pixel coordinates before clamping - x_pixel: 48, y_pixel: 491
2024-12-26 21:01:28,807 - DEBUG - Clamped pixel coordinates - x_pixel: 48, y_pixel: 491
2024-12-26 21:01:28,807 - DEBUG - Pixel Coordinates: [(48, 491), (0, 433), (0, 388), (45, 355), (118, 402)] ... (showing first 5 for brevity)
2024-12-26 21:01:28,807 - DEBUG - Pixel Bounding Box: x_min=0, x_max=118, y_min=355, y_max=491
2024-12-26 21:01:28,807 - DEBUG - Pixel bounding box: (0, 355, 118, 491)
2024-12-26 21:01:28,807 - DEBUG - Input is a list. Converting to tensor.
2024-12-26 21:01:28,808 - DEBUG - Input Bounding Boxes (Corner Format): tensor([[  0., 355., 118., 491.]])
2024-12-26 21:01:28,808 - DEBUG - x_min: 0.0, y_min: 355.0, x_max: 118.0, y_max: 491.0
2024-12-26 21:01:28,808 - DEBUG - Converted Bounding Boxes (Center Format): tensor([[ 59., 423., 118., 136.]])
2024-12-26 21:01:28,808 - DEBUG - Normalized bounding box (cx, cy, w, h): tensor([[ 59., 423., 118., 136.]])
2024-12-26 21:01:28,810 - DEBUG - Processed image tensor shape: torch.Size([3, 512, 512])
2024-12-26 21:01:28,810 - DEBUG - Processed bounding box tensor: tensor([[ 59., 423., 118., 136.]])
2024-12-26 21:01:28,810 - DEBUG - Processing index 2071:
2024-12-26 21:01:28,810 - DEBUG - Image path: ./data/raw/train/PS-RGB_tiled/37_104001000EA43C00_tile_394.png
2024-12-26 21:01:28,810 - DEBUG - Label path: ./data/raw/train/geojson_aircraft_tiled/37_104001000EA43C00_tile_394.geojson
2024-12-26 21:01:28,810 - DEBUG - Auxiliary path: ./data/raw/train/PS-RGB_tiled/37_104001000EA43C00_tile_394.png.aux.xml
2024-12-26 21:01:28,810 - DEBUG - Parsing GeoTransform from: ./data/raw/train/PS-RGB_tiled/37_104001000EA43C00_tile_394.png.aux.xml
2024-12-26 21:01:28,811 - DEBUG - GeoTransform parsed: [-0.18394911557592244, 3.213722928937588e-06, 0.0, 51.15273713037758, 0.0, -3.213722928937588e-06]
2024-12-26 21:01:28,811 - DEBUG - Reading GeoJSON from: ./data/raw/train/geojson_aircraft_tiled/37_104001000EA43C00_tile_394.geojson
2024-12-26 21:01:28,811 - DEBUG - First feature coordinates: [[[-0.183794041109839, 51.15180622826926], [-0.183566314436583, 51.15197871911113], [-0.183324052018226, 51.151855649802606], [-0.183492666661403, 51.151683158960736], [-0.183794041109839, 51.15180622826926]]]
2024-12-26 21:01:28,811 - DEBUG - Feature properties: {'loc_id': 37, 'cat_id': '104001000EA43C00', 'location': 'London Gatwick Airport, Fuel Farm Road, Crawley, West Sussex, South East, England, RH6 0SQ, United Kingdom', 'role': 'Medium Civil Transport/Utility', 'role_id': 2, 'is_plane': 1, 'num_engines': 2, 'propulsion': 'jet', 'canards': 'no', 'num_tail_fins': 1, 'wing_position': 'mid/low mounted', 'wing_type': 'swept', 'length': 33.34337257935704, 'wingspan': 33.28528668609786, 'area': 554.8929072914036, 'faa_wingspan_class': 3, 'Public_Train': 1, 'Public_Test': 0, 'partialDec': 1.0, 'truncated': 0, 'new_area': 554.8929072914036}
2024-12-26 21:01:28,811 - DEBUG - GeoJSON Coords: [(-0.183794041109839, 51.15180622826926), (-0.183566314436583, 51.15197871911113), (-0.183324052018226, 51.151855649802606), (-0.183492666661403, 51.151683158960736), (-0.183794041109839, 51.15180622826926)]
2024-12-26 21:01:28,812 - DEBUG - GeoJSON Features: [33.34337257935704, 33.28528668609786, 554.8929072914036, 1, 1, 0, 2, 1, 3]
2024-12-26 21:01:28,812 - DEBUG - Parsed GeoTransform: [-0.18394911557592244, 3.213722928937588e-06, 0.0, 51.15273713037758, 0.0, -3.213722928937588e-06]
2024-12-26 21:01:28,812 - DEBUG - Parsed GeoJSON coordinates: [(-0.183794041109839, 51.15180622826926), (-0.183566314436583, 51.15197871911113), (-0.183324052018226, 51.151855649802606), (-0.183492666661403, 51.151683158960736), (-0.183794041109839, 51.15180622826926)]
2024-12-26 21:01:28,813 - DEBUG - STREAM b'IHDR' 16 13
2024-12-26 21:01:28,813 - DEBUG - STREAM b'tRNS' 41 6
2024-12-26 21:01:28,813 - DEBUG - STREAM b'IDAT' 59 8192
2024-12-26 21:01:28,823 - DEBUG - Loaded image size: 512x512
2024-12-26 21:01:28,823 - DEBUG - Converting GeoJSON to pixel bounding boxes.
2024-12-26 21:01:28,823 - DEBUG - Input Coordinates: [(-0.183794041109839, 51.15180622826926), (-0.183566314436583, 51.15197871911113), (-0.183324052018226, 51.151855649802606), (-0.183492666661403, 51.151683158960736), (-0.183794041109839, 51.15180622826926)] ... (showing first 5 for brevity)
2024-12-26 21:01:28,823 - DEBUG - GeoTransform: [-0.18394911557592244, 3.213722928937588e-06, 0.0, 51.15273713037758, 0.0, -3.213722928937588e-06]
2024-12-26 21:01:28,823 - DEBUG - Image Dimensions: width=512, height=512
2024-12-26 21:01:28,824 - DEBUG - Converting geo-coordinates to pixel coordinates:
2024-12-26 21:01:28,824 - DEBUG - Inputs - lon: -0.183794041109839, lat: 51.15180622826926, geo_transform: [-0.18394911557592244, 3.213722928937588e-06, 0.0, 51.15273713037758, 0.0, -3.213722928937588e-06], image_width: 512, image_height: 512
2024-12-26 21:01:28,824 - DEBUG - Parsed GeoTransform - x_origin: -0.18394911557592244, pixel_width: 3.213722928937588e-06, y_origin: 51.15273713037758, pixel_height: -3.213722928937588e-06
2024-12-26 21:01:28,824 - DEBUG - Computed pixel coordinates before clamping - x_pixel: 48, y_pixel: 289
2024-12-26 21:01:28,824 - DEBUG - Clamped pixel coordinates - x_pixel: 48, y_pixel: 289
2024-12-26 21:01:28,824 - DEBUG - Converting geo-coordinates to pixel coordinates:
2024-12-26 21:01:28,824 - DEBUG - Inputs - lon: -0.183566314436583, lat: 51.15197871911113, geo_transform: [-0.18394911557592244, 3.213722928937588e-06, 0.0, 51.15273713037758, 0.0, -3.213722928937588e-06], image_width: 512, image_height: 512
2024-12-26 21:01:28,824 - DEBUG - Parsed GeoTransform - x_origin: -0.18394911557592244, pixel_width: 3.213722928937588e-06, y_origin: 51.15273713037758, pixel_height: -3.213722928937588e-06
2024-12-26 21:01:28,824 - DEBUG - Computed pixel coordinates before clamping - x_pixel: 119, y_pixel: 235
2024-12-26 21:01:28,824 - DEBUG - Clamped pixel coordinates - x_pixel: 119, y_pixel: 235
2024-12-26 21:01:28,824 - DEBUG - Converting geo-coordinates to pixel coordinates:
2024-12-26 21:01:28,824 - DEBUG - Inputs - lon: -0.183324052018226, lat: 51.151855649802606, geo_transform: [-0.18394911557592244, 3.213722928937588e-06, 0.0, 51.15273713037758, 0.0, -3.213722928937588e-06], image_width: 512, image_height: 512
2024-12-26 21:01:28,824 - DEBUG - Parsed GeoTransform - x_origin: -0.18394911557592244, pixel_width: 3.213722928937588e-06, y_origin: 51.15273713037758, pixel_height: -3.213722928937588e-06
2024-12-26 21:01:28,824 - DEBUG - Computed pixel coordinates before clamping - x_pixel: 194, y_pixel: 274
2024-12-26 21:01:28,825 - DEBUG - Clamped pixel coordinates - x_pixel: 194, y_pixel: 274
2024-12-26 21:01:28,825 - DEBUG - Converting geo-coordinates to pixel coordinates:
2024-12-26 21:01:28,825 - DEBUG - Inputs - lon: -0.183492666661403, lat: 51.151683158960736, geo_transform: [-0.18394911557592244, 3.213722928937588e-06, 0.0, 51.15273713037758, 0.0, -3.213722928937588e-06], image_width: 512, image_height: 512
2024-12-26 21:01:28,825 - DEBUG - Parsed GeoTransform - x_origin: -0.18394911557592244, pixel_width: 3.213722928937588e-06, y_origin: 51.15273713037758, pixel_height: -3.213722928937588e-06
2024-12-26 21:01:28,825 - DEBUG - Computed pixel coordinates before clamping - x_pixel: 142, y_pixel: 327
2024-12-26 21:01:28,825 - DEBUG - Clamped pixel coordinates - x_pixel: 142, y_pixel: 327
2024-12-26 21:01:28,825 - DEBUG - Converting geo-coordinates to pixel coordinates:
2024-12-26 21:01:28,825 - DEBUG - Inputs - lon: -0.183794041109839, lat: 51.15180622826926, geo_transform: [-0.18394911557592244, 3.213722928937588e-06, 0.0, 51.15273713037758, 0.0, -3.213722928937588e-06], image_width: 512, image_height: 512
2024-12-26 21:01:28,825 - DEBUG - Parsed GeoTransform - x_origin: -0.18394911557592244, pixel_width: 3.213722928937588e-06, y_origin: 51.15273713037758, pixel_height: -3.213722928937588e-06
2024-12-26 21:01:28,825 - DEBUG - Computed pixel coordinates before clamping - x_pixel: 48, y_pixel: 289
2024-12-26 21:01:28,825 - DEBUG - Clamped pixel coordinates - x_pixel: 48, y_pixel: 289
2024-12-26 21:01:28,825 - DEBUG - Pixel Coordinates: [(48, 289), (119, 235), (194, 274), (142, 327), (48, 289)] ... (showing first 5 for brevity)
2024-12-26 21:01:28,825 - DEBUG - Pixel Bounding Box: x_min=48, x_max=194, y_min=235, y_max=327
2024-12-26 21:01:28,825 - DEBUG - Pixel bounding box: (48, 235, 194, 327)
2024-12-26 21:01:28,825 - DEBUG - Input is a list. Converting to tensor.
2024-12-26 21:01:28,826 - DEBUG - Input Bounding Boxes (Corner Format): tensor([[ 48., 235., 194., 327.]])
2024-12-26 21:01:28,826 - DEBUG - x_min: 48.0, y_min: 235.0, x_max: 194.0, y_max: 327.0
2024-12-26 21:01:28,826 - DEBUG - Converted Bounding Boxes (Center Format): tensor([[121., 281., 146.,  92.]])
2024-12-26 21:01:28,826 - DEBUG - Normalized bounding box (cx, cy, w, h): tensor([[121., 281., 146.,  92.]])
2024-12-26 21:01:28,828 - DEBUG - Processed image tensor shape: torch.Size([3, 512, 512])
2024-12-26 21:01:28,828 - DEBUG - Processed bounding box tensor: tensor([[121., 281., 146.,  92.]])
2024-12-26 21:01:28,828 - DEBUG - Processing index 1671:
2024-12-26 21:01:28,828 - DEBUG - Image path: ./data/raw/train/PS-RGB_tiled/20_1040010038CAE700_tile_250.png
2024-12-26 21:01:28,829 - DEBUG - Label path: ./data/raw/train/geojson_aircraft_tiled/20_1040010038CAE700_tile_250.geojson
2024-12-26 21:01:28,829 - DEBUG - Auxiliary path: ./data/raw/train/PS-RGB_tiled/20_1040010038CAE700_tile_250.png.aux.xml
2024-12-26 21:01:28,829 - DEBUG - Parsing GeoTransform from: ./data/raw/train/PS-RGB_tiled/20_1040010038CAE700_tile_250.png.aux.xml
2024-12-26 21:01:28,829 - DEBUG - GeoTransform parsed: [11.088169936884864, 3.237201623866705e-06, 0.0, 49.495925715611634, 0.0, -3.237201623866705e-06]
2024-12-26 21:01:28,829 - DEBUG - Reading GeoJSON from: ./data/raw/train/geojson_aircraft_tiled/20_1040010038CAE700_tile_250.geojson
2024-12-26 21:01:28,830 - DEBUG - First feature coordinates: [[[11.089315465918565, 49.49489351591925], [11.089432385142064, 49.49488646044887], [11.089453551553216, 49.494817921593715], [11.089346711573121, 49.49482598498844], [11.089315465918565, 49.49489351591925]]]
2024-12-26 21:01:28,830 - DEBUG - Feature properties: {'loc_id': 20, 'cat_id': '1040010038CAE700', 'location': 'Albrecht Dürer Airport Nuremberg, Ringstraße, Almoshof, Nuremberg, Middle Franconia, Bavaria, 90411, Germany', 'role': 'Small Civil Transport/Utility', 'role_id': 1, 'is_plane': 1, 'num_engines': 2, 'propulsion': 'jet', 'canards': 'no', 'num_tail_fins': 1, 'wing_position': 'mid/low mounted', 'wing_type': 'straight', 'length': 13.065842625735968, 'wingspan': 9.151008025475887, 'area': 59.718692191118365, 'faa_wingspan_class': 1, 'Public_Train': 1, 'Public_Test': 0, 'partialDec': 1.0, 'truncated': 0, 'new_area': 59.718692191118365}
2024-12-26 21:01:28,830 - DEBUG - GeoJSON Coords: [(11.089315465918565, 49.49489351591925), (11.089432385142064, 49.49488646044887), (11.089453551553216, 49.494817921593715), (11.089346711573121, 49.49482598498844), (11.089315465918565, 49.49489351591925)]
2024-12-26 21:01:28,830 - DEBUG - GeoJSON Features: [13.065842625735968, 9.151008025475887, 59.718692191118365, 0, 1, 0, 2, 1, 1]
2024-12-26 21:01:28,830 - DEBUG - Parsed GeoTransform: [11.088169936884864, 3.237201623866705e-06, 0.0, 49.495925715611634, 0.0, -3.237201623866705e-06]
2024-12-26 21:01:28,830 - DEBUG - Parsed GeoJSON coordinates: [(11.089315465918565, 49.49489351591925), (11.089432385142064, 49.49488646044887), (11.089453551553216, 49.494817921593715), (11.089346711573121, 49.49482598498844), (11.089315465918565, 49.49489351591925)]
2024-12-26 21:01:28,831 - DEBUG - STREAM b'IHDR' 16 13
2024-12-26 21:01:28,831 - DEBUG - STREAM b'tRNS' 41 6
2024-12-26 21:01:28,831 - DEBUG - STREAM b'IDAT' 59 8192
2024-12-26 21:01:28,840 - DEBUG - Loaded image size: 512x512
2024-12-26 21:01:28,840 - DEBUG - Converting GeoJSON to pixel bounding boxes.
2024-12-26 21:01:28,840 - DEBUG - Input Coordinates: [(11.089315465918565, 49.49489351591925), (11.089432385142064, 49.49488646044887), (11.089453551553216, 49.494817921593715), (11.089346711573121, 49.49482598498844), (11.089315465918565, 49.49489351591925)] ... (showing first 5 for brevity)
2024-12-26 21:01:28,840 - DEBUG - GeoTransform: [11.088169936884864, 3.237201623866705e-06, 0.0, 49.495925715611634, 0.0, -3.237201623866705e-06]
2024-12-26 21:01:28,840 - DEBUG - Image Dimensions: width=512, height=512
2024-12-26 21:01:28,840 - DEBUG - Converting geo-coordinates to pixel coordinates:
2024-12-26 21:01:28,840 - DEBUG - Inputs - lon: 11.089315465918565, lat: 49.49489351591925, geo_transform: [11.088169936884864, 3.237201623866705e-06, 0.0, 49.495925715611634, 0.0, -3.237201623866705e-06], image_width: 512, image_height: 512
2024-12-26 21:01:28,841 - DEBUG - Parsed GeoTransform - x_origin: 11.088169936884864, pixel_width: 3.237201623866705e-06, y_origin: 49.495925715611634, pixel_height: -3.237201623866705e-06
2024-12-26 21:01:28,841 - DEBUG - Computed pixel coordinates before clamping - x_pixel: 353, y_pixel: 318
2024-12-26 21:01:28,841 - DEBUG - Clamped pixel coordinates - x_pixel: 353, y_pixel: 318
2024-12-26 21:01:28,841 - DEBUG - Converting geo-coordinates to pixel coordinates:
2024-12-26 21:01:28,841 - DEBUG - Inputs - lon: 11.089432385142064, lat: 49.49488646044887, geo_transform: [11.088169936884864, 3.237201623866705e-06, 0.0, 49.495925715611634, 0.0, -3.237201623866705e-06], image_width: 512, image_height: 512
2024-12-26 21:01:28,841 - DEBUG - Parsed GeoTransform - x_origin: 11.088169936884864, pixel_width: 3.237201623866705e-06, y_origin: 49.495925715611634, pixel_height: -3.237201623866705e-06
2024-12-26 21:01:28,841 - DEBUG - Computed pixel coordinates before clamping - x_pixel: 389, y_pixel: 321
2024-12-26 21:01:28,841 - DEBUG - Clamped pixel coordinates - x_pixel: 389, y_pixel: 321
2024-12-26 21:01:28,841 - DEBUG - Converting geo-coordinates to pixel coordinates:
2024-12-26 21:01:28,841 - DEBUG - Inputs - lon: 11.089453551553216, lat: 49.494817921593715, geo_transform: [11.088169936884864, 3.237201623866705e-06, 0.0, 49.495925715611634, 0.0, -3.237201623866705e-06], image_width: 512, image_height: 512
2024-12-26 21:01:28,841 - DEBUG - Parsed GeoTransform - x_origin: 11.088169936884864, pixel_width: 3.237201623866705e-06, y_origin: 49.495925715611634, pixel_height: -3.237201623866705e-06
2024-12-26 21:01:28,841 - DEBUG - Computed pixel coordinates before clamping - x_pixel: 396, y_pixel: 342
2024-12-26 21:01:28,841 - DEBUG - Clamped pixel coordinates - x_pixel: 396, y_pixel: 342
2024-12-26 21:01:28,841 - DEBUG - Converting geo-coordinates to pixel coordinates:
2024-12-26 21:01:28,842 - DEBUG - Inputs - lon: 11.089346711573121, lat: 49.49482598498844, geo_transform: [11.088169936884864, 3.237201623866705e-06, 0.0, 49.495925715611634, 0.0, -3.237201623866705e-06], image_width: 512, image_height: 512
2024-12-26 21:01:28,842 - DEBUG - Parsed GeoTransform - x_origin: 11.088169936884864, pixel_width: 3.237201623866705e-06, y_origin: 49.495925715611634, pixel_height: -3.237201623866705e-06
2024-12-26 21:01:28,842 - DEBUG - Computed pixel coordinates before clamping - x_pixel: 363, y_pixel: 339
2024-12-26 21:01:28,842 - DEBUG - Clamped pixel coordinates - x_pixel: 363, y_pixel: 339
2024-12-26 21:01:28,842 - DEBUG - Converting geo-coordinates to pixel coordinates:
2024-12-26 21:01:28,842 - DEBUG - Inputs - lon: 11.089315465918565, lat: 49.49489351591925, geo_transform: [11.088169936884864, 3.237201623866705e-06, 0.0, 49.495925715611634, 0.0, -3.237201623866705e-06], image_width: 512, image_height: 512
2024-12-26 21:01:28,842 - DEBUG - Parsed GeoTransform - x_origin: 11.088169936884864, pixel_width: 3.237201623866705e-06, y_origin: 49.495925715611634, pixel_height: -3.237201623866705e-06
2024-12-26 21:01:28,842 - DEBUG - Computed pixel coordinates before clamping - x_pixel: 353, y_pixel: 318
2024-12-26 21:01:28,842 - DEBUG - Clamped pixel coordinates - x_pixel: 353, y_pixel: 318
2024-12-26 21:01:28,842 - DEBUG - Pixel Coordinates: [(353, 318), (389, 321), (396, 342), (363, 339), (353, 318)] ... (showing first 5 for brevity)
2024-12-26 21:01:28,842 - DEBUG - Pixel Bounding Box: x_min=353, x_max=396, y_min=318, y_max=342
2024-12-26 21:01:28,842 - DEBUG - Pixel bounding box: (353, 318, 396, 342)
2024-12-26 21:01:28,842 - DEBUG - Input is a list. Converting to tensor.
2024-12-26 21:01:28,843 - DEBUG - Input Bounding Boxes (Corner Format): tensor([[353., 318., 396., 342.]])
2024-12-26 21:01:28,843 - DEBUG - x_min: 353.0, y_min: 318.0, x_max: 396.0, y_max: 342.0
2024-12-26 21:01:28,843 - DEBUG - Converted Bounding Boxes (Center Format): tensor([[374.5000, 330.0000,  43.0000,  24.0000]])
2024-12-26 21:01:28,843 - DEBUG - Normalized bounding box (cx, cy, w, h): tensor([[374.5000, 330.0000,  43.0000,  24.0000]])
2024-12-26 21:01:28,844 - DEBUG - Processed image tensor shape: torch.Size([3, 512, 512])
2024-12-26 21:01:28,845 - DEBUG - Processed bounding box tensor: tensor([[374.5000, 330.0000,  43.0000,  24.0000]])
2024-12-26 21:01:28,845 - DEBUG - Processing index 3102:
2024-12-26 21:01:28,845 - DEBUG - Image path: ./data/raw/train/PS-RGB_tiled/52_1040010039815D00_tile_381.png
2024-12-26 21:01:28,845 - DEBUG - Label path: ./data/raw/train/geojson_aircraft_tiled/52_1040010039815D00_tile_381.geojson
2024-12-26 21:01:28,845 - DEBUG - Auxiliary path: ./data/raw/train/PS-RGB_tiled/52_1040010039815D00_tile_381.png.aux.xml
2024-12-26 21:01:28,845 - DEBUG - Parsing GeoTransform from: ./data/raw/train/PS-RGB_tiled/52_1040010039815D00_tile_381.png.aux.xml
2024-12-26 21:01:28,846 - DEBUG - GeoTransform parsed: [-111.16060873362511, 3.4429974889550878e-06, 0.0, 45.7790747852011, 0.0, -3.4429974889550878e-06]
2024-12-26 21:01:28,846 - DEBUG - Reading GeoJSON from: ./data/raw/train/geojson_aircraft_tiled/52_1040010039815D00_tile_381.geojson
2024-12-26 21:01:28,847 - DEBUG - First feature coordinates: [[[-111.1597506603568, 45.778649930947914], [-111.15961995152809, 45.778838009715045], [-111.1593703627239, 45.77879838305656], [-111.15945493902484, 45.77865407104657], [-111.1597506603568, 45.778649930947914]]]
2024-12-26 21:01:28,847 - DEBUG - Feature properties: {'loc_id': 52, 'cat_id': '1040010039815D00', 'location': 'Bozeman Yellowstone International Airport, East Baseline Road, Belgrade, Gallatin County, Montana, 59714, USA', 'role': 'Medium Civil Transport/Utility', 'role_id': 2, 'is_plane': 1, 'num_engines': 2, 'propulsion': 'jet', 'canards': 'no', 'num_tail_fins': 1, 'wing_position': 'mid/low mounted', 'wing_type': 'swept', 'length': 33.85403596380763, 'wingspan': 24.128726250430685, 'area': 407.8820552891117, 'faa_wingspan_class': 3, 'Public_Train': 1, 'Public_Test': 0, 'partialDec': 1.0, 'truncated': 0, 'new_area': 407.8820552891117}
2024-12-26 21:01:28,848 - DEBUG - GeoJSON Coords: [(-111.1597506603568, 45.778649930947914), (-111.15961995152809, 45.778838009715045), (-111.1593703627239, 45.77879838305656), (-111.15945493902484, 45.77865407104657), (-111.1597506603568, 45.778649930947914)]
2024-12-26 21:01:28,848 - DEBUG - GeoJSON Features: [33.85403596380763, 24.128726250430685, 407.8820552891117, 1, 1, 0, 2, 1, 3]
2024-12-26 21:01:28,848 - DEBUG - Parsed GeoTransform: [-111.16060873362511, 3.4429974889550878e-06, 0.0, 45.7790747852011, 0.0, -3.4429974889550878e-06]
2024-12-26 21:01:28,848 - DEBUG - Parsed GeoJSON coordinates: [(-111.1597506603568, 45.778649930947914), (-111.15961995152809, 45.778838009715045), (-111.1593703627239, 45.77879838305656), (-111.15945493902484, 45.77865407104657), (-111.1597506603568, 45.778649930947914)]
2024-12-26 21:01:28,848 - DEBUG - STREAM b'IHDR' 16 13
2024-12-26 21:01:28,849 - DEBUG - STREAM b'tRNS' 41 6
2024-12-26 21:01:28,849 - DEBUG - STREAM b'IDAT' 59 8192
2024-12-26 21:01:28,859 - DEBUG - Loaded image size: 512x512
2024-12-26 21:01:28,859 - DEBUG - Converting GeoJSON to pixel bounding boxes.
2024-12-26 21:01:28,859 - DEBUG - Input Coordinates: [(-111.1597506603568, 45.778649930947914), (-111.15961995152809, 45.778838009715045), (-111.1593703627239, 45.77879838305656), (-111.15945493902484, 45.77865407104657), (-111.1597506603568, 45.778649930947914)] ... (showing first 5 for brevity)
2024-12-26 21:01:28,859 - DEBUG - GeoTransform: [-111.16060873362511, 3.4429974889550878e-06, 0.0, 45.7790747852011, 0.0, -3.4429974889550878e-06]
2024-12-26 21:01:28,859 - DEBUG - Image Dimensions: width=512, height=512
2024-12-26 21:01:28,859 - DEBUG - Converting geo-coordinates to pixel coordinates:
2024-12-26 21:01:28,859 - DEBUG - Inputs - lon: -111.1597506603568, lat: 45.778649930947914, geo_transform: [-111.16060873362511, 3.4429974889550878e-06, 0.0, 45.7790747852011, 0.0, -3.4429974889550878e-06], image_width: 512, image_height: 512
2024-12-26 21:01:28,859 - DEBUG - Parsed GeoTransform - x_origin: -111.16060873362511, pixel_width: 3.4429974889550878e-06, y_origin: 45.7790747852011, pixel_height: -3.4429974889550878e-06
2024-12-26 21:01:28,859 - DEBUG - Computed pixel coordinates before clamping - x_pixel: 249, y_pixel: 123
2024-12-26 21:01:28,860 - DEBUG - Clamped pixel coordinates - x_pixel: 249, y_pixel: 123
2024-12-26 21:01:28,860 - DEBUG - Converting geo-coordinates to pixel coordinates:
2024-12-26 21:01:28,860 - DEBUG - Inputs - lon: -111.15961995152809, lat: 45.778838009715045, geo_transform: [-111.16060873362511, 3.4429974889550878e-06, 0.0, 45.7790747852011, 0.0, -3.4429974889550878e-06], image_width: 512, image_height: 512
2024-12-26 21:01:28,860 - DEBUG - Parsed GeoTransform - x_origin: -111.16060873362511, pixel_width: 3.4429974889550878e-06, y_origin: 45.7790747852011, pixel_height: -3.4429974889550878e-06
2024-12-26 21:01:28,860 - DEBUG - Computed pixel coordinates before clamping - x_pixel: 287, y_pixel: 68
2024-12-26 21:01:28,860 - DEBUG - Clamped pixel coordinates - x_pixel: 287, y_pixel: 68
2024-12-26 21:01:28,860 - DEBUG - Converting geo-coordinates to pixel coordinates:
2024-12-26 21:01:28,860 - DEBUG - Inputs - lon: -111.1593703627239, lat: 45.77879838305656, geo_transform: [-111.16060873362511, 3.4429974889550878e-06, 0.0, 45.7790747852011, 0.0, -3.4429974889550878e-06], image_width: 512, image_height: 512
2024-12-26 21:01:28,860 - DEBUG - Parsed GeoTransform - x_origin: -111.16060873362511, pixel_width: 3.4429974889550878e-06, y_origin: 45.7790747852011, pixel_height: -3.4429974889550878e-06
2024-12-26 21:01:28,860 - DEBUG - Computed pixel coordinates before clamping - x_pixel: 359, y_pixel: 80
2024-12-26 21:01:28,860 - DEBUG - Clamped pixel coordinates - x_pixel: 359, y_pixel: 80
2024-12-26 21:01:28,860 - DEBUG - Converting geo-coordinates to pixel coordinates:
2024-12-26 21:01:28,860 - DEBUG - Inputs - lon: -111.15945493902484, lat: 45.77865407104657, geo_transform: [-111.16060873362511, 3.4429974889550878e-06, 0.0, 45.7790747852011, 0.0, -3.4429974889550878e-06], image_width: 512, image_height: 512
2024-12-26 21:01:28,860 - DEBUG - Parsed GeoTransform - x_origin: -111.16060873362511, pixel_width: 3.4429974889550878e-06, y_origin: 45.7790747852011, pixel_height: -3.4429974889550878e-06
2024-12-26 21:01:28,861 - DEBUG - Computed pixel coordinates before clamping - x_pixel: 335, y_pixel: 122
2024-12-26 21:01:28,861 - DEBUG - Clamped pixel coordinates - x_pixel: 335, y_pixel: 122
2024-12-26 21:01:28,861 - DEBUG - Converting geo-coordinates to pixel coordinates:
2024-12-26 21:01:28,861 - DEBUG - Inputs - lon: -111.1597506603568, lat: 45.778649930947914, geo_transform: [-111.16060873362511, 3.4429974889550878e-06, 0.0, 45.7790747852011, 0.0, -3.4429974889550878e-06], image_width: 512, image_height: 512
2024-12-26 21:01:28,861 - DEBUG - Parsed GeoTransform - x_origin: -111.16060873362511, pixel_width: 3.4429974889550878e-06, y_origin: 45.7790747852011, pixel_height: -3.4429974889550878e-06
2024-12-26 21:01:28,861 - DEBUG - Computed pixel coordinates before clamping - x_pixel: 249, y_pixel: 123
2024-12-26 21:01:28,861 - DEBUG - Clamped pixel coordinates - x_pixel: 249, y_pixel: 123
2024-12-26 21:01:28,861 - DEBUG - Pixel Coordinates: [(249, 123), (287, 68), (359, 80), (335, 122), (249, 123)] ... (showing first 5 for brevity)
2024-12-26 21:01:28,861 - DEBUG - Pixel Bounding Box: x_min=249, x_max=359, y_min=68, y_max=123
2024-12-26 21:01:28,861 - DEBUG - Pixel bounding box: (249, 68, 359, 123)
2024-12-26 21:01:28,861 - DEBUG - Input is a list. Converting to tensor.
2024-12-26 21:01:28,862 - DEBUG - Input Bounding Boxes (Corner Format): tensor([[249.,  68., 359., 123.]])
2024-12-26 21:01:28,862 - DEBUG - x_min: 249.0, y_min: 68.0, x_max: 359.0, y_max: 123.0
2024-12-26 21:01:28,863 - DEBUG - Converted Bounding Boxes (Center Format): tensor([[304.0000,  95.5000, 110.0000,  55.0000]])
2024-12-26 21:01:28,863 - DEBUG - Normalized bounding box (cx, cy, w, h): tensor([[304.0000,  95.5000, 110.0000,  55.0000]])
2024-12-26 21:01:28,864 - DEBUG - Processed image tensor shape: torch.Size([3, 512, 512])
2024-12-26 21:01:28,864 - DEBUG - Processed bounding box tensor: tensor([[304.0000,  95.5000, 110.0000,  55.0000]])
2024-12-26 21:01:28,864 - DEBUG - Processing index 5328:
2024-12-26 21:01:28,864 - DEBUG - Image path: ./data/raw/train/PS-RGB_tiled/96_104001000896F900_tile_1373.png
2024-12-26 21:01:28,864 - DEBUG - Label path: ./data/raw/train/geojson_aircraft_tiled/96_104001000896F900_tile_1373.geojson
2024-12-26 21:01:28,864 - DEBUG - Auxiliary path: ./data/raw/train/PS-RGB_tiled/96_104001000896F900_tile_1373.png.aux.xml
2024-12-26 21:01:28,864 - DEBUG - Parsing GeoTransform from: ./data/raw/train/PS-RGB_tiled/96_104001000896F900_tile_1373.png.aux.xml
2024-12-26 21:01:28,865 - DEBUG - GeoTransform parsed: [-147.83260184119004, 3.3372412805040225e-06, 0.0, 64.82163955923652, 0.0, -3.3372412805040225e-06]
2024-12-26 21:01:28,865 - DEBUG - Reading GeoJSON from: ./data/raw/train/geojson_aircraft_tiled/96_104001000896F900_tile_1373.geojson
2024-12-26 21:01:28,865 - DEBUG - First feature coordinates: [[[-147.8310535982496, 64.82146469583265], [-147.83096908424184, 64.82149244670087], [-147.8309375491643, 64.82143316075512], [-147.83109900876124, 64.8214142397086], [-147.8310535982496, 64.82146469583265]]]
2024-12-26 21:01:28,865 - DEBUG - Feature properties: {'loc_id': 96, 'cat_id': '104001000896F900', 'location': 'Fairbanks International Airport, Old Airport Way, Broadmoor, Fairbanks North Star, Alaska, 99709, USA', 'role': 'Small Civil Transport/Utility', 'role_id': 1, 'is_plane': 1, 'num_engines': 1, 'propulsion': 'propeller', 'canards': 'no', 'num_tail_fins': 1, 'wing_position': 'mid/low mounted', 'wing_type': 'straight', 'length': 6.534665224339349, 'wingspan': 10.677534352240801, 'area': 34.846903139137815, 'faa_wingspan_class': 1, 'Public_Train': 1, 'Public_Test': 0, 'partialDec': 1.0, 'truncated': 0, 'new_area': 34.846903139137815}
2024-12-26 21:01:28,866 - DEBUG - GeoJSON Coords: [(-147.8310535982496, 64.82146469583265), (-147.83096908424184, 64.82149244670087), (-147.8309375491643, 64.82143316075512), (-147.83109900876124, 64.8214142397086), (-147.8310535982496, 64.82146469583265)]
2024-12-26 21:01:28,866 - DEBUG - GeoJSON Features: [6.534665224339349, 10.677534352240801, 34.846903139137815, 0, 1, 0, 1, 1, 1]
2024-12-26 21:01:28,866 - DEBUG - Parsed GeoTransform: [-147.83260184119004, 3.3372412805040225e-06, 0.0, 64.82163955923652, 0.0, -3.3372412805040225e-06]
2024-12-26 21:01:28,866 - DEBUG - Parsed GeoJSON coordinates: [(-147.8310535982496, 64.82146469583265), (-147.83096908424184, 64.82149244670087), (-147.8309375491643, 64.82143316075512), (-147.83109900876124, 64.8214142397086), (-147.8310535982496, 64.82146469583265)]
2024-12-26 21:01:28,866 - DEBUG - STREAM b'IHDR' 16 13
2024-12-26 21:01:28,866 - DEBUG - STREAM b'tRNS' 41 6
2024-12-26 21:01:28,866 - DEBUG - STREAM b'IDAT' 59 8192
2024-12-26 21:01:28,876 - DEBUG - Loaded image size: 512x512
2024-12-26 21:01:28,876 - DEBUG - Converting GeoJSON to pixel bounding boxes.
2024-12-26 21:01:28,876 - DEBUG - Input Coordinates: [(-147.8310535982496, 64.82146469583265), (-147.83096908424184, 64.82149244670087), (-147.8309375491643, 64.82143316075512), (-147.83109900876124, 64.8214142397086), (-147.8310535982496, 64.82146469583265)] ... (showing first 5 for brevity)
2024-12-26 21:01:28,876 - DEBUG - GeoTransform: [-147.83260184119004, 3.3372412805040225e-06, 0.0, 64.82163955923652, 0.0, -3.3372412805040225e-06]
2024-12-26 21:01:28,877 - DEBUG - Image Dimensions: width=512, height=512
2024-12-26 21:01:28,877 - DEBUG - Converting geo-coordinates to pixel coordinates:
2024-12-26 21:01:28,877 - DEBUG - Inputs - lon: -147.8310535982496, lat: 64.82146469583265, geo_transform: [-147.83260184119004, 3.3372412805040225e-06, 0.0, 64.82163955923652, 0.0, -3.3372412805040225e-06], image_width: 512, image_height: 512
2024-12-26 21:01:28,877 - DEBUG - Parsed GeoTransform - x_origin: -147.83260184119004, pixel_width: 3.3372412805040225e-06, y_origin: 64.82163955923652, pixel_height: -3.3372412805040225e-06
2024-12-26 21:01:28,877 - DEBUG - Computed pixel coordinates before clamping - x_pixel: 463, y_pixel: 52
2024-12-26 21:01:28,877 - DEBUG - Clamped pixel coordinates - x_pixel: 463, y_pixel: 52
2024-12-26 21:01:28,877 - DEBUG - Converting geo-coordinates to pixel coordinates:
2024-12-26 21:01:28,877 - DEBUG - Inputs - lon: -147.83096908424184, lat: 64.82149244670087, geo_transform: [-147.83260184119004, 3.3372412805040225e-06, 0.0, 64.82163955923652, 0.0, -3.3372412805040225e-06], image_width: 512, image_height: 512
2024-12-26 21:01:28,877 - DEBUG - Parsed GeoTransform - x_origin: -147.83260184119004, pixel_width: 3.3372412805040225e-06, y_origin: 64.82163955923652, pixel_height: -3.3372412805040225e-06
2024-12-26 21:01:28,877 - DEBUG - Computed pixel coordinates before clamping - x_pixel: 489, y_pixel: 44
2024-12-26 21:01:28,877 - DEBUG - Clamped pixel coordinates - x_pixel: 489, y_pixel: 44
2024-12-26 21:01:28,877 - DEBUG - Converting geo-coordinates to pixel coordinates:
2024-12-26 21:01:28,877 - DEBUG - Inputs - lon: -147.8309375491643, lat: 64.82143316075512, geo_transform: [-147.83260184119004, 3.3372412805040225e-06, 0.0, 64.82163955923652, 0.0, -3.3372412805040225e-06], image_width: 512, image_height: 512
2024-12-26 21:01:28,877 - DEBUG - Parsed GeoTransform - x_origin: -147.83260184119004, pixel_width: 3.3372412805040225e-06, y_origin: 64.82163955923652, pixel_height: -3.3372412805040225e-06
2024-12-26 21:01:28,878 - DEBUG - Computed pixel coordinates before clamping - x_pixel: 498, y_pixel: 61
2024-12-26 21:01:28,878 - DEBUG - Clamped pixel coordinates - x_pixel: 498, y_pixel: 61
2024-12-26 21:01:28,878 - DEBUG - Converting geo-coordinates to pixel coordinates:
2024-12-26 21:01:28,878 - DEBUG - Inputs - lon: -147.83109900876124, lat: 64.8214142397086, geo_transform: [-147.83260184119004, 3.3372412805040225e-06, 0.0, 64.82163955923652, 0.0, -3.3372412805040225e-06], image_width: 512, image_height: 512
2024-12-26 21:01:28,878 - DEBUG - Parsed GeoTransform - x_origin: -147.83260184119004, pixel_width: 3.3372412805040225e-06, y_origin: 64.82163955923652, pixel_height: -3.3372412805040225e-06
2024-12-26 21:01:28,878 - DEBUG - Computed pixel coordinates before clamping - x_pixel: 450, y_pixel: 67
2024-12-26 21:01:28,878 - DEBUG - Clamped pixel coordinates - x_pixel: 450, y_pixel: 67
2024-12-26 21:01:28,878 - DEBUG - Converting geo-coordinates to pixel coordinates:
2024-12-26 21:01:28,878 - DEBUG - Inputs - lon: -147.8310535982496, lat: 64.82146469583265, geo_transform: [-147.83260184119004, 3.3372412805040225e-06, 0.0, 64.82163955923652, 0.0, -3.3372412805040225e-06], image_width: 512, image_height: 512
2024-12-26 21:01:28,878 - DEBUG - Parsed GeoTransform - x_origin: -147.83260184119004, pixel_width: 3.3372412805040225e-06, y_origin: 64.82163955923652, pixel_height: -3.3372412805040225e-06
2024-12-26 21:01:28,879 - DEBUG - Computed pixel coordinates before clamping - x_pixel: 463, y_pixel: 52
2024-12-26 21:01:28,879 - DEBUG - Clamped pixel coordinates - x_pixel: 463, y_pixel: 52
2024-12-26 21:01:28,879 - DEBUG - Pixel Coordinates: [(463, 52), (489, 44), (498, 61), (450, 67), (463, 52)] ... (showing first 5 for brevity)
2024-12-26 21:01:28,879 - DEBUG - Pixel Bounding Box: x_min=450, x_max=498, y_min=44, y_max=67
2024-12-26 21:01:28,879 - DEBUG - Pixel bounding box: (450, 44, 498, 67)
2024-12-26 21:01:28,879 - DEBUG - Input is a list. Converting to tensor.
2024-12-26 21:01:28,879 - DEBUG - Input Bounding Boxes (Corner Format): tensor([[450.,  44., 498.,  67.]])
2024-12-26 21:01:28,879 - DEBUG - x_min: 450.0, y_min: 44.0, x_max: 498.0, y_max: 67.0
2024-12-26 21:01:28,880 - DEBUG - Converted Bounding Boxes (Center Format): tensor([[474.0000,  55.5000,  48.0000,  23.0000]])
2024-12-26 21:01:28,880 - DEBUG - Normalized bounding box (cx, cy, w, h): tensor([[474.0000,  55.5000,  48.0000,  23.0000]])
2024-12-26 21:01:28,881 - DEBUG - Processed image tensor shape: torch.Size([3, 512, 512])
2024-12-26 21:01:28,881 - DEBUG - Processed bounding box tensor: tensor([[474.0000,  55.5000,  48.0000,  23.0000]])
2024-12-26 21:01:28,881 - DEBUG - Processing index 5779:
2024-12-26 21:01:28,881 - DEBUG - Image path: ./data/raw/train/PS-RGB_tiled/9_10400100310B0100_tile_195.png
2024-12-26 21:01:28,882 - DEBUG - Label path: ./data/raw/train/geojson_aircraft_tiled/9_10400100310B0100_tile_195.geojson
2024-12-26 21:01:28,882 - DEBUG - Auxiliary path: ./data/raw/train/PS-RGB_tiled/9_10400100310B0100_tile_195.png.aux.xml
2024-12-26 21:01:28,882 - DEBUG - Parsing GeoTransform from: ./data/raw/train/PS-RGB_tiled/9_10400100310B0100_tile_195.png.aux.xml
2024-12-26 21:01:28,882 - DEBUG - GeoTransform parsed: [2.1191908454193356, 3.364190739027608e-06, 0.0, 48.75029431921655, 0.0, -3.364190739027608e-06]
2024-12-26 21:01:28,882 - DEBUG - Reading GeoJSON from: ./data/raw/train/geojson_aircraft_tiled/9_10400100310B0100_tile_195.geojson
2024-12-26 21:01:28,883 - DEBUG - First feature coordinates: [[[2.119190845419336, 48.75022577372345], [2.119265116609591, 48.750195575547195], [2.119190845419336, 48.75014292761487], [2.119190845419336, 48.75022577372345]]]
2024-12-26 21:01:28,883 - DEBUG - Feature properties: {'loc_id': 9, 'cat_id': '10400100310B0100', 'location': 'Aérodrome de Toussus-le-Noble, Rue Robert Esnault-Pelterie, Ferme du Trou Salé, Toussus-le-Noble, Versailles, Yvelines, Ile-de-France, Metropolitan France, 78117, France', 'role': 'Small Civil Transport/Utility', 'role_id': 1, 'is_plane': 1, 'num_engines': 1, 'propulsion': 'propeller', 'canards': 'no', 'num_tail_fins': 1, 'wing_position': 'high mounted', 'wing_type': 'straight', 'length': 8.07424635933326, 'wingspan': 10.208867962327908, 'area': 41.14610698615738, 'faa_wingspan_class': 1, 'Public_Train': 1, 'Public_Test': 0, 'partialDec': 0.6110278101986905, 'truncated': 1, 'new_area': 25.14141564995278}
2024-12-26 21:01:28,883 - DEBUG - GeoJSON Coords: [(2.119190845419336, 48.75022577372345), (2.119265116609591, 48.750195575547195), (2.119190845419336, 48.75014292761487), (2.119190845419336, 48.75022577372345)]
2024-12-26 21:01:28,883 - DEBUG - GeoJSON Features: [8.07424635933326, 10.208867962327908, 41.14610698615738, 0, 0, 0, 1, 1, 1]
2024-12-26 21:01:28,883 - DEBUG - Parsed GeoTransform: [2.1191908454193356, 3.364190739027608e-06, 0.0, 48.75029431921655, 0.0, -3.364190739027608e-06]
2024-12-26 21:01:28,883 - DEBUG - Parsed GeoJSON coordinates: [(2.119190845419336, 48.75022577372345), (2.119265116609591, 48.750195575547195), (2.119190845419336, 48.75014292761487), (2.119190845419336, 48.75022577372345)]
2024-12-26 21:01:28,884 - DEBUG - STREAM b'IHDR' 16 13
2024-12-26 21:01:28,884 - DEBUG - STREAM b'tRNS' 41 6
2024-12-26 21:01:28,884 - DEBUG - STREAM b'IDAT' 59 8192
2024-12-26 21:01:28,957 - DEBUG - Loaded image size: 512x512
2024-12-26 21:01:28,958 - DEBUG - Converting GeoJSON to pixel bounding boxes.
2024-12-26 21:01:28,958 - DEBUG - Input Coordinates: [(2.119190845419336, 48.75022577372345), (2.119265116609591, 48.750195575547195), (2.119190845419336, 48.75014292761487), (2.119190845419336, 48.75022577372345)] ... (showing first 5 for brevity)
2024-12-26 21:01:28,958 - DEBUG - GeoTransform: [2.1191908454193356, 3.364190739027608e-06, 0.0, 48.75029431921655, 0.0, -3.364190739027608e-06]
2024-12-26 21:01:28,958 - DEBUG - Image Dimensions: width=512, height=512
2024-12-26 21:01:28,958 - DEBUG - Converting geo-coordinates to pixel coordinates:
2024-12-26 21:01:28,958 - DEBUG - Inputs - lon: 2.119190845419336, lat: 48.75022577372345, geo_transform: [2.1191908454193356, 3.364190739027608e-06, 0.0, 48.75029431921655, 0.0, -3.364190739027608e-06], image_width: 512, image_height: 512
2024-12-26 21:01:28,958 - DEBUG - Parsed GeoTransform - x_origin: 2.1191908454193356, pixel_width: 3.364190739027608e-06, y_origin: 48.75029431921655, pixel_height: -3.364190739027608e-06
2024-12-26 21:01:28,958 - DEBUG - Computed pixel coordinates before clamping - x_pixel: 0, y_pixel: 20
2024-12-26 21:01:28,958 - DEBUG - Clamped pixel coordinates - x_pixel: 0, y_pixel: 20
2024-12-26 21:01:28,958 - DEBUG - Converting geo-coordinates to pixel coordinates:
2024-12-26 21:01:28,958 - DEBUG - Inputs - lon: 2.119265116609591, lat: 48.750195575547195, geo_transform: [2.1191908454193356, 3.364190739027608e-06, 0.0, 48.75029431921655, 0.0, -3.364190739027608e-06], image_width: 512, image_height: 512
2024-12-26 21:01:28,958 - DEBUG - Parsed GeoTransform - x_origin: 2.1191908454193356, pixel_width: 3.364190739027608e-06, y_origin: 48.75029431921655, pixel_height: -3.364190739027608e-06
2024-12-26 21:01:28,959 - DEBUG - Computed pixel coordinates before clamping - x_pixel: 22, y_pixel: 29
2024-12-26 21:01:28,961 - DEBUG - Clamped pixel coordinates - x_pixel: 22, y_pixel: 29
2024-12-26 21:01:28,961 - DEBUG - Converting geo-coordinates to pixel coordinates:
2024-12-26 21:01:28,961 - DEBUG - Inputs - lon: 2.119190845419336, lat: 48.75014292761487, geo_transform: [2.1191908454193356, 3.364190739027608e-06, 0.0, 48.75029431921655, 0.0, -3.364190739027608e-06], image_width: 512, image_height: 512
2024-12-26 21:01:28,961 - DEBUG - Parsed GeoTransform - x_origin: 2.1191908454193356, pixel_width: 3.364190739027608e-06, y_origin: 48.75029431921655, pixel_height: -3.364190739027608e-06
2024-12-26 21:01:28,962 - DEBUG - Computed pixel coordinates before clamping - x_pixel: 0, y_pixel: 45
2024-12-26 21:01:28,966 - DEBUG - Clamped pixel coordinates - x_pixel: 0, y_pixel: 45
2024-12-26 21:01:28,966 - DEBUG - Converting geo-coordinates to pixel coordinates:
2024-12-26 21:01:28,967 - DEBUG - Inputs - lon: 2.119190845419336, lat: 48.75022577372345, geo_transform: [2.1191908454193356, 3.364190739027608e-06, 0.0, 48.75029431921655, 0.0, -3.364190739027608e-06], image_width: 512, image_height: 512
2024-12-26 21:01:28,967 - DEBUG - Parsed GeoTransform - x_origin: 2.1191908454193356, pixel_width: 3.364190739027608e-06, y_origin: 48.75029431921655, pixel_height: -3.364190739027608e-06
2024-12-26 21:01:28,967 - DEBUG - Computed pixel coordinates before clamping - x_pixel: 0, y_pixel: 20
2024-12-26 21:01:28,967 - DEBUG - Clamped pixel coordinates - x_pixel: 0, y_pixel: 20
2024-12-26 21:01:28,967 - DEBUG - Pixel Coordinates: [(0, 20), (22, 29), (0, 45), (0, 20)] ... (showing first 5 for brevity)
2024-12-26 21:01:28,967 - DEBUG - Pixel Bounding Box: x_min=0, x_max=22, y_min=20, y_max=45
2024-12-26 21:01:28,967 - DEBUG - Pixel bounding box: (0, 20, 22, 45)
2024-12-26 21:01:28,967 - DEBUG - Input is a list. Converting to tensor.
2024-12-26 21:01:28,968 - DEBUG - Input Bounding Boxes (Corner Format): tensor([[ 0., 20., 22., 45.]])
2024-12-26 21:01:28,968 - DEBUG - x_min: 0.0, y_min: 20.0, x_max: 22.0, y_max: 45.0
2024-12-26 21:01:28,968 - DEBUG - Converted Bounding Boxes (Center Format): tensor([[11.0000, 32.5000, 22.0000, 25.0000]])
2024-12-26 21:01:28,969 - DEBUG - Normalized bounding box (cx, cy, w, h): tensor([[11.0000, 32.5000, 22.0000, 25.0000]])
2024-12-26 21:01:28,970 - DEBUG - Processed image tensor shape: torch.Size([3, 512, 512])
2024-12-26 21:01:28,970 - DEBUG - Processed bounding box tensor: tensor([[11.0000, 32.5000, 22.0000, 25.0000]])
2024-12-26 21:01:28,970 - DEBUG - Processing index 1632:
2024-12-26 21:01:28,970 - DEBUG - Image path: ./data/raw/train/PS-RGB_tiled/20_10400100119D4500_tile_179.png
2024-12-26 21:01:28,970 - DEBUG - Label path: ./data/raw/train/geojson_aircraft_tiled/20_10400100119D4500_tile_179.geojson
2024-12-26 21:01:28,970 - DEBUG - Auxiliary path: ./data/raw/train/PS-RGB_tiled/20_10400100119D4500_tile_179.png.aux.xml
2024-12-26 21:01:28,970 - DEBUG - Parsing GeoTransform from: ./data/raw/train/PS-RGB_tiled/20_10400100119D4500_tile_179.png.aux.xml
2024-12-26 21:01:28,971 - DEBUG - GeoTransform parsed: [11.072737138106726, 2.9217704615987435e-06, 0.0, 49.49430775593745, 0.0, -2.9217704615987435e-06]
2024-12-26 21:01:28,971 - DEBUG - Reading GeoJSON from: ./data/raw/train/geojson_aircraft_tiled/20_10400100119D4500_tile_179.geojson
2024-12-26 21:01:28,972 - DEBUG - First feature coordinates: [[[11.073080888044935, 49.4942552977237], [11.073212645359822, 49.494199483861145], [11.073178791049747, 49.49410341081904], [11.073054353585686, 49.49415007486806], [11.073080888044935, 49.4942552977237]]]
2024-12-26 21:01:28,972 - DEBUG - Feature properties: {'loc_id': 20, 'cat_id': '10400100119D4500', 'location': 'Albrecht Dürer Airport Nuremberg, Ringstraße, Almoshof, Nuremberg, Middle Franconia, Bavaria, 90411, Germany', 'role': 'Small Civil Transport/Utility', 'role_id': 1, 'is_plane': 1, 'num_engines': 2, 'propulsion': 'jet', 'canards': 'no', 'num_tail_fins': 1, 'wing_position': 'mid/low mounted', 'wing_type': 'straight', 'length': 18.31904592107446, 'wingspan': 12.714585178252388, 'area': 116.31768132913334, 'faa_wingspan_class': 1, 'Public_Train': 1, 'Public_Test': 0, 'partialDec': 1.0, 'truncated': 0, 'new_area': 116.31768132913334}
2024-12-26 21:01:28,972 - DEBUG - GeoJSON Coords: [(11.073080888044935, 49.4942552977237), (11.073212645359822, 49.494199483861145), (11.073178791049747, 49.49410341081904), (11.073054353585686, 49.49415007486806), (11.073080888044935, 49.4942552977237)]
2024-12-26 21:01:28,972 - DEBUG - GeoJSON Features: [18.31904592107446, 12.714585178252388, 116.31768132913334, 0, 1, 0, 2, 1, 1]
2024-12-26 21:01:28,972 - DEBUG - Parsed GeoTransform: [11.072737138106726, 2.9217704615987435e-06, 0.0, 49.49430775593745, 0.0, -2.9217704615987435e-06]
2024-12-26 21:01:28,972 - DEBUG - Parsed GeoJSON coordinates: [(11.073080888044935, 49.4942552977237), (11.073212645359822, 49.494199483861145), (11.073178791049747, 49.49410341081904), (11.073054353585686, 49.49415007486806), (11.073080888044935, 49.4942552977237)]
2024-12-26 21:01:28,973 - DEBUG - STREAM b'IHDR' 16 13
2024-12-26 21:01:28,973 - DEBUG - STREAM b'tRNS' 41 6
2024-12-26 21:01:28,973 - DEBUG - STREAM b'IDAT' 59 8192
2024-12-26 21:01:28,983 - DEBUG - Loaded image size: 512x512
2024-12-26 21:01:28,983 - DEBUG - Converting GeoJSON to pixel bounding boxes.
2024-12-26 21:01:28,983 - DEBUG - Input Coordinates: [(11.073080888044935, 49.4942552977237), (11.073212645359822, 49.494199483861145), (11.073178791049747, 49.49410341081904), (11.073054353585686, 49.49415007486806), (11.073080888044935, 49.4942552977237)] ... (showing first 5 for brevity)
2024-12-26 21:01:28,983 - DEBUG - GeoTransform: [11.072737138106726, 2.9217704615987435e-06, 0.0, 49.49430775593745, 0.0, -2.9217704615987435e-06]
2024-12-26 21:01:28,983 - DEBUG - Image Dimensions: width=512, height=512
2024-12-26 21:01:28,983 - DEBUG - Converting geo-coordinates to pixel coordinates:
2024-12-26 21:01:28,983 - DEBUG - Inputs - lon: 11.073080888044935, lat: 49.4942552977237, geo_transform: [11.072737138106726, 2.9217704615987435e-06, 0.0, 49.49430775593745, 0.0, -2.9217704615987435e-06], image_width: 512, image_height: 512
2024-12-26 21:01:28,983 - DEBUG - Parsed GeoTransform - x_origin: 11.072737138106726, pixel_width: 2.9217704615987435e-06, y_origin: 49.49430775593745, pixel_height: -2.9217704615987435e-06
2024-12-26 21:01:28,983 - DEBUG - Computed pixel coordinates before clamping - x_pixel: 117, y_pixel: 17
2024-12-26 21:01:28,984 - DEBUG - Clamped pixel coordinates - x_pixel: 117, y_pixel: 17
2024-12-26 21:01:28,984 - DEBUG - Converting geo-coordinates to pixel coordinates:
2024-12-26 21:01:28,984 - DEBUG - Inputs - lon: 11.073212645359822, lat: 49.494199483861145, geo_transform: [11.072737138106726, 2.9217704615987435e-06, 0.0, 49.49430775593745, 0.0, -2.9217704615987435e-06], image_width: 512, image_height: 512
2024-12-26 21:01:28,984 - DEBUG - Parsed GeoTransform - x_origin: 11.072737138106726, pixel_width: 2.9217704615987435e-06, y_origin: 49.49430775593745, pixel_height: -2.9217704615987435e-06
2024-12-26 21:01:28,984 - DEBUG - Computed pixel coordinates before clamping - x_pixel: 162, y_pixel: 37
2024-12-26 21:01:28,984 - DEBUG - Clamped pixel coordinates - x_pixel: 162, y_pixel: 37
2024-12-26 21:01:28,984 - DEBUG - Converting geo-coordinates to pixel coordinates:
2024-12-26 21:01:28,984 - DEBUG - Inputs - lon: 11.073178791049747, lat: 49.49410341081904, geo_transform: [11.072737138106726, 2.9217704615987435e-06, 0.0, 49.49430775593745, 0.0, -2.9217704615987435e-06], image_width: 512, image_height: 512
2024-12-26 21:01:28,984 - DEBUG - Parsed GeoTransform - x_origin: 11.072737138106726, pixel_width: 2.9217704615987435e-06, y_origin: 49.49430775593745, pixel_height: -2.9217704615987435e-06
2024-12-26 21:01:28,984 - DEBUG - Computed pixel coordinates before clamping - x_pixel: 151, y_pixel: 69
2024-12-26 21:01:28,984 - DEBUG - Clamped pixel coordinates - x_pixel: 151, y_pixel: 69
2024-12-26 21:01:28,984 - DEBUG - Converting geo-coordinates to pixel coordinates:
2024-12-26 21:01:28,984 - DEBUG - Inputs - lon: 11.073054353585686, lat: 49.49415007486806, geo_transform: [11.072737138106726, 2.9217704615987435e-06, 0.0, 49.49430775593745, 0.0, -2.9217704615987435e-06], image_width: 512, image_height: 512
2024-12-26 21:01:28,984 - DEBUG - Parsed GeoTransform - x_origin: 11.072737138106726, pixel_width: 2.9217704615987435e-06, y_origin: 49.49430775593745, pixel_height: -2.9217704615987435e-06
2024-12-26 21:01:28,985 - DEBUG - Computed pixel coordinates before clamping - x_pixel: 108, y_pixel: 53
2024-12-26 21:01:28,985 - DEBUG - Clamped pixel coordinates - x_pixel: 108, y_pixel: 53
2024-12-26 21:01:28,985 - DEBUG - Converting geo-coordinates to pixel coordinates:
2024-12-26 21:01:28,985 - DEBUG - Inputs - lon: 11.073080888044935, lat: 49.4942552977237, geo_transform: [11.072737138106726, 2.9217704615987435e-06, 0.0, 49.49430775593745, 0.0, -2.9217704615987435e-06], image_width: 512, image_height: 512
2024-12-26 21:01:28,985 - DEBUG - Parsed GeoTransform - x_origin: 11.072737138106726, pixel_width: 2.9217704615987435e-06, y_origin: 49.49430775593745, pixel_height: -2.9217704615987435e-06
2024-12-26 21:01:28,985 - DEBUG - Computed pixel coordinates before clamping - x_pixel: 117, y_pixel: 17
2024-12-26 21:01:28,985 - DEBUG - Clamped pixel coordinates - x_pixel: 117, y_pixel: 17
2024-12-26 21:01:28,985 - DEBUG - Pixel Coordinates: [(117, 17), (162, 37), (151, 69), (108, 53), (117, 17)] ... (showing first 5 for brevity)
2024-12-26 21:01:28,985 - DEBUG - Pixel Bounding Box: x_min=108, x_max=162, y_min=17, y_max=69
2024-12-26 21:01:28,985 - DEBUG - Pixel bounding box: (108, 17, 162, 69)
2024-12-26 21:01:28,985 - DEBUG - Input is a list. Converting to tensor.
2024-12-26 21:01:28,986 - DEBUG - Input Bounding Boxes (Corner Format): tensor([[108.,  17., 162.,  69.]])
2024-12-26 21:01:28,986 - DEBUG - x_min: 108.0, y_min: 17.0, x_max: 162.0, y_max: 69.0
2024-12-26 21:01:28,986 - DEBUG - Converted Bounding Boxes (Center Format): tensor([[135.,  43.,  54.,  52.]])
2024-12-26 21:01:28,986 - DEBUG - Normalized bounding box (cx, cy, w, h): tensor([[135.,  43.,  54.,  52.]])
2024-12-26 21:01:28,987 - DEBUG - Processed image tensor shape: torch.Size([3, 512, 512])
2024-12-26 21:01:28,988 - DEBUG - Processed bounding box tensor: tensor([[135.,  43.,  54.,  52.]])
2024-12-26 21:01:28,988 - DEBUG - Processing index 765:
2024-12-26 21:01:28,988 - DEBUG - Image path: ./data/raw/train/PS-RGB_tiled/118_104001003C1B4D00_tile_358.png
2024-12-26 21:01:28,988 - DEBUG - Label path: ./data/raw/train/geojson_aircraft_tiled/118_104001003C1B4D00_tile_358.geojson
2024-12-26 21:01:28,988 - DEBUG - Auxiliary path: ./data/raw/train/PS-RGB_tiled/118_104001003C1B4D00_tile_358.png.aux.xml
2024-12-26 21:01:28,988 - DEBUG - Parsing GeoTransform from: ./data/raw/train/PS-RGB_tiled/118_104001003C1B4D00_tile_358.png.aux.xml
2024-12-26 21:01:28,989 - DEBUG - GeoTransform parsed: [-87.91002524227203, 3.2620073754590123e-06, 0.0, 42.945060968727226, 0.0, -3.2620073754590123e-06]
2024-12-26 21:01:28,989 - DEBUG - Reading GeoJSON from: ./data/raw/train/geojson_aircraft_tiled/118_104001003C1B4D00_tile_358.geojson
2024-12-26 21:01:28,989 - DEBUG - First feature coordinates: [[[-87.90903804236731, 42.94495922283413], [-87.90903804236731, 42.9448268845269], [-87.9091391975102, 42.944815476052135], [-87.90918483140925, 42.94488772972562], [-87.90903804236731, 42.94495922283413]]]
2024-12-26 21:01:28,989 - DEBUG - Feature properties: {'loc_id': 118, 'cat_id': '104001003C1B4D00', 'location': 'Trituration Building, Bus Parking Only, Milwaukee, Milwaukee County, Wisconsin, 53207-6127, USA', 'role': 'Military Fighter/Interceptor/Attack', 'role_id': 6, 'is_plane': 1, 'num_engines': 2, 'propulsion': 'jet', 'canards': 'no', 'num_tail_fins': 1, 'wing_position': 'mid/low mounted', 'wing_type': 'swept', 'length': 17.970872657264305, 'wingspan': 13.750800495869017, 'area': 123.47437808901037, 'faa_wingspan_class': 1, 'Public_Train': 1, 'Public_Test': 0, 'partialDec': 1.0, 'truncated': 0, 'new_area': 123.47437808901037}
2024-12-26 21:01:28,989 - DEBUG - GeoJSON Coords: [(-87.90903804236731, 42.94495922283413), (-87.90903804236731, 42.9448268845269), (-87.9091391975102, 42.944815476052135), (-87.90918483140925, 42.94488772972562), (-87.90903804236731, 42.94495922283413)]
2024-12-26 21:01:28,989 - DEBUG - GeoJSON Features: [17.970872657264305, 13.750800495869017, 123.47437808901037, 1, 1, 0, 2, 1, 1]
2024-12-26 21:01:28,989 - DEBUG - Parsed GeoTransform: [-87.91002524227203, 3.2620073754590123e-06, 0.0, 42.945060968727226, 0.0, -3.2620073754590123e-06]
2024-12-26 21:01:28,990 - DEBUG - Parsed GeoJSON coordinates: [(-87.90903804236731, 42.94495922283413), (-87.90903804236731, 42.9448268845269), (-87.9091391975102, 42.944815476052135), (-87.90918483140925, 42.94488772972562), (-87.90903804236731, 42.94495922283413)]
2024-12-26 21:01:28,990 - DEBUG - STREAM b'IHDR' 16 13
2024-12-26 21:01:28,990 - DEBUG - STREAM b'tRNS' 41 6
2024-12-26 21:01:28,990 - DEBUG - STREAM b'IDAT' 59 8192
2024-12-26 21:01:29,001 - DEBUG - Loaded image size: 512x512
2024-12-26 21:01:29,001 - DEBUG - Converting GeoJSON to pixel bounding boxes.
2024-12-26 21:01:29,001 - DEBUG - Input Coordinates: [(-87.90903804236731, 42.94495922283413), (-87.90903804236731, 42.9448268845269), (-87.9091391975102, 42.944815476052135), (-87.90918483140925, 42.94488772972562), (-87.90903804236731, 42.94495922283413)] ... (showing first 5 for brevity)
2024-12-26 21:01:29,001 - DEBUG - GeoTransform: [-87.91002524227203, 3.2620073754590123e-06, 0.0, 42.945060968727226, 0.0, -3.2620073754590123e-06]
2024-12-26 21:01:29,001 - DEBUG - Image Dimensions: width=512, height=512
2024-12-26 21:01:29,001 - DEBUG - Converting geo-coordinates to pixel coordinates:
2024-12-26 21:01:29,001 - DEBUG - Inputs - lon: -87.90903804236731, lat: 42.94495922283413, geo_transform: [-87.91002524227203, 3.2620073754590123e-06, 0.0, 42.945060968727226, 0.0, -3.2620073754590123e-06], image_width: 512, image_height: 512
2024-12-26 21:01:29,001 - DEBUG - Parsed GeoTransform - x_origin: -87.91002524227203, pixel_width: 3.2620073754590123e-06, y_origin: 42.945060968727226, pixel_height: -3.2620073754590123e-06
2024-12-26 21:01:29,001 - DEBUG - Computed pixel coordinates before clamping - x_pixel: 302, y_pixel: 31
2024-12-26 21:01:29,001 - DEBUG - Clamped pixel coordinates - x_pixel: 302, y_pixel: 31
2024-12-26 21:01:29,001 - DEBUG - Converting geo-coordinates to pixel coordinates:
2024-12-26 21:01:29,001 - DEBUG - Inputs - lon: -87.90903804236731, lat: 42.9448268845269, geo_transform: [-87.91002524227203, 3.2620073754590123e-06, 0.0, 42.945060968727226, 0.0, -3.2620073754590123e-06], image_width: 512, image_height: 512
2024-12-26 21:01:29,001 - DEBUG - Parsed GeoTransform - x_origin: -87.91002524227203, pixel_width: 3.2620073754590123e-06, y_origin: 42.945060968727226, pixel_height: -3.2620073754590123e-06
2024-12-26 21:01:29,001 - DEBUG - Computed pixel coordinates before clamping - x_pixel: 302, y_pixel: 71
2024-12-26 21:01:29,001 - DEBUG - Clamped pixel coordinates - x_pixel: 302, y_pixel: 71
2024-12-26 21:01:29,002 - DEBUG - Converting geo-coordinates to pixel coordinates:
2024-12-26 21:01:29,002 - DEBUG - Inputs - lon: -87.9091391975102, lat: 42.944815476052135, geo_transform: [-87.91002524227203, 3.2620073754590123e-06, 0.0, 42.945060968727226, 0.0, -3.2620073754590123e-06], image_width: 512, image_height: 512
2024-12-26 21:01:29,002 - DEBUG - Parsed GeoTransform - x_origin: -87.91002524227203, pixel_width: 3.2620073754590123e-06, y_origin: 42.945060968727226, pixel_height: -3.2620073754590123e-06
2024-12-26 21:01:29,002 - DEBUG - Computed pixel coordinates before clamping - x_pixel: 271, y_pixel: 75
2024-12-26 21:01:29,002 - DEBUG - Clamped pixel coordinates - x_pixel: 271, y_pixel: 75
2024-12-26 21:01:29,002 - DEBUG - Converting geo-coordinates to pixel coordinates:
2024-12-26 21:01:29,002 - DEBUG - Inputs - lon: -87.90918483140925, lat: 42.94488772972562, geo_transform: [-87.91002524227203, 3.2620073754590123e-06, 0.0, 42.945060968727226, 0.0, -3.2620073754590123e-06], image_width: 512, image_height: 512
2024-12-26 21:01:29,002 - DEBUG - Parsed GeoTransform - x_origin: -87.91002524227203, pixel_width: 3.2620073754590123e-06, y_origin: 42.945060968727226, pixel_height: -3.2620073754590123e-06
2024-12-26 21:01:29,002 - DEBUG - Computed pixel coordinates before clamping - x_pixel: 257, y_pixel: 53
2024-12-26 21:01:29,002 - DEBUG - Clamped pixel coordinates - x_pixel: 257, y_pixel: 53
2024-12-26 21:01:29,002 - DEBUG - Converting geo-coordinates to pixel coordinates:
2024-12-26 21:01:29,002 - DEBUG - Inputs - lon: -87.90903804236731, lat: 42.94495922283413, geo_transform: [-87.91002524227203, 3.2620073754590123e-06, 0.0, 42.945060968727226, 0.0, -3.2620073754590123e-06], image_width: 512, image_height: 512
2024-12-26 21:01:29,002 - DEBUG - Parsed GeoTransform - x_origin: -87.91002524227203, pixel_width: 3.2620073754590123e-06, y_origin: 42.945060968727226, pixel_height: -3.2620073754590123e-06
2024-12-26 21:01:29,002 - DEBUG - Computed pixel coordinates before clamping - x_pixel: 302, y_pixel: 31
2024-12-26 21:01:29,002 - DEBUG - Clamped pixel coordinates - x_pixel: 302, y_pixel: 31
2024-12-26 21:01:29,003 - DEBUG - Pixel Coordinates: [(302, 31), (302, 71), (271, 75), (257, 53), (302, 31)] ... (showing first 5 for brevity)
2024-12-26 21:01:29,003 - DEBUG - Pixel Bounding Box: x_min=257, x_max=302, y_min=31, y_max=75
2024-12-26 21:01:29,003 - DEBUG - Pixel bounding box: (257, 31, 302, 75)
2024-12-26 21:01:29,003 - DEBUG - Input is a list. Converting to tensor.
2024-12-26 21:01:29,003 - DEBUG - Input Bounding Boxes (Corner Format): tensor([[257.,  31., 302.,  75.]])
2024-12-26 21:01:29,003 - DEBUG - x_min: 257.0, y_min: 31.0, x_max: 302.0, y_max: 75.0
2024-12-26 21:01:29,003 - DEBUG - Converted Bounding Boxes (Center Format): tensor([[279.5000,  53.0000,  45.0000,  44.0000]])
2024-12-26 21:01:29,004 - DEBUG - Normalized bounding box (cx, cy, w, h): tensor([[279.5000,  53.0000,  45.0000,  44.0000]])
2024-12-26 21:01:29,005 - DEBUG - Processed image tensor shape: torch.Size([3, 512, 512])
2024-12-26 21:01:29,005 - DEBUG - Processed bounding box tensor: tensor([[279.5000,  53.0000,  45.0000,  44.0000]])
2024-12-26 21:01:29,005 - DEBUG - Processing index 3033:
2024-12-26 21:01:29,005 - DEBUG - Image path: ./data/raw/train/PS-RGB_tiled/51_10400100460EF400_tile_205.png
2024-12-26 21:01:29,005 - DEBUG - Label path: ./data/raw/train/geojson_aircraft_tiled/51_10400100460EF400_tile_205.geojson
2024-12-26 21:01:29,005 - DEBUG - Auxiliary path: ./data/raw/train/PS-RGB_tiled/51_10400100460EF400_tile_205.png.aux.xml
2024-12-26 21:01:29,005 - DEBUG - Parsing GeoTransform from: ./data/raw/train/PS-RGB_tiled/51_10400100460EF400_tile_205.png.aux.xml
2024-12-26 21:01:29,006 - DEBUG - GeoTransform parsed: [-80.27289096013281, 3.4372809371413383e-06, 0.0, 25.90364653219912, 0.0, -3.4372809371413383e-06]
2024-12-26 21:01:29,006 - DEBUG - Reading GeoJSON from: ./data/raw/train/geojson_aircraft_tiled/51_10400100460EF400_tile_205.geojson
2024-12-26 21:01:29,006 - DEBUG - First feature coordinates: [[[-80.27171045005642, 25.903244842809592], [-80.27168891912923, 25.90318793964491], [-80.27176658425941, 25.903207163687032], [-80.27176043256594, 25.903274832315304], [-80.27171045005642, 25.903244842809592]]]
2024-12-26 21:01:29,006 - DEBUG - Feature properties: {'loc_id': 51, 'cat_id': '10400100460EF400', 'location': 'Opa-locka Executive Airport, Northwest 147th State Road, Opa-locka, Miami-Dade County, Florida, 33014:33054, USA', 'role': 'Small Civil Transport/Utility', 'role_id': 1, 'is_plane': 1, 'num_engines': 1, 'propulsion': 'propeller', 'canards': 'no', 'num_tail_fins': 1, 'wing_position': 'mid/low mounted', 'wing_type': 'straight', 'length': 7.002050340587352, 'wingspan': 11.996665964064631, 'area': 42.00058705710407, 'faa_wingspan_class': 1, 'Public_Train': 1, 'Public_Test': 0, 'partialDec': 1.0, 'truncated': 0, 'new_area': 42.00058705710407}
2024-12-26 21:01:29,006 - DEBUG - GeoJSON Coords: [(-80.27171045005642, 25.903244842809592), (-80.27168891912923, 25.90318793964491), (-80.27176658425941, 25.903207163687032), (-80.27176043256594, 25.903274832315304), (-80.27171045005642, 25.903244842809592)]
2024-12-26 21:01:29,007 - DEBUG - GeoJSON Features: [7.002050340587352, 11.996665964064631, 42.00058705710407, 0, 1, 0, 1, 1, 1]
2024-12-26 21:01:29,007 - DEBUG - Parsed GeoTransform: [-80.27289096013281, 3.4372809371413383e-06, 0.0, 25.90364653219912, 0.0, -3.4372809371413383e-06]
2024-12-26 21:01:29,007 - DEBUG - Parsed GeoJSON coordinates: [(-80.27171045005642, 25.903244842809592), (-80.27168891912923, 25.90318793964491), (-80.27176658425941, 25.903207163687032), (-80.27176043256594, 25.903274832315304), (-80.27171045005642, 25.903244842809592)]
2024-12-26 21:01:29,007 - DEBUG - STREAM b'IHDR' 16 13
2024-12-26 21:01:29,007 - DEBUG - STREAM b'tRNS' 41 6
2024-12-26 21:01:29,007 - DEBUG - STREAM b'IDAT' 59 8192
2024-12-26 21:01:29,017 - DEBUG - Loaded image size: 512x512
2024-12-26 21:01:29,017 - DEBUG - Converting GeoJSON to pixel bounding boxes.
2024-12-26 21:01:29,017 - DEBUG - Input Coordinates: [(-80.27171045005642, 25.903244842809592), (-80.27168891912923, 25.90318793964491), (-80.27176658425941, 25.903207163687032), (-80.27176043256594, 25.903274832315304), (-80.27171045005642, 25.903244842809592)] ... (showing first 5 for brevity)
2024-12-26 21:01:29,018 - DEBUG - GeoTransform: [-80.27289096013281, 3.4372809371413383e-06, 0.0, 25.90364653219912, 0.0, -3.4372809371413383e-06]
2024-12-26 21:01:29,018 - DEBUG - Image Dimensions: width=512, height=512
2024-12-26 21:01:29,018 - DEBUG - Converting geo-coordinates to pixel coordinates:
2024-12-26 21:01:29,018 - DEBUG - Inputs - lon: -80.27171045005642, lat: 25.903244842809592, geo_transform: [-80.27289096013281, 3.4372809371413383e-06, 0.0, 25.90364653219912, 0.0, -3.4372809371413383e-06], image_width: 512, image_height: 512
2024-12-26 21:01:29,018 - DEBUG - Parsed GeoTransform - x_origin: -80.27289096013281, pixel_width: 3.4372809371413383e-06, y_origin: 25.90364653219912, pixel_height: -3.4372809371413383e-06
2024-12-26 21:01:29,018 - DEBUG - Computed pixel coordinates before clamping - x_pixel: 343, y_pixel: 116
2024-12-26 21:01:29,018 - DEBUG - Clamped pixel coordinates - x_pixel: 343, y_pixel: 116
2024-12-26 21:01:29,018 - DEBUG - Converting geo-coordinates to pixel coordinates:
2024-12-26 21:01:29,018 - DEBUG - Inputs - lon: -80.27168891912923, lat: 25.90318793964491, geo_transform: [-80.27289096013281, 3.4372809371413383e-06, 0.0, 25.90364653219912, 0.0, -3.4372809371413383e-06], image_width: 512, image_height: 512
2024-12-26 21:01:29,018 - DEBUG - Parsed GeoTransform - x_origin: -80.27289096013281, pixel_width: 3.4372809371413383e-06, y_origin: 25.90364653219912, pixel_height: -3.4372809371413383e-06
2024-12-26 21:01:29,018 - DEBUG - Computed pixel coordinates before clamping - x_pixel: 349, y_pixel: 133
2024-12-26 21:01:29,018 - DEBUG - Clamped pixel coordinates - x_pixel: 349, y_pixel: 133
2024-12-26 21:01:29,018 - DEBUG - Converting geo-coordinates to pixel coordinates:
2024-12-26 21:01:29,018 - DEBUG - Inputs - lon: -80.27176658425941, lat: 25.903207163687032, geo_transform: [-80.27289096013281, 3.4372809371413383e-06, 0.0, 25.90364653219912, 0.0, -3.4372809371413383e-06], image_width: 512, image_height: 512
2024-12-26 21:01:29,018 - DEBUG - Parsed GeoTransform - x_origin: -80.27289096013281, pixel_width: 3.4372809371413383e-06, y_origin: 25.90364653219912, pixel_height: -3.4372809371413383e-06
2024-12-26 21:01:29,019 - DEBUG - Computed pixel coordinates before clamping - x_pixel: 327, y_pixel: 127
2024-12-26 21:01:29,019 - DEBUG - Clamped pixel coordinates - x_pixel: 327, y_pixel: 127
2024-12-26 21:01:29,019 - DEBUG - Converting geo-coordinates to pixel coordinates:
2024-12-26 21:01:29,019 - DEBUG - Inputs - lon: -80.27176043256594, lat: 25.903274832315304, geo_transform: [-80.27289096013281, 3.4372809371413383e-06, 0.0, 25.90364653219912, 0.0, -3.4372809371413383e-06], image_width: 512, image_height: 512
2024-12-26 21:01:29,019 - DEBUG - Parsed GeoTransform - x_origin: -80.27289096013281, pixel_width: 3.4372809371413383e-06, y_origin: 25.90364653219912, pixel_height: -3.4372809371413383e-06
2024-12-26 21:01:29,019 - DEBUG - Computed pixel coordinates before clamping - x_pixel: 328, y_pixel: 108
2024-12-26 21:01:29,019 - DEBUG - Clamped pixel coordinates - x_pixel: 328, y_pixel: 108
2024-12-26 21:01:29,019 - DEBUG - Converting geo-coordinates to pixel coordinates:
2024-12-26 21:01:29,019 - DEBUG - Inputs - lon: -80.27171045005642, lat: 25.903244842809592, geo_transform: [-80.27289096013281, 3.4372809371413383e-06, 0.0, 25.90364653219912, 0.0, -3.4372809371413383e-06], image_width: 512, image_height: 512
2024-12-26 21:01:29,019 - DEBUG - Parsed GeoTransform - x_origin: -80.27289096013281, pixel_width: 3.4372809371413383e-06, y_origin: 25.90364653219912, pixel_height: -3.4372809371413383e-06
2024-12-26 21:01:29,019 - DEBUG - Computed pixel coordinates before clamping - x_pixel: 343, y_pixel: 116
2024-12-26 21:01:29,019 - DEBUG - Clamped pixel coordinates - x_pixel: 343, y_pixel: 116
2024-12-26 21:01:29,019 - DEBUG - Pixel Coordinates: [(343, 116), (349, 133), (327, 127), (328, 108), (343, 116)] ... (showing first 5 for brevity)
2024-12-26 21:01:29,019 - DEBUG - Pixel Bounding Box: x_min=327, x_max=349, y_min=108, y_max=133
2024-12-26 21:01:29,020 - DEBUG - Pixel bounding box: (327, 108, 349, 133)
2024-12-26 21:01:29,020 - DEBUG - Input is a list. Converting to tensor.
2024-12-26 21:01:29,020 - DEBUG - Input Bounding Boxes (Corner Format): tensor([[327., 108., 349., 133.]])
2024-12-26 21:01:29,020 - DEBUG - x_min: 327.0, y_min: 108.0, x_max: 349.0, y_max: 133.0
2024-12-26 21:01:29,020 - DEBUG - Converted Bounding Boxes (Center Format): tensor([[338.0000, 120.5000,  22.0000,  25.0000]])
2024-12-26 21:01:29,020 - DEBUG - Normalized bounding box (cx, cy, w, h): tensor([[338.0000, 120.5000,  22.0000,  25.0000]])
2024-12-26 21:01:29,021 - DEBUG - Processed image tensor shape: torch.Size([3, 512, 512])
2024-12-26 21:01:29,022 - DEBUG - Processed bounding box tensor: tensor([[338.0000, 120.5000,  22.0000,  25.0000]])
2024-12-26 21:01:29,022 - DEBUG - Processing index 4578:
2024-12-26 21:01:29,022 - DEBUG - Image path: ./data/raw/train/PS-RGB_tiled/84_1040010049B46C00_tile_158.png
2024-12-26 21:01:29,022 - DEBUG - Label path: ./data/raw/train/geojson_aircraft_tiled/84_1040010049B46C00_tile_158.geojson
2024-12-26 21:01:29,022 - DEBUG - Auxiliary path: ./data/raw/train/PS-RGB_tiled/84_1040010049B46C00_tile_158.png.aux.xml
2024-12-26 21:01:29,022 - DEBUG - Parsing GeoTransform from: ./data/raw/train/PS-RGB_tiled/84_1040010049B46C00_tile_158.png.aux.xml
2024-12-26 21:01:29,023 - DEBUG - GeoTransform parsed: [-80.15119672824369, 3.3759811271316744e-06, 0.0, 26.07981938670636, 0.0, -3.3759811271316744e-06]
2024-12-26 21:01:29,023 - DEBUG - Reading GeoJSON from: ./data/raw/train/geojson_aircraft_tiled/84_1040010049B46C00_tile_158.geojson
2024-12-26 21:01:29,023 - DEBUG - First feature coordinates: [[[-80.15107579314905, 26.079395502809152], [-80.15118449120433, 26.079302943329765], [-80.15119672824369, 26.079311617686777], [-80.15119672824369, 26.07945841919795], [-80.15107579314905, 26.079395502809152]]]
2024-12-26 21:01:29,023 - DEBUG - Feature properties: {'loc_id': 84, 'cat_id': '1040010049B46C00', 'location': 'Fort Lauderdale-Hollywood International Airport, 100, Terminal Drive, Dania Beach, Port Laudania, Broward County, Florida, 33315, USA', 'role': 'Medium Civil Transport/Utility', 'role_id': 2, 'is_plane': 1, 'num_engines': 2, 'propulsion': 'jet', 'canards': 'no', 'num_tail_fins': 1, 'wing_position': 'mid/low mounted', 'wing_type': 'swept', 'length': 22.169078444225182, 'wingspan': 19.525595438185253, 'area': 213.6147566227352, 'faa_wingspan_class': 2, 'Public_Train': 1, 'Public_Test': 0, 'partialDec': 0.5141445448609147, 'truncated': 1, 'new_area': 109.82886181937124}
2024-12-26 21:01:29,023 - DEBUG - GeoJSON Coords: [(-80.15107579314905, 26.079395502809152), (-80.15118449120433, 26.079302943329765), (-80.15119672824369, 26.079311617686777), (-80.15119672824369, 26.07945841919795), (-80.15107579314905, 26.079395502809152)]
2024-12-26 21:01:29,023 - DEBUG - GeoJSON Features: [22.169078444225182, 19.525595438185253, 213.6147566227352, 1, 1, 0, 2, 1, 2]
2024-12-26 21:01:29,023 - DEBUG - Parsed GeoTransform: [-80.15119672824369, 3.3759811271316744e-06, 0.0, 26.07981938670636, 0.0, -3.3759811271316744e-06]
2024-12-26 21:01:29,023 - DEBUG - Parsed GeoJSON coordinates: [(-80.15107579314905, 26.079395502809152), (-80.15118449120433, 26.079302943329765), (-80.15119672824369, 26.079311617686777), (-80.15119672824369, 26.07945841919795), (-80.15107579314905, 26.079395502809152)]
2024-12-26 21:01:29,024 - DEBUG - STREAM b'IHDR' 16 13
2024-12-26 21:01:29,024 - DEBUG - STREAM b'tRNS' 41 6
2024-12-26 21:01:29,024 - DEBUG - STREAM b'IDAT' 59 8192
2024-12-26 21:01:29,034 - DEBUG - Loaded image size: 512x512
2024-12-26 21:01:29,034 - DEBUG - Converting GeoJSON to pixel bounding boxes.
2024-12-26 21:01:29,034 - DEBUG - Input Coordinates: [(-80.15107579314905, 26.079395502809152), (-80.15118449120433, 26.079302943329765), (-80.15119672824369, 26.079311617686777), (-80.15119672824369, 26.07945841919795), (-80.15107579314905, 26.079395502809152)] ... (showing first 5 for brevity)
2024-12-26 21:01:29,034 - DEBUG - GeoTransform: [-80.15119672824369, 3.3759811271316744e-06, 0.0, 26.07981938670636, 0.0, -3.3759811271316744e-06]
2024-12-26 21:01:29,035 - DEBUG - Image Dimensions: width=512, height=512
2024-12-26 21:01:29,035 - DEBUG - Converting geo-coordinates to pixel coordinates:
2024-12-26 21:01:29,035 - DEBUG - Inputs - lon: -80.15107579314905, lat: 26.079395502809152, geo_transform: [-80.15119672824369, 3.3759811271316744e-06, 0.0, 26.07981938670636, 0.0, -3.3759811271316744e-06], image_width: 512, image_height: 512
2024-12-26 21:01:29,035 - DEBUG - Parsed GeoTransform - x_origin: -80.15119672824369, pixel_width: 3.3759811271316744e-06, y_origin: 26.07981938670636, pixel_height: -3.3759811271316744e-06
2024-12-26 21:01:29,035 - DEBUG - Computed pixel coordinates before clamping - x_pixel: 35, y_pixel: 125
2024-12-26 21:01:29,035 - DEBUG - Clamped pixel coordinates - x_pixel: 35, y_pixel: 125
2024-12-26 21:01:29,035 - DEBUG - Converting geo-coordinates to pixel coordinates:
2024-12-26 21:01:29,035 - DEBUG - Inputs - lon: -80.15118449120433, lat: 26.079302943329765, geo_transform: [-80.15119672824369, 3.3759811271316744e-06, 0.0, 26.07981938670636, 0.0, -3.3759811271316744e-06], image_width: 512, image_height: 512
2024-12-26 21:01:29,035 - DEBUG - Parsed GeoTransform - x_origin: -80.15119672824369, pixel_width: 3.3759811271316744e-06, y_origin: 26.07981938670636, pixel_height: -3.3759811271316744e-06
2024-12-26 21:01:29,035 - DEBUG - Computed pixel coordinates before clamping - x_pixel: 3, y_pixel: 152
2024-12-26 21:01:29,035 - DEBUG - Clamped pixel coordinates - x_pixel: 3, y_pixel: 152
2024-12-26 21:01:29,035 - DEBUG - Converting geo-coordinates to pixel coordinates:
2024-12-26 21:01:29,035 - DEBUG - Inputs - lon: -80.15119672824369, lat: 26.079311617686777, geo_transform: [-80.15119672824369, 3.3759811271316744e-06, 0.0, 26.07981938670636, 0.0, -3.3759811271316744e-06], image_width: 512, image_height: 512
2024-12-26 21:01:29,035 - DEBUG - Parsed GeoTransform - x_origin: -80.15119672824369, pixel_width: 3.3759811271316744e-06, y_origin: 26.07981938670636, pixel_height: -3.3759811271316744e-06
2024-12-26 21:01:29,035 - DEBUG - Computed pixel coordinates before clamping - x_pixel: 0, y_pixel: 150
2024-12-26 21:01:29,036 - DEBUG - Clamped pixel coordinates - x_pixel: 0, y_pixel: 150
2024-12-26 21:01:29,036 - DEBUG - Converting geo-coordinates to pixel coordinates:
2024-12-26 21:01:29,036 - DEBUG - Inputs - lon: -80.15119672824369, lat: 26.07945841919795, geo_transform: [-80.15119672824369, 3.3759811271316744e-06, 0.0, 26.07981938670636, 0.0, -3.3759811271316744e-06], image_width: 512, image_height: 512
2024-12-26 21:01:29,036 - DEBUG - Parsed GeoTransform - x_origin: -80.15119672824369, pixel_width: 3.3759811271316744e-06, y_origin: 26.07981938670636, pixel_height: -3.3759811271316744e-06
2024-12-26 21:01:29,036 - DEBUG - Computed pixel coordinates before clamping - x_pixel: 0, y_pixel: 106
2024-12-26 21:01:29,036 - DEBUG - Clamped pixel coordinates - x_pixel: 0, y_pixel: 106
2024-12-26 21:01:29,036 - DEBUG - Converting geo-coordinates to pixel coordinates:
2024-12-26 21:01:29,036 - DEBUG - Inputs - lon: -80.15107579314905, lat: 26.079395502809152, geo_transform: [-80.15119672824369, 3.3759811271316744e-06, 0.0, 26.07981938670636, 0.0, -3.3759811271316744e-06], image_width: 512, image_height: 512
2024-12-26 21:01:29,036 - DEBUG - Parsed GeoTransform - x_origin: -80.15119672824369, pixel_width: 3.3759811271316744e-06, y_origin: 26.07981938670636, pixel_height: -3.3759811271316744e-06
2024-12-26 21:01:29,036 - DEBUG - Computed pixel coordinates before clamping - x_pixel: 35, y_pixel: 125
2024-12-26 21:01:29,036 - DEBUG - Clamped pixel coordinates - x_pixel: 35, y_pixel: 125
2024-12-26 21:01:29,036 - DEBUG - Pixel Coordinates: [(35, 125), (3, 152), (0, 150), (0, 106), (35, 125)] ... (showing first 5 for brevity)
2024-12-26 21:01:29,036 - DEBUG - Pixel Bounding Box: x_min=0, x_max=35, y_min=106, y_max=152
2024-12-26 21:01:29,036 - DEBUG - Pixel bounding box: (0, 106, 35, 152)
2024-12-26 21:01:29,037 - DEBUG - Input is a list. Converting to tensor.
2024-12-26 21:01:29,037 - DEBUG - Input Bounding Boxes (Corner Format): tensor([[  0., 106.,  35., 152.]])
2024-12-26 21:01:29,037 - DEBUG - x_min: 0.0, y_min: 106.0, x_max: 35.0, y_max: 152.0
2024-12-26 21:01:29,037 - DEBUG - Converted Bounding Boxes (Center Format): tensor([[ 17.5000, 129.0000,  35.0000,  46.0000]])
2024-12-26 21:01:29,037 - DEBUG - Normalized bounding box (cx, cy, w, h): tensor([[ 17.5000, 129.0000,  35.0000,  46.0000]])
2024-12-26 21:01:29,038 - DEBUG - Processed image tensor shape: torch.Size([3, 512, 512])
2024-12-26 21:01:29,038 - DEBUG - Processed bounding box tensor: tensor([[ 17.5000, 129.0000,  35.0000,  46.0000]])
2024-12-26 21:01:29,039 - DEBUG - Processing index 3355:
2024-12-26 21:01:29,039 - DEBUG - Image path: ./data/raw/train/PS-RGB_tiled/54_1040010024086400_tile_488.png
2024-12-26 21:01:29,039 - DEBUG - Label path: ./data/raw/train/geojson_aircraft_tiled/54_1040010024086400_tile_488.geojson
2024-12-26 21:01:29,039 - DEBUG - Auxiliary path: ./data/raw/train/PS-RGB_tiled/54_1040010024086400_tile_488.png.aux.xml
2024-12-26 21:01:29,039 - DEBUG - Parsing GeoTransform from: ./data/raw/train/PS-RGB_tiled/54_1040010024086400_tile_488.png.aux.xml
2024-12-26 21:01:29,039 - DEBUG - GeoTransform parsed: [-80.28818206329368, 3.14247019390011e-06, 0.0, 25.799119404574686, 0.0, -3.14247019390011e-06]
2024-12-26 21:01:29,039 - DEBUG - Reading GeoJSON from: ./data/raw/train/geojson_aircraft_tiled/54_1040010024086400_tile_488.geojson
2024-12-26 21:01:29,040 - DEBUG - First feature coordinates: [[[-80.28723640401451, 25.798428808470078], [-80.28708888297115, 25.798272471428113], [-80.28721935975054, 25.798155512513258], [-80.2873568893288, 25.79826953276191], [-80.28723640401451, 25.798428808470078]]]
2024-12-26 21:01:29,040 - DEBUG - Feature properties: {'loc_id': 54, 'cat_id': '1040010024086400', 'location': 'Miami International Airport, 2100, Northwest 18th Street, Miami Springs, Alameda, Miami-Dade County, Florida, 33142, USA', 'role': 'Medium Civil Transport/Utility', 'role_id': 2, 'is_plane': 1, 'num_engines': 2, 'propulsion': 'jet', 'canards': 'no', 'num_tail_fins': 1, 'wing_position': 'mid/low mounted', 'wing_type': 'swept', 'length': 30.315063106621825, 'wingspan': 26.870759656491142, 'area': 406.89507510120654, 'faa_wingspan_class': 3, 'Public_Train': 1, 'Public_Test': 0, 'partialDec': 1.0, 'truncated': 0, 'new_area': 406.89507510120654}
2024-12-26 21:01:29,040 - DEBUG - GeoJSON Coords: [(-80.28723640401451, 25.798428808470078), (-80.28708888297115, 25.798272471428113), (-80.28721935975054, 25.798155512513258), (-80.2873568893288, 25.79826953276191), (-80.28723640401451, 25.798428808470078)]
2024-12-26 21:01:29,040 - DEBUG - GeoJSON Features: [30.315063106621825, 26.870759656491142, 406.89507510120654, 1, 1, 0, 2, 1, 3]
2024-12-26 21:01:29,040 - DEBUG - Parsed GeoTransform: [-80.28818206329368, 3.14247019390011e-06, 0.0, 25.799119404574686, 0.0, -3.14247019390011e-06]
2024-12-26 21:01:29,040 - DEBUG - Parsed GeoJSON coordinates: [(-80.28723640401451, 25.798428808470078), (-80.28708888297115, 25.798272471428113), (-80.28721935975054, 25.798155512513258), (-80.2873568893288, 25.79826953276191), (-80.28723640401451, 25.798428808470078)]
2024-12-26 21:01:29,041 - DEBUG - STREAM b'IHDR' 16 13
2024-12-26 21:01:29,041 - DEBUG - STREAM b'tRNS' 41 6
2024-12-26 21:01:29,041 - DEBUG - STREAM b'IDAT' 59 8192
2024-12-26 21:01:29,052 - DEBUG - Loaded image size: 512x512
2024-12-26 21:01:29,052 - DEBUG - Converting GeoJSON to pixel bounding boxes.
2024-12-26 21:01:29,052 - DEBUG - Input Coordinates: [(-80.28723640401451, 25.798428808470078), (-80.28708888297115, 25.798272471428113), (-80.28721935975054, 25.798155512513258), (-80.2873568893288, 25.79826953276191), (-80.28723640401451, 25.798428808470078)] ... (showing first 5 for brevity)
2024-12-26 21:01:29,052 - DEBUG - GeoTransform: [-80.28818206329368, 3.14247019390011e-06, 0.0, 25.799119404574686, 0.0, -3.14247019390011e-06]
2024-12-26 21:01:29,052 - DEBUG - Image Dimensions: width=512, height=512
2024-12-26 21:01:29,052 - DEBUG - Converting geo-coordinates to pixel coordinates:
2024-12-26 21:01:29,052 - DEBUG - Inputs - lon: -80.28723640401451, lat: 25.798428808470078, geo_transform: [-80.28818206329368, 3.14247019390011e-06, 0.0, 25.799119404574686, 0.0, -3.14247019390011e-06], image_width: 512, image_height: 512
2024-12-26 21:01:29,052 - DEBUG - Parsed GeoTransform - x_origin: -80.28818206329368, pixel_width: 3.14247019390011e-06, y_origin: 25.799119404574686, pixel_height: -3.14247019390011e-06
2024-12-26 21:01:29,052 - DEBUG - Computed pixel coordinates before clamping - x_pixel: 300, y_pixel: 219
2024-12-26 21:01:29,053 - DEBUG - Clamped pixel coordinates - x_pixel: 300, y_pixel: 219
2024-12-26 21:01:29,053 - DEBUG - Converting geo-coordinates to pixel coordinates:
2024-12-26 21:01:29,053 - DEBUG - Inputs - lon: -80.28708888297115, lat: 25.798272471428113, geo_transform: [-80.28818206329368, 3.14247019390011e-06, 0.0, 25.799119404574686, 0.0, -3.14247019390011e-06], image_width: 512, image_height: 512
2024-12-26 21:01:29,053 - DEBUG - Parsed GeoTransform - x_origin: -80.28818206329368, pixel_width: 3.14247019390011e-06, y_origin: 25.799119404574686, pixel_height: -3.14247019390011e-06
2024-12-26 21:01:29,053 - DEBUG - Computed pixel coordinates before clamping - x_pixel: 347, y_pixel: 269
2024-12-26 21:01:29,053 - DEBUG - Clamped pixel coordinates - x_pixel: 347, y_pixel: 269
2024-12-26 21:01:29,053 - DEBUG - Converting geo-coordinates to pixel coordinates:
2024-12-26 21:01:29,053 - DEBUG - Inputs - lon: -80.28721935975054, lat: 25.798155512513258, geo_transform: [-80.28818206329368, 3.14247019390011e-06, 0.0, 25.799119404574686, 0.0, -3.14247019390011e-06], image_width: 512, image_height: 512
2024-12-26 21:01:29,053 - DEBUG - Parsed GeoTransform - x_origin: -80.28818206329368, pixel_width: 3.14247019390011e-06, y_origin: 25.799119404574686, pixel_height: -3.14247019390011e-06
2024-12-26 21:01:29,053 - DEBUG - Computed pixel coordinates before clamping - x_pixel: 306, y_pixel: 306
2024-12-26 21:01:29,053 - DEBUG - Clamped pixel coordinates - x_pixel: 306, y_pixel: 306
2024-12-26 21:01:29,053 - DEBUG - Converting geo-coordinates to pixel coordinates:
2024-12-26 21:01:29,053 - DEBUG - Inputs - lon: -80.2873568893288, lat: 25.79826953276191, geo_transform: [-80.28818206329368, 3.14247019390011e-06, 0.0, 25.799119404574686, 0.0, -3.14247019390011e-06], image_width: 512, image_height: 512
2024-12-26 21:01:29,053 - DEBUG - Parsed GeoTransform - x_origin: -80.28818206329368, pixel_width: 3.14247019390011e-06, y_origin: 25.799119404574686, pixel_height: -3.14247019390011e-06
2024-12-26 21:01:29,053 - DEBUG - Computed pixel coordinates before clamping - x_pixel: 262, y_pixel: 270
2024-12-26 21:01:29,054 - DEBUG - Clamped pixel coordinates - x_pixel: 262, y_pixel: 270
2024-12-26 21:01:29,054 - DEBUG - Converting geo-coordinates to pixel coordinates:
2024-12-26 21:01:29,054 - DEBUG - Inputs - lon: -80.28723640401451, lat: 25.798428808470078, geo_transform: [-80.28818206329368, 3.14247019390011e-06, 0.0, 25.799119404574686, 0.0, -3.14247019390011e-06], image_width: 512, image_height: 512
2024-12-26 21:01:29,054 - DEBUG - Parsed GeoTransform - x_origin: -80.28818206329368, pixel_width: 3.14247019390011e-06, y_origin: 25.799119404574686, pixel_height: -3.14247019390011e-06
2024-12-26 21:01:29,054 - DEBUG - Computed pixel coordinates before clamping - x_pixel: 300, y_pixel: 219
2024-12-26 21:01:29,054 - DEBUG - Clamped pixel coordinates - x_pixel: 300, y_pixel: 219
2024-12-26 21:01:29,054 - DEBUG - Pixel Coordinates: [(300, 219), (347, 269), (306, 306), (262, 270), (300, 219)] ... (showing first 5 for brevity)
2024-12-26 21:01:29,054 - DEBUG - Pixel Bounding Box: x_min=262, x_max=347, y_min=219, y_max=306
2024-12-26 21:01:29,054 - DEBUG - Pixel bounding box: (262, 219, 347, 306)
2024-12-26 21:01:29,054 - DEBUG - Input is a list. Converting to tensor.
2024-12-26 21:01:29,054 - DEBUG - Input Bounding Boxes (Corner Format): tensor([[262., 219., 347., 306.]])
2024-12-26 21:01:29,055 - DEBUG - x_min: 262.0, y_min: 219.0, x_max: 347.0, y_max: 306.0
2024-12-26 21:01:29,055 - DEBUG - Converted Bounding Boxes (Center Format): tensor([[304.5000, 262.5000,  85.0000,  87.0000]])
2024-12-26 21:01:29,055 - DEBUG - Normalized bounding box (cx, cy, w, h): tensor([[304.5000, 262.5000,  85.0000,  87.0000]])
2024-12-26 21:01:29,056 - DEBUG - Processed image tensor shape: torch.Size([3, 512, 512])
2024-12-26 21:01:29,057 - DEBUG - Processed bounding box tensor: tensor([[304.5000, 262.5000,  85.0000,  87.0000]])
2024-12-26 21:01:29,057 - DEBUG - Processing index 1977:
2024-12-26 21:01:29,057 - DEBUG - Image path: ./data/raw/train/PS-RGB_tiled/31_104001002809DA00_tile_376.png
2024-12-26 21:01:29,057 - DEBUG - Label path: ./data/raw/train/geojson_aircraft_tiled/31_104001002809DA00_tile_376.geojson
2024-12-26 21:01:29,057 - DEBUG - Auxiliary path: ./data/raw/train/PS-RGB_tiled/31_104001002809DA00_tile_376.png.aux.xml
2024-12-26 21:01:29,057 - DEBUG - Parsing GeoTransform from: ./data/raw/train/PS-RGB_tiled/31_104001002809DA00_tile_376.png.aux.xml
2024-12-26 21:01:29,057 - DEBUG - GeoTransform parsed: [72.8607236853397, 3.4899548788043417e-06, 0.0, 19.0928693615895, 0.0, -3.4899548788043417e-06]
2024-12-26 21:01:29,057 - DEBUG - Reading GeoJSON from: ./data/raw/train/geojson_aircraft_tiled/31_104001002809DA00_tile_376.geojson
2024-12-26 21:01:29,058 - DEBUG - First feature coordinates: [[[72.86098706998463, 19.09262037227024], [72.86097088125979, 19.09238009751192], [72.86075233347432, 19.092385067734455], [72.86074104396882, 19.092592965043067], [72.86098706998463, 19.09262037227024]]]
2024-12-26 21:01:29,058 - DEBUG - Feature properties: {'loc_id': 31, 'cat_id': '104001002809DA00', 'location': 'Jarimari, L Ward, Zone 3, Mumbai, Mumbai Suburban, Maharashtra, 400070, India', 'role': 'Medium Civil Transport/Utility', 'role_id': 2, 'is_plane': 1, 'num_engines': 2, 'propulsion': 'jet', 'canards': 'no', 'num_tail_fins': 1, 'wing_position': 'mid/low mounted', 'wing_type': 'swept', 'length': 35.90552666530741, 'wingspan': 33.77459155373049, 'area': 606.2926044090289, 'faa_wingspan_class': 3, 'Public_Train': 1, 'Public_Test': 0, 'partialDec': 1.0, 'truncated': 0, 'new_area': 606.2926044090289}
2024-12-26 21:01:29,058 - DEBUG - GeoJSON Coords: [(72.86098706998463, 19.09262037227024), (72.86097088125979, 19.09238009751192), (72.86075233347432, 19.092385067734455), (72.86074104396882, 19.092592965043067), (72.86098706998463, 19.09262037227024)]
2024-12-26 21:01:29,058 - DEBUG - GeoJSON Features: [35.90552666530741, 33.77459155373049, 606.2926044090289, 1, 1, 0, 2, 1, 3]
2024-12-26 21:01:29,058 - DEBUG - Parsed GeoTransform: [72.8607236853397, 3.4899548788043417e-06, 0.0, 19.0928693615895, 0.0, -3.4899548788043417e-06]
2024-12-26 21:01:29,058 - DEBUG - Parsed GeoJSON coordinates: [(72.86098706998463, 19.09262037227024), (72.86097088125979, 19.09238009751192), (72.86075233347432, 19.092385067734455), (72.86074104396882, 19.092592965043067), (72.86098706998463, 19.09262037227024)]
2024-12-26 21:01:29,059 - DEBUG - STREAM b'IHDR' 16 13
2024-12-26 21:01:29,059 - DEBUG - STREAM b'tRNS' 41 6
2024-12-26 21:01:29,059 - DEBUG - STREAM b'IDAT' 59 8192
2024-12-26 21:01:29,070 - DEBUG - Loaded image size: 512x512
2024-12-26 21:01:29,070 - DEBUG - Converting GeoJSON to pixel bounding boxes.
2024-12-26 21:01:29,070 - DEBUG - Input Coordinates: [(72.86098706998463, 19.09262037227024), (72.86097088125979, 19.09238009751192), (72.86075233347432, 19.092385067734455), (72.86074104396882, 19.092592965043067), (72.86098706998463, 19.09262037227024)] ... (showing first 5 for brevity)
2024-12-26 21:01:29,070 - DEBUG - GeoTransform: [72.8607236853397, 3.4899548788043417e-06, 0.0, 19.0928693615895, 0.0, -3.4899548788043417e-06]
2024-12-26 21:01:29,070 - DEBUG - Image Dimensions: width=512, height=512
2024-12-26 21:01:29,070 - DEBUG - Converting geo-coordinates to pixel coordinates:
2024-12-26 21:01:29,070 - DEBUG - Inputs - lon: 72.86098706998463, lat: 19.09262037227024, geo_transform: [72.8607236853397, 3.4899548788043417e-06, 0.0, 19.0928693615895, 0.0, -3.4899548788043417e-06], image_width: 512, image_height: 512
2024-12-26 21:01:29,070 - DEBUG - Parsed GeoTransform - x_origin: 72.8607236853397, pixel_width: 3.4899548788043417e-06, y_origin: 19.0928693615895, pixel_height: -3.4899548788043417e-06
2024-12-26 21:01:29,070 - DEBUG - Computed pixel coordinates before clamping - x_pixel: 75, y_pixel: 71
2024-12-26 21:01:29,070 - DEBUG - Clamped pixel coordinates - x_pixel: 75, y_pixel: 71
2024-12-26 21:01:29,070 - DEBUG - Converting geo-coordinates to pixel coordinates:
2024-12-26 21:01:29,071 - DEBUG - Inputs - lon: 72.86097088125979, lat: 19.09238009751192, geo_transform: [72.8607236853397, 3.4899548788043417e-06, 0.0, 19.0928693615895, 0.0, -3.4899548788043417e-06], image_width: 512, image_height: 512
2024-12-26 21:01:29,071 - DEBUG - Parsed GeoTransform - x_origin: 72.8607236853397, pixel_width: 3.4899548788043417e-06, y_origin: 19.0928693615895, pixel_height: -3.4899548788043417e-06
2024-12-26 21:01:29,071 - DEBUG - Computed pixel coordinates before clamping - x_pixel: 70, y_pixel: 140
2024-12-26 21:01:29,071 - DEBUG - Clamped pixel coordinates - x_pixel: 70, y_pixel: 140
2024-12-26 21:01:29,071 - DEBUG - Converting geo-coordinates to pixel coordinates:
2024-12-26 21:01:29,071 - DEBUG - Inputs - lon: 72.86075233347432, lat: 19.092385067734455, geo_transform: [72.8607236853397, 3.4899548788043417e-06, 0.0, 19.0928693615895, 0.0, -3.4899548788043417e-06], image_width: 512, image_height: 512
2024-12-26 21:01:29,071 - DEBUG - Parsed GeoTransform - x_origin: 72.8607236853397, pixel_width: 3.4899548788043417e-06, y_origin: 19.0928693615895, pixel_height: -3.4899548788043417e-06
2024-12-26 21:01:29,071 - DEBUG - Computed pixel coordinates before clamping - x_pixel: 8, y_pixel: 138
2024-12-26 21:01:29,071 - DEBUG - Clamped pixel coordinates - x_pixel: 8, y_pixel: 138
2024-12-26 21:01:29,071 - DEBUG - Converting geo-coordinates to pixel coordinates:
2024-12-26 21:01:29,071 - DEBUG - Inputs - lon: 72.86074104396882, lat: 19.092592965043067, geo_transform: [72.8607236853397, 3.4899548788043417e-06, 0.0, 19.0928693615895, 0.0, -3.4899548788043417e-06], image_width: 512, image_height: 512
2024-12-26 21:01:29,071 - DEBUG - Parsed GeoTransform - x_origin: 72.8607236853397, pixel_width: 3.4899548788043417e-06, y_origin: 19.0928693615895, pixel_height: -3.4899548788043417e-06
2024-12-26 21:01:29,071 - DEBUG - Computed pixel coordinates before clamping - x_pixel: 4, y_pixel: 79
2024-12-26 21:01:29,071 - DEBUG - Clamped pixel coordinates - x_pixel: 4, y_pixel: 79
2024-12-26 21:01:29,071 - DEBUG - Converting geo-coordinates to pixel coordinates:
2024-12-26 21:01:29,072 - DEBUG - Inputs - lon: 72.86098706998463, lat: 19.09262037227024, geo_transform: [72.8607236853397, 3.4899548788043417e-06, 0.0, 19.0928693615895, 0.0, -3.4899548788043417e-06], image_width: 512, image_height: 512
2024-12-26 21:01:29,072 - DEBUG - Parsed GeoTransform - x_origin: 72.8607236853397, pixel_width: 3.4899548788043417e-06, y_origin: 19.0928693615895, pixel_height: -3.4899548788043417e-06
2024-12-26 21:01:29,072 - DEBUG - Computed pixel coordinates before clamping - x_pixel: 75, y_pixel: 71
2024-12-26 21:01:29,072 - DEBUG - Clamped pixel coordinates - x_pixel: 75, y_pixel: 71
2024-12-26 21:01:29,072 - DEBUG - Pixel Coordinates: [(75, 71), (70, 140), (8, 138), (4, 79), (75, 71)] ... (showing first 5 for brevity)
2024-12-26 21:01:29,072 - DEBUG - Pixel Bounding Box: x_min=4, x_max=75, y_min=71, y_max=140
2024-12-26 21:01:29,072 - DEBUG - Pixel bounding box: (4, 71, 75, 140)
2024-12-26 21:01:29,072 - DEBUG - Input is a list. Converting to tensor.
2024-12-26 21:01:29,072 - DEBUG - Input Bounding Boxes (Corner Format): tensor([[  4.,  71.,  75., 140.]])
2024-12-26 21:01:29,072 - DEBUG - x_min: 4.0, y_min: 71.0, x_max: 75.0, y_max: 140.0
2024-12-26 21:01:29,073 - DEBUG - Converted Bounding Boxes (Center Format): tensor([[ 39.5000, 105.5000,  71.0000,  69.0000]])
2024-12-26 21:01:29,073 - DEBUG - Normalized bounding box (cx, cy, w, h): tensor([[ 39.5000, 105.5000,  71.0000,  69.0000]])
2024-12-26 21:01:29,074 - DEBUG - Processed image tensor shape: torch.Size([3, 512, 512])
2024-12-26 21:01:29,074 - DEBUG - Processed bounding box tensor: tensor([[ 39.5000, 105.5000,  71.0000,  69.0000]])
2024-12-26 21:01:29,074 - DEBUG - Processing index 5146:
2024-12-26 21:01:29,074 - DEBUG - Image path: ./data/raw/train/PS-RGB_tiled/91_1040010039040600_tile_168.png
2024-12-26 21:01:29,075 - DEBUG - Label path: ./data/raw/train/geojson_aircraft_tiled/91_1040010039040600_tile_168.geojson
2024-12-26 21:01:29,075 - DEBUG - Auxiliary path: ./data/raw/train/PS-RGB_tiled/91_1040010039040600_tile_168.png.aux.xml
2024-12-26 21:01:29,075 - DEBUG - Parsing GeoTransform from: ./data/raw/train/PS-RGB_tiled/91_1040010039040600_tile_168.png.aux.xml
2024-12-26 21:01:29,075 - DEBUG - GeoTransform parsed: [-95.98180637689603, 2.8746089091824687e-06, 0.0, 36.040286803447835, 0.0, -2.8746089091824687e-06]
2024-12-26 21:01:29,075 - DEBUG - Reading GeoJSON from: ./data/raw/train/geojson_aircraft_tiled/91_1040010039040600_tile_168.geojson
2024-12-26 21:01:29,076 - DEBUG - First feature coordinates: [[[-95.98163076504004, 36.040286803447835], [-95.98161458082609, 36.04027089123748], [-95.98167572234226, 36.040237470662966], [-95.98169197973728, 36.040286803447835], [-95.98163076504004, 36.040286803447835]]]
2024-12-26 21:01:29,076 - DEBUG - Feature properties: {'loc_id': 91, 'cat_id': '1040010039040600', 'location': 'Richard Lloyd Jones Junior Airport, West Piper Drive, Tulsa, Tulsa County, Oklahoma, 74132, USA', 'role': 'Small Civil Transport/Utility', 'role_id': 1, 'is_plane': 1, 'num_engines': 1, 'propulsion': 'propeller', 'canards': 'no', 'num_tail_fins': 1, 'wing_position': 'high mounted', 'wing_type': 'straight', 'length': 7.584666945408959, 'wingspan': 8.485283672143137, 'area': 31.996171699592505, 'faa_wingspan_class': 1, 'Public_Train': 1, 'Public_Test': 0, 'partialDec': 0.7091256790941947, 'truncated': 1, 'new_area': 22.68930698488799}
2024-12-26 21:01:29,076 - DEBUG - GeoJSON Coords: [(-95.98163076504004, 36.040286803447835), (-95.98161458082609, 36.04027089123748), (-95.98167572234226, 36.040237470662966), (-95.98169197973728, 36.040286803447835), (-95.98163076504004, 36.040286803447835)]
2024-12-26 21:01:29,076 - DEBUG - GeoJSON Features: [7.584666945408959, 8.485283672143137, 31.996171699592505, 0, 0, 0, 1, 1, 1]
2024-12-26 21:01:29,076 - DEBUG - Parsed GeoTransform: [-95.98180637689603, 2.8746089091824687e-06, 0.0, 36.040286803447835, 0.0, -2.8746089091824687e-06]
2024-12-26 21:01:29,076 - DEBUG - Parsed GeoJSON coordinates: [(-95.98163076504004, 36.040286803447835), (-95.98161458082609, 36.04027089123748), (-95.98167572234226, 36.040237470662966), (-95.98169197973728, 36.040286803447835), (-95.98163076504004, 36.040286803447835)]
2024-12-26 21:01:29,076 - DEBUG - STREAM b'IHDR' 16 13
2024-12-26 21:01:29,077 - DEBUG - STREAM b'tRNS' 41 6
2024-12-26 21:01:29,077 - DEBUG - STREAM b'IDAT' 59 8192
2024-12-26 21:01:29,087 - DEBUG - Loaded image size: 512x512
2024-12-26 21:01:29,087 - DEBUG - Converting GeoJSON to pixel bounding boxes.
2024-12-26 21:01:29,087 - DEBUG - Input Coordinates: [(-95.98163076504004, 36.040286803447835), (-95.98161458082609, 36.04027089123748), (-95.98167572234226, 36.040237470662966), (-95.98169197973728, 36.040286803447835), (-95.98163076504004, 36.040286803447835)] ... (showing first 5 for brevity)
2024-12-26 21:01:29,087 - DEBUG - GeoTransform: [-95.98180637689603, 2.8746089091824687e-06, 0.0, 36.040286803447835, 0.0, -2.8746089091824687e-06]
2024-12-26 21:01:29,087 - DEBUG - Image Dimensions: width=512, height=512
2024-12-26 21:01:29,087 - DEBUG - Converting geo-coordinates to pixel coordinates:
2024-12-26 21:01:29,088 - DEBUG - Inputs - lon: -95.98163076504004, lat: 36.040286803447835, geo_transform: [-95.98180637689603, 2.8746089091824687e-06, 0.0, 36.040286803447835, 0.0, -2.8746089091824687e-06], image_width: 512, image_height: 512
2024-12-26 21:01:29,088 - DEBUG - Parsed GeoTransform - x_origin: -95.98180637689603, pixel_width: 2.8746089091824687e-06, y_origin: 36.040286803447835, pixel_height: -2.8746089091824687e-06
2024-12-26 21:01:29,088 - DEBUG - Computed pixel coordinates before clamping - x_pixel: 61, y_pixel: 0
2024-12-26 21:01:29,088 - DEBUG - Clamped pixel coordinates - x_pixel: 61, y_pixel: 0
2024-12-26 21:01:29,088 - DEBUG - Converting geo-coordinates to pixel coordinates:
2024-12-26 21:01:29,088 - DEBUG - Inputs - lon: -95.98161458082609, lat: 36.04027089123748, geo_transform: [-95.98180637689603, 2.8746089091824687e-06, 0.0, 36.040286803447835, 0.0, -2.8746089091824687e-06], image_width: 512, image_height: 512
2024-12-26 21:01:29,088 - DEBUG - Parsed GeoTransform - x_origin: -95.98180637689603, pixel_width: 2.8746089091824687e-06, y_origin: 36.040286803447835, pixel_height: -2.8746089091824687e-06
2024-12-26 21:01:29,088 - DEBUG - Computed pixel coordinates before clamping - x_pixel: 66, y_pixel: 5
2024-12-26 21:01:29,088 - DEBUG - Clamped pixel coordinates - x_pixel: 66, y_pixel: 5
2024-12-26 21:01:29,088 - DEBUG - Converting geo-coordinates to pixel coordinates:
2024-12-26 21:01:29,088 - DEBUG - Inputs - lon: -95.98167572234226, lat: 36.040237470662966, geo_transform: [-95.98180637689603, 2.8746089091824687e-06, 0.0, 36.040286803447835, 0.0, -2.8746089091824687e-06], image_width: 512, image_height: 512
2024-12-26 21:01:29,088 - DEBUG - Parsed GeoTransform - x_origin: -95.98180637689603, pixel_width: 2.8746089091824687e-06, y_origin: 36.040286803447835, pixel_height: -2.8746089091824687e-06
2024-12-26 21:01:29,088 - DEBUG - Computed pixel coordinates before clamping - x_pixel: 45, y_pixel: 17
2024-12-26 21:01:29,088 - DEBUG - Clamped pixel coordinates - x_pixel: 45, y_pixel: 17
2024-12-26 21:01:29,088 - DEBUG - Converting geo-coordinates to pixel coordinates:
2024-12-26 21:01:29,089 - DEBUG - Inputs - lon: -95.98169197973728, lat: 36.040286803447835, geo_transform: [-95.98180637689603, 2.8746089091824687e-06, 0.0, 36.040286803447835, 0.0, -2.8746089091824687e-06], image_width: 512, image_height: 512
2024-12-26 21:01:29,089 - DEBUG - Parsed GeoTransform - x_origin: -95.98180637689603, pixel_width: 2.8746089091824687e-06, y_origin: 36.040286803447835, pixel_height: -2.8746089091824687e-06
2024-12-26 21:01:29,089 - DEBUG - Computed pixel coordinates before clamping - x_pixel: 39, y_pixel: 0
2024-12-26 21:01:29,089 - DEBUG - Clamped pixel coordinates - x_pixel: 39, y_pixel: 0
2024-12-26 21:01:29,089 - DEBUG - Converting geo-coordinates to pixel coordinates:
2024-12-26 21:01:29,089 - DEBUG - Inputs - lon: -95.98163076504004, lat: 36.040286803447835, geo_transform: [-95.98180637689603, 2.8746089091824687e-06, 0.0, 36.040286803447835, 0.0, -2.8746089091824687e-06], image_width: 512, image_height: 512
2024-12-26 21:01:29,089 - DEBUG - Parsed GeoTransform - x_origin: -95.98180637689603, pixel_width: 2.8746089091824687e-06, y_origin: 36.040286803447835, pixel_height: -2.8746089091824687e-06
2024-12-26 21:01:29,089 - DEBUG - Computed pixel coordinates before clamping - x_pixel: 61, y_pixel: 0
2024-12-26 21:01:29,089 - DEBUG - Clamped pixel coordinates - x_pixel: 61, y_pixel: 0
2024-12-26 21:01:29,089 - DEBUG - Pixel Coordinates: [(61, 0), (66, 5), (45, 17), (39, 0), (61, 0)] ... (showing first 5 for brevity)
2024-12-26 21:01:29,089 - DEBUG - Pixel Bounding Box: x_min=39, x_max=66, y_min=0, y_max=17
2024-12-26 21:01:29,089 - DEBUG - Pixel bounding box: (39, 0, 66, 17)
2024-12-26 21:01:29,089 - DEBUG - Input is a list. Converting to tensor.
2024-12-26 21:01:29,090 - DEBUG - Input Bounding Boxes (Corner Format): tensor([[39.,  0., 66., 17.]])
2024-12-26 21:01:29,090 - DEBUG - x_min: 39.0, y_min: 0.0, x_max: 66.0, y_max: 17.0
2024-12-26 21:01:29,090 - DEBUG - Converted Bounding Boxes (Center Format): tensor([[52.5000,  8.5000, 27.0000, 17.0000]])
2024-12-26 21:01:29,090 - DEBUG - Normalized bounding box (cx, cy, w, h): tensor([[52.5000,  8.5000, 27.0000, 17.0000]])
2024-12-26 21:01:29,091 - DEBUG - Processed image tensor shape: torch.Size([3, 512, 512])
2024-12-26 21:01:29,091 - DEBUG - Processed bounding box tensor: tensor([[52.5000,  8.5000, 27.0000, 17.0000]])
2024-12-26 21:01:29,091 - DEBUG - Processing index 2052:
2024-12-26 21:01:29,091 - DEBUG - Image path: ./data/raw/train/PS-RGB_tiled/37_104001000EA43C00_tile_310.png
2024-12-26 21:01:29,091 - DEBUG - Label path: ./data/raw/train/geojson_aircraft_tiled/37_104001000EA43C00_tile_310.geojson
2024-12-26 21:01:29,092 - DEBUG - Auxiliary path: ./data/raw/train/PS-RGB_tiled/37_104001000EA43C00_tile_310.png.aux.xml
2024-12-26 21:01:29,092 - DEBUG - Parsing GeoTransform from: ./data/raw/train/PS-RGB_tiled/37_104001000EA43C00_tile_310.png.aux.xml
2024-12-26 21:01:29,092 - DEBUG - GeoTransform parsed: [-0.1905211789655998, 3.213722928937588e-06, 0.0, 51.15799478108932, 0.0, -3.213722928937588e-06]
2024-12-26 21:01:29,092 - DEBUG - Reading GeoJSON from: ./data/raw/train/geojson_aircraft_tiled/37_104001000EA43C00_tile_310.geojson
2024-12-26 21:01:29,093 - DEBUG - First feature coordinates: [[[-0.189140628014387, 51.15671153245661], [-0.188875752825984, 51.15652795559336], [-0.188875752825984, 51.156468527357035], [-0.18903020653812, 51.156349354949704], [-0.189041195948821, 51.156349354949704], [-0.18927873596346, 51.15643733273291], [-0.189140628014387, 51.15671153245661]]]
2024-12-26 21:01:29,093 - DEBUG - Feature properties: {'loc_id': 37, 'cat_id': '104001000EA43C00', 'location': 'London Gatwick Airport, Fuel Farm Road, Crawley, West Sussex, South East, England, RH6 0SQ, United Kingdom', 'role': 'Medium Civil Transport/Utility', 'role_id': 2, 'is_plane': 1, 'num_engines': 2, 'propulsion': 'jet', 'canards': 'no', 'num_tail_fins': 1, 'wing_position': 'mid/low mounted', 'wing_type': 'swept', 'length': 41.284296173635965, 'wingspan': 31.803776265840945, 'area': 656.0160615434569, 'faa_wingspan_class': 3, 'Public_Train': 1, 'Public_Test': 0, 'partialDec': 0.9855140730047297, 'truncated': 1, 'new_area': 646.5130607682137}
2024-12-26 21:01:29,093 - DEBUG - GeoJSON Coords: [(-0.189140628014387, 51.15671153245661), (-0.188875752825984, 51.15652795559336), (-0.188875752825984, 51.156468527357035), (-0.18903020653812, 51.156349354949704), (-0.189041195948821, 51.156349354949704), (-0.18927873596346, 51.15643733273291), (-0.189140628014387, 51.15671153245661)]
2024-12-26 21:01:29,093 - DEBUG - GeoJSON Features: [41.284296173635965, 31.803776265840945, 656.0160615434569, 1, 1, 0, 2, 1, 3]
2024-12-26 21:01:29,093 - DEBUG - Parsed GeoTransform: [-0.1905211789655998, 3.213722928937588e-06, 0.0, 51.15799478108932, 0.0, -3.213722928937588e-06]
2024-12-26 21:01:29,093 - DEBUG - Parsed GeoJSON coordinates: [(-0.189140628014387, 51.15671153245661), (-0.188875752825984, 51.15652795559336), (-0.188875752825984, 51.156468527357035), (-0.18903020653812, 51.156349354949704), (-0.189041195948821, 51.156349354949704), (-0.18927873596346, 51.15643733273291), (-0.189140628014387, 51.15671153245661)]
2024-12-26 21:01:29,093 - DEBUG - STREAM b'IHDR' 16 13
2024-12-26 21:01:29,094 - DEBUG - STREAM b'tRNS' 41 6
2024-12-26 21:01:29,094 - DEBUG - STREAM b'IDAT' 59 8192
2024-12-26 21:01:29,104 - DEBUG - Loaded image size: 512x512
2024-12-26 21:01:29,104 - DEBUG - Converting GeoJSON to pixel bounding boxes.
2024-12-26 21:01:29,104 - DEBUG - Input Coordinates: [(-0.189140628014387, 51.15671153245661), (-0.188875752825984, 51.15652795559336), (-0.188875752825984, 51.156468527357035), (-0.18903020653812, 51.156349354949704), (-0.189041195948821, 51.156349354949704)] ... (showing first 5 for brevity)
2024-12-26 21:01:29,104 - DEBUG - GeoTransform: [-0.1905211789655998, 3.213722928937588e-06, 0.0, 51.15799478108932, 0.0, -3.213722928937588e-06]
2024-12-26 21:01:29,105 - DEBUG - Image Dimensions: width=512, height=512
2024-12-26 21:01:29,105 - DEBUG - Converting geo-coordinates to pixel coordinates:
2024-12-26 21:01:29,105 - DEBUG - Inputs - lon: -0.189140628014387, lat: 51.15671153245661, geo_transform: [-0.1905211789655998, 3.213722928937588e-06, 0.0, 51.15799478108932, 0.0, -3.213722928937588e-06], image_width: 512, image_height: 512
2024-12-26 21:01:29,105 - DEBUG - Parsed GeoTransform - x_origin: -0.1905211789655998, pixel_width: 3.213722928937588e-06, y_origin: 51.15799478108932, pixel_height: -3.213722928937588e-06
2024-12-26 21:01:29,105 - DEBUG - Computed pixel coordinates before clamping - x_pixel: 429, y_pixel: 399
2024-12-26 21:01:29,105 - DEBUG - Clamped pixel coordinates - x_pixel: 429, y_pixel: 399
2024-12-26 21:01:29,105 - DEBUG - Converting geo-coordinates to pixel coordinates:
2024-12-26 21:01:29,105 - DEBUG - Inputs - lon: -0.188875752825984, lat: 51.15652795559336, geo_transform: [-0.1905211789655998, 3.213722928937588e-06, 0.0, 51.15799478108932, 0.0, -3.213722928937588e-06], image_width: 512, image_height: 512
2024-12-26 21:01:29,105 - DEBUG - Parsed GeoTransform - x_origin: -0.1905211789655998, pixel_width: 3.213722928937588e-06, y_origin: 51.15799478108932, pixel_height: -3.213722928937588e-06
2024-12-26 21:01:29,105 - DEBUG - Computed pixel coordinates before clamping - x_pixel: 511, y_pixel: 456
2024-12-26 21:01:29,105 - DEBUG - Clamped pixel coordinates - x_pixel: 511, y_pixel: 456
2024-12-26 21:01:29,105 - DEBUG - Converting geo-coordinates to pixel coordinates:
2024-12-26 21:01:29,105 - DEBUG - Inputs - lon: -0.188875752825984, lat: 51.156468527357035, geo_transform: [-0.1905211789655998, 3.213722928937588e-06, 0.0, 51.15799478108932, 0.0, -3.213722928937588e-06], image_width: 512, image_height: 512
2024-12-26 21:01:29,105 - DEBUG - Parsed GeoTransform - x_origin: -0.1905211789655998, pixel_width: 3.213722928937588e-06, y_origin: 51.15799478108932, pixel_height: -3.213722928937588e-06
2024-12-26 21:01:29,106 - DEBUG - Computed pixel coordinates before clamping - x_pixel: 511, y_pixel: 474
2024-12-26 21:01:29,106 - DEBUG - Clamped pixel coordinates - x_pixel: 511, y_pixel: 474
2024-12-26 21:01:29,106 - DEBUG - Converting geo-coordinates to pixel coordinates:
2024-12-26 21:01:29,106 - DEBUG - Inputs - lon: -0.18903020653812, lat: 51.156349354949704, geo_transform: [-0.1905211789655998, 3.213722928937588e-06, 0.0, 51.15799478108932, 0.0, -3.213722928937588e-06], image_width: 512, image_height: 512
2024-12-26 21:01:29,106 - DEBUG - Parsed GeoTransform - x_origin: -0.1905211789655998, pixel_width: 3.213722928937588e-06, y_origin: 51.15799478108932, pixel_height: -3.213722928937588e-06
2024-12-26 21:01:29,106 - DEBUG - Computed pixel coordinates before clamping - x_pixel: 463, y_pixel: 512
2024-12-26 21:01:29,106 - DEBUG - Clamped pixel coordinates - x_pixel: 463, y_pixel: 511
2024-12-26 21:01:29,106 - DEBUG - Converting geo-coordinates to pixel coordinates:
2024-12-26 21:01:29,106 - DEBUG - Inputs - lon: -0.189041195948821, lat: 51.156349354949704, geo_transform: [-0.1905211789655998, 3.213722928937588e-06, 0.0, 51.15799478108932, 0.0, -3.213722928937588e-06], image_width: 512, image_height: 512
2024-12-26 21:01:29,106 - DEBUG - Parsed GeoTransform - x_origin: -0.1905211789655998, pixel_width: 3.213722928937588e-06, y_origin: 51.15799478108932, pixel_height: -3.213722928937588e-06
2024-12-26 21:01:29,106 - DEBUG - Computed pixel coordinates before clamping - x_pixel: 460, y_pixel: 512
2024-12-26 21:01:29,106 - DEBUG - Clamped pixel coordinates - x_pixel: 460, y_pixel: 511
2024-12-26 21:01:29,106 - DEBUG - Converting geo-coordinates to pixel coordinates:
2024-12-26 21:01:29,106 - DEBUG - Inputs - lon: -0.18927873596346, lat: 51.15643733273291, geo_transform: [-0.1905211789655998, 3.213722928937588e-06, 0.0, 51.15799478108932, 0.0, -3.213722928937588e-06], image_width: 512, image_height: 512
2024-12-26 21:01:29,106 - DEBUG - Parsed GeoTransform - x_origin: -0.1905211789655998, pixel_width: 3.213722928937588e-06, y_origin: 51.15799478108932, pixel_height: -3.213722928937588e-06
2024-12-26 21:01:29,107 - DEBUG - Computed pixel coordinates before clamping - x_pixel: 386, y_pixel: 484
2024-12-26 21:01:29,107 - DEBUG - Clamped pixel coordinates - x_pixel: 386, y_pixel: 484
2024-12-26 21:01:29,107 - DEBUG - Converting geo-coordinates to pixel coordinates:
2024-12-26 21:01:29,107 - DEBUG - Inputs - lon: -0.189140628014387, lat: 51.15671153245661, geo_transform: [-0.1905211789655998, 3.213722928937588e-06, 0.0, 51.15799478108932, 0.0, -3.213722928937588e-06], image_width: 512, image_height: 512
2024-12-26 21:01:29,107 - DEBUG - Parsed GeoTransform - x_origin: -0.1905211789655998, pixel_width: 3.213722928937588e-06, y_origin: 51.15799478108932, pixel_height: -3.213722928937588e-06
2024-12-26 21:01:29,107 - DEBUG - Computed pixel coordinates before clamping - x_pixel: 429, y_pixel: 399
2024-12-26 21:01:29,107 - DEBUG - Clamped pixel coordinates - x_pixel: 429, y_pixel: 399
2024-12-26 21:01:29,107 - DEBUG - Pixel Coordinates: [(429, 399), (511, 456), (511, 474), (463, 511), (460, 511)] ... (showing first 5 for brevity)
2024-12-26 21:01:29,107 - DEBUG - Pixel Bounding Box: x_min=386, x_max=511, y_min=399, y_max=511
2024-12-26 21:01:29,107 - DEBUG - Pixel bounding box: (386, 399, 511, 511)
2024-12-26 21:01:29,107 - DEBUG - Input is a list. Converting to tensor.
2024-12-26 21:01:29,108 - DEBUG - Input Bounding Boxes (Corner Format): tensor([[386., 399., 511., 511.]])
2024-12-26 21:01:29,108 - DEBUG - x_min: 386.0, y_min: 399.0, x_max: 511.0, y_max: 511.0
2024-12-26 21:01:29,108 - DEBUG - Converted Bounding Boxes (Center Format): tensor([[448.5000, 455.0000, 125.0000, 112.0000]])
2024-12-26 21:01:29,108 - DEBUG - Normalized bounding box (cx, cy, w, h): tensor([[448.5000, 455.0000, 125.0000, 112.0000]])
2024-12-26 21:01:29,109 - DEBUG - Processed image tensor shape: torch.Size([3, 512, 512])
2024-12-26 21:01:29,110 - DEBUG - Processed bounding box tensor: tensor([[448.5000, 455.0000, 125.0000, 112.0000]])
2024-12-26 21:01:29,110 - DEBUG - Processing index 4044:
2024-12-26 21:01:29,110 - DEBUG - Image path: ./data/raw/train/PS-RGB_tiled/60_1040010046430200_tile_555.png
2024-12-26 21:01:29,110 - DEBUG - Label path: ./data/raw/train/geojson_aircraft_tiled/60_1040010046430200_tile_555.geojson
2024-12-26 21:01:29,110 - DEBUG - Auxiliary path: ./data/raw/train/PS-RGB_tiled/60_1040010046430200_tile_555.png.aux.xml
2024-12-26 21:01:29,110 - DEBUG - Parsing GeoTransform from: ./data/raw/train/PS-RGB_tiled/60_1040010046430200_tile_555.png.aux.xml
2024-12-26 21:01:29,111 - DEBUG - GeoTransform parsed: [-111.99862522896282, 2.9734235904356163e-06, 0.0, 33.440247014601916, 0.0, -2.9734235904356163e-06]
2024-12-26 21:01:29,111 - DEBUG - Reading GeoJSON from: ./data/raw/train/geojson_aircraft_tiled/60_1040010046430200_tile_555.geojson
2024-12-26 21:01:29,111 - DEBUG - First feature coordinates: [[[-111.99827907159904, 33.43893931871755], [-111.99848922468438, 33.43913582549864], [-111.99834320922899, 33.439335061540575], [-111.99813715003494, 33.43917812904179], [-111.99827907159904, 33.43893931871755]]]
2024-12-26 21:01:29,111 - DEBUG - Feature properties: {'loc_id': 60, 'cat_id': '1040010046430200', 'location': 'Phoenix Sky Harbor International Airport, Service Road, Washington Trailer Park, Central City, Phoenix, Maricopa County, Arizona, 85040, USA', 'role': 'Medium Civil Transport/Utility', 'role_id': 2, 'is_plane': 1, 'num_engines': 2, 'propulsion': 'jet', 'canards': 'no', 'num_tail_fins': 1, 'wing_position': 'mid/low mounted', 'wing_type': 'swept', 'length': 44.283060583715184, 'wingspan': 33.063333841049335, 'area': 732.0533130858563, 'faa_wingspan_class': 3, 'Public_Train': 1, 'Public_Test': 0, 'partialDec': 1.0, 'truncated': 0, 'new_area': 732.0533130858563}
2024-12-26 21:01:29,112 - DEBUG - GeoJSON Coords: [(-111.99827907159904, 33.43893931871755), (-111.99848922468438, 33.43913582549864), (-111.99834320922899, 33.439335061540575), (-111.99813715003494, 33.43917812904179), (-111.99827907159904, 33.43893931871755)]
2024-12-26 21:01:29,112 - DEBUG - GeoJSON Features: [44.283060583715184, 33.063333841049335, 732.0533130858563, 1, 1, 0, 2, 1, 3]
2024-12-26 21:01:29,112 - DEBUG - Parsed GeoTransform: [-111.99862522896282, 2.9734235904356163e-06, 0.0, 33.440247014601916, 0.0, -2.9734235904356163e-06]
2024-12-26 21:01:29,112 - DEBUG - Parsed GeoJSON coordinates: [(-111.99827907159904, 33.43893931871755), (-111.99848922468438, 33.43913582549864), (-111.99834320922899, 33.439335061540575), (-111.99813715003494, 33.43917812904179), (-111.99827907159904, 33.43893931871755)]
2024-12-26 21:01:29,112 - DEBUG - STREAM b'IHDR' 16 13
2024-12-26 21:01:29,112 - DEBUG - STREAM b'tRNS' 41 6
2024-12-26 21:01:29,113 - DEBUG - STREAM b'IDAT' 59 8192
2024-12-26 21:01:29,122 - DEBUG - Loaded image size: 512x512
2024-12-26 21:01:29,122 - DEBUG - Converting GeoJSON to pixel bounding boxes.
2024-12-26 21:01:29,122 - DEBUG - Input Coordinates: [(-111.99827907159904, 33.43893931871755), (-111.99848922468438, 33.43913582549864), (-111.99834320922899, 33.439335061540575), (-111.99813715003494, 33.43917812904179), (-111.99827907159904, 33.43893931871755)] ... (showing first 5 for brevity)
2024-12-26 21:01:29,122 - DEBUG - GeoTransform: [-111.99862522896282, 2.9734235904356163e-06, 0.0, 33.440247014601916, 0.0, -2.9734235904356163e-06]
2024-12-26 21:01:29,123 - DEBUG - Image Dimensions: width=512, height=512
2024-12-26 21:01:29,123 - DEBUG - Converting geo-coordinates to pixel coordinates:
2024-12-26 21:01:29,123 - DEBUG - Inputs - lon: -111.99827907159904, lat: 33.43893931871755, geo_transform: [-111.99862522896282, 2.9734235904356163e-06, 0.0, 33.440247014601916, 0.0, -2.9734235904356163e-06], image_width: 512, image_height: 512
2024-12-26 21:01:29,123 - DEBUG - Parsed GeoTransform - x_origin: -111.99862522896282, pixel_width: 2.9734235904356163e-06, y_origin: 33.440247014601916, pixel_height: -2.9734235904356163e-06
2024-12-26 21:01:29,123 - DEBUG - Computed pixel coordinates before clamping - x_pixel: 116, y_pixel: 439
2024-12-26 21:01:29,123 - DEBUG - Clamped pixel coordinates - x_pixel: 116, y_pixel: 439
2024-12-26 21:01:29,123 - DEBUG - Converting geo-coordinates to pixel coordinates:
2024-12-26 21:01:29,123 - DEBUG - Inputs - lon: -111.99848922468438, lat: 33.43913582549864, geo_transform: [-111.99862522896282, 2.9734235904356163e-06, 0.0, 33.440247014601916, 0.0, -2.9734235904356163e-06], image_width: 512, image_height: 512
2024-12-26 21:01:29,123 - DEBUG - Parsed GeoTransform - x_origin: -111.99862522896282, pixel_width: 2.9734235904356163e-06, y_origin: 33.440247014601916, pixel_height: -2.9734235904356163e-06
2024-12-26 21:01:29,123 - DEBUG - Computed pixel coordinates before clamping - x_pixel: 45, y_pixel: 373
2024-12-26 21:01:29,123 - DEBUG - Clamped pixel coordinates - x_pixel: 45, y_pixel: 373
2024-12-26 21:01:29,123 - DEBUG - Converting geo-coordinates to pixel coordinates:
2024-12-26 21:01:29,123 - DEBUG - Inputs - lon: -111.99834320922899, lat: 33.439335061540575, geo_transform: [-111.99862522896282, 2.9734235904356163e-06, 0.0, 33.440247014601916, 0.0, -2.9734235904356163e-06], image_width: 512, image_height: 512
2024-12-26 21:01:29,123 - DEBUG - Parsed GeoTransform - x_origin: -111.99862522896282, pixel_width: 2.9734235904356163e-06, y_origin: 33.440247014601916, pixel_height: -2.9734235904356163e-06
2024-12-26 21:01:29,123 - DEBUG - Computed pixel coordinates before clamping - x_pixel: 94, y_pixel: 306
2024-12-26 21:01:29,124 - DEBUG - Clamped pixel coordinates - x_pixel: 94, y_pixel: 306
2024-12-26 21:01:29,124 - DEBUG - Converting geo-coordinates to pixel coordinates:
2024-12-26 21:01:29,124 - DEBUG - Inputs - lon: -111.99813715003494, lat: 33.43917812904179, geo_transform: [-111.99862522896282, 2.9734235904356163e-06, 0.0, 33.440247014601916, 0.0, -2.9734235904356163e-06], image_width: 512, image_height: 512
2024-12-26 21:01:29,124 - DEBUG - Parsed GeoTransform - x_origin: -111.99862522896282, pixel_width: 2.9734235904356163e-06, y_origin: 33.440247014601916, pixel_height: -2.9734235904356163e-06
2024-12-26 21:01:29,124 - DEBUG - Computed pixel coordinates before clamping - x_pixel: 164, y_pixel: 359
2024-12-26 21:01:29,124 - DEBUG - Clamped pixel coordinates - x_pixel: 164, y_pixel: 359
2024-12-26 21:01:29,124 - DEBUG - Converting geo-coordinates to pixel coordinates:
2024-12-26 21:01:29,124 - DEBUG - Inputs - lon: -111.99827907159904, lat: 33.43893931871755, geo_transform: [-111.99862522896282, 2.9734235904356163e-06, 0.0, 33.440247014601916, 0.0, -2.9734235904356163e-06], image_width: 512, image_height: 512
2024-12-26 21:01:29,124 - DEBUG - Parsed GeoTransform - x_origin: -111.99862522896282, pixel_width: 2.9734235904356163e-06, y_origin: 33.440247014601916, pixel_height: -2.9734235904356163e-06
2024-12-26 21:01:29,124 - DEBUG - Computed pixel coordinates before clamping - x_pixel: 116, y_pixel: 439
2024-12-26 21:01:29,124 - DEBUG - Clamped pixel coordinates - x_pixel: 116, y_pixel: 439
2024-12-26 21:01:29,124 - DEBUG - Pixel Coordinates: [(116, 439), (45, 373), (94, 306), (164, 359), (116, 439)] ... (showing first 5 for brevity)
2024-12-26 21:01:29,124 - DEBUG - Pixel Bounding Box: x_min=45, x_max=164, y_min=306, y_max=439
2024-12-26 21:01:29,124 - DEBUG - Pixel bounding box: (45, 306, 164, 439)
2024-12-26 21:01:29,124 - DEBUG - Input is a list. Converting to tensor.
2024-12-26 21:01:29,125 - DEBUG - Input Bounding Boxes (Corner Format): tensor([[ 45., 306., 164., 439.]])
2024-12-26 21:01:29,125 - DEBUG - x_min: 45.0, y_min: 306.0, x_max: 164.0, y_max: 439.0
2024-12-26 21:01:29,125 - DEBUG - Converted Bounding Boxes (Center Format): tensor([[104.5000, 372.5000, 119.0000, 133.0000]])
2024-12-26 21:01:29,125 - DEBUG - Normalized bounding box (cx, cy, w, h): tensor([[104.5000, 372.5000, 119.0000, 133.0000]])
2024-12-26 21:01:29,126 - DEBUG - Processed image tensor shape: torch.Size([3, 512, 512])
2024-12-26 21:01:29,127 - DEBUG - Processed bounding box tensor: tensor([[104.5000, 372.5000, 119.0000, 133.0000]])
2024-12-26 21:01:29,127 - DEBUG - Processing index 1359:
2024-12-26 21:01:29,127 - DEBUG - Image path: ./data/raw/train/PS-RGB_tiled/18_10400100211BDD00_tile_4281.png
2024-12-26 21:01:29,127 - DEBUG - Label path: ./data/raw/train/geojson_aircraft_tiled/18_10400100211BDD00_tile_4281.geojson
2024-12-26 21:01:29,127 - DEBUG - Auxiliary path: ./data/raw/train/PS-RGB_tiled/18_10400100211BDD00_tile_4281.png.aux.xml
2024-12-26 21:01:29,127 - DEBUG - Parsing GeoTransform from: ./data/raw/train/PS-RGB_tiled/18_10400100211BDD00_tile_4281.png.aux.xml
2024-12-26 21:01:29,127 - DEBUG - GeoTransform parsed: [8.583908730216091, 2.8746089091824687e-06, 0.0, 50.03426802001607, 0.0, -2.8746089091824687e-06]
2024-12-26 21:01:29,127 - DEBUG - Reading GeoJSON from: ./data/raw/train/geojson_aircraft_tiled/18_10400100211BDD00_tile_4281.geojson
2024-12-26 21:01:29,128 - DEBUG - First feature coordinates: [[[8.584942081583225, 50.03356349107256], [8.58431330863727, 50.033467348420274], [8.584203706013664, 50.03381057768894], [8.584656537905934, 50.03395383024085], [8.584942081583225, 50.03356349107256]]]
2024-12-26 21:01:29,128 - DEBUG - Feature properties: {'loc_id': 18, 'cat_id': '10400100211BDD00', 'location': '520 A380-Halle, Okrifteler Straße, Rüsselsheim am Main, Kreis Groß-Gerau, Regierungsbezirk Darmstadt, Hesse, 65428, Germany', 'role': 'Large Civil Transport/Utility', 'role_id': 3, 'is_plane': 1, 'num_engines': 2, 'propulsion': 'jet', 'canards': 'no', 'num_tail_fins': 1, 'wing_position': 'mid/low mounted', 'wing_type': 'swept', 'length': 59.59134093960388, 'wingspan': 59.41369938772098, 'area': 1767.823346883387, 'faa_wingspan_class': 5, 'Public_Train': 1, 'Public_Test': 0, 'partialDec': 1.0, 'truncated': 0, 'new_area': 1767.823346883387}
2024-12-26 21:01:29,129 - DEBUG - GeoJSON Coords: [(8.584942081583225, 50.03356349107256), (8.58431330863727, 50.033467348420274), (8.584203706013664, 50.03381057768894), (8.584656537905934, 50.03395383024085), (8.584942081583225, 50.03356349107256)]
2024-12-26 21:01:29,129 - DEBUG - GeoJSON Features: [59.59134093960388, 59.41369938772098, 1767.823346883387, 1, 1, 0, 2, 1, 5]
2024-12-26 21:01:29,129 - DEBUG - Parsed GeoTransform: [8.583908730216091, 2.8746089091824687e-06, 0.0, 50.03426802001607, 0.0, -2.8746089091824687e-06]
2024-12-26 21:01:29,129 - DEBUG - Parsed GeoJSON coordinates: [(8.584942081583225, 50.03356349107256), (8.58431330863727, 50.033467348420274), (8.584203706013664, 50.03381057768894), (8.584656537905934, 50.03395383024085), (8.584942081583225, 50.03356349107256)]
2024-12-26 21:01:29,129 - DEBUG - STREAM b'IHDR' 16 13
2024-12-26 21:01:29,129 - DEBUG - STREAM b'tRNS' 41 6
2024-12-26 21:01:29,130 - DEBUG - STREAM b'IDAT' 59 8192
2024-12-26 21:01:29,139 - DEBUG - Loaded image size: 512x512
2024-12-26 21:01:29,140 - DEBUG - Converting GeoJSON to pixel bounding boxes.
2024-12-26 21:01:29,140 - DEBUG - Input Coordinates: [(8.584942081583225, 50.03356349107256), (8.58431330863727, 50.033467348420274), (8.584203706013664, 50.03381057768894), (8.584656537905934, 50.03395383024085), (8.584942081583225, 50.03356349107256)] ... (showing first 5 for brevity)
2024-12-26 21:01:29,140 - DEBUG - GeoTransform: [8.583908730216091, 2.8746089091824687e-06, 0.0, 50.03426802001607, 0.0, -2.8746089091824687e-06]
2024-12-26 21:01:29,140 - DEBUG - Image Dimensions: width=512, height=512
2024-12-26 21:01:29,140 - DEBUG - Converting geo-coordinates to pixel coordinates:
2024-12-26 21:01:29,140 - DEBUG - Inputs - lon: 8.584942081583225, lat: 50.03356349107256, geo_transform: [8.583908730216091, 2.8746089091824687e-06, 0.0, 50.03426802001607, 0.0, -2.8746089091824687e-06], image_width: 512, image_height: 512
2024-12-26 21:01:29,140 - DEBUG - Parsed GeoTransform - x_origin: 8.583908730216091, pixel_width: 2.8746089091824687e-06, y_origin: 50.03426802001607, pixel_height: -2.8746089091824687e-06
2024-12-26 21:01:29,140 - DEBUG - Computed pixel coordinates before clamping - x_pixel: 359, y_pixel: 245
2024-12-26 21:01:29,140 - DEBUG - Clamped pixel coordinates - x_pixel: 359, y_pixel: 245
2024-12-26 21:01:29,140 - DEBUG - Converting geo-coordinates to pixel coordinates:
2024-12-26 21:01:29,140 - DEBUG - Inputs - lon: 8.58431330863727, lat: 50.033467348420274, geo_transform: [8.583908730216091, 2.8746089091824687e-06, 0.0, 50.03426802001607, 0.0, -2.8746089091824687e-06], image_width: 512, image_height: 512
2024-12-26 21:01:29,140 - DEBUG - Parsed GeoTransform - x_origin: 8.583908730216091, pixel_width: 2.8746089091824687e-06, y_origin: 50.03426802001607, pixel_height: -2.8746089091824687e-06
2024-12-26 21:01:29,140 - DEBUG - Computed pixel coordinates before clamping - x_pixel: 140, y_pixel: 278
2024-12-26 21:01:29,140 - DEBUG - Clamped pixel coordinates - x_pixel: 140, y_pixel: 278
2024-12-26 21:01:29,141 - DEBUG - Converting geo-coordinates to pixel coordinates:
2024-12-26 21:01:29,141 - DEBUG - Inputs - lon: 8.584203706013664, lat: 50.03381057768894, geo_transform: [8.583908730216091, 2.8746089091824687e-06, 0.0, 50.03426802001607, 0.0, -2.8746089091824687e-06], image_width: 512, image_height: 512
2024-12-26 21:01:29,141 - DEBUG - Parsed GeoTransform - x_origin: 8.583908730216091, pixel_width: 2.8746089091824687e-06, y_origin: 50.03426802001607, pixel_height: -2.8746089091824687e-06
2024-12-26 21:01:29,141 - DEBUG - Computed pixel coordinates before clamping - x_pixel: 102, y_pixel: 159
2024-12-26 21:01:29,141 - DEBUG - Clamped pixel coordinates - x_pixel: 102, y_pixel: 159
2024-12-26 21:01:29,141 - DEBUG - Converting geo-coordinates to pixel coordinates:
2024-12-26 21:01:29,141 - DEBUG - Inputs - lon: 8.584656537905934, lat: 50.03395383024085, geo_transform: [8.583908730216091, 2.8746089091824687e-06, 0.0, 50.03426802001607, 0.0, -2.8746089091824687e-06], image_width: 512, image_height: 512
2024-12-26 21:01:29,141 - DEBUG - Parsed GeoTransform - x_origin: 8.583908730216091, pixel_width: 2.8746089091824687e-06, y_origin: 50.03426802001607, pixel_height: -2.8746089091824687e-06
2024-12-26 21:01:29,141 - DEBUG - Computed pixel coordinates before clamping - x_pixel: 260, y_pixel: 109
2024-12-26 21:01:29,141 - DEBUG - Clamped pixel coordinates - x_pixel: 260, y_pixel: 109
2024-12-26 21:01:29,141 - DEBUG - Converting geo-coordinates to pixel coordinates:
2024-12-26 21:01:29,141 - DEBUG - Inputs - lon: 8.584942081583225, lat: 50.03356349107256, geo_transform: [8.583908730216091, 2.8746089091824687e-06, 0.0, 50.03426802001607, 0.0, -2.8746089091824687e-06], image_width: 512, image_height: 512
2024-12-26 21:01:29,141 - DEBUG - Parsed GeoTransform - x_origin: 8.583908730216091, pixel_width: 2.8746089091824687e-06, y_origin: 50.03426802001607, pixel_height: -2.8746089091824687e-06
2024-12-26 21:01:29,141 - DEBUG - Computed pixel coordinates before clamping - x_pixel: 359, y_pixel: 245
2024-12-26 21:01:29,141 - DEBUG - Clamped pixel coordinates - x_pixel: 359, y_pixel: 245
2024-12-26 21:01:29,141 - DEBUG - Pixel Coordinates: [(359, 245), (140, 278), (102, 159), (260, 109), (359, 245)] ... (showing first 5 for brevity)
2024-12-26 21:01:29,142 - DEBUG - Pixel Bounding Box: x_min=102, x_max=359, y_min=109, y_max=278
2024-12-26 21:01:29,142 - DEBUG - Pixel bounding box: (102, 109, 359, 278)
2024-12-26 21:01:29,142 - DEBUG - Input is a list. Converting to tensor.
2024-12-26 21:01:29,142 - DEBUG - Input Bounding Boxes (Corner Format): tensor([[102., 109., 359., 278.]])
2024-12-26 21:01:29,142 - DEBUG - x_min: 102.0, y_min: 109.0, x_max: 359.0, y_max: 278.0
2024-12-26 21:01:29,142 - DEBUG - Converted Bounding Boxes (Center Format): tensor([[230.5000, 193.5000, 257.0000, 169.0000]])
2024-12-26 21:01:29,143 - DEBUG - Normalized bounding box (cx, cy, w, h): tensor([[230.5000, 193.5000, 257.0000, 169.0000]])
2024-12-26 21:01:29,143 - DEBUG - Processed image tensor shape: torch.Size([3, 512, 512])
2024-12-26 21:01:29,144 - DEBUG - Processed bounding box tensor: tensor([[230.5000, 193.5000, 257.0000, 169.0000]])
2024-12-26 21:01:29,144 - DEBUG - Processing index 5608:
2024-12-26 21:01:29,144 - DEBUG - Image path: ./data/raw/train/PS-RGB_tiled/97_104001003D4C1D00_tile_305.png
2024-12-26 21:01:29,144 - DEBUG - Label path: ./data/raw/train/geojson_aircraft_tiled/97_104001003D4C1D00_tile_305.geojson
2024-12-26 21:01:29,144 - DEBUG - Auxiliary path: ./data/raw/train/PS-RGB_tiled/97_104001003D4C1D00_tile_305.png.aux.xml
2024-12-26 21:01:29,144 - DEBUG - Parsing GeoTransform from: ./data/raw/train/PS-RGB_tiled/97_104001003D4C1D00_tile_305.png.aux.xml
2024-12-26 21:01:29,145 - DEBUG - GeoTransform parsed: [-121.92608187255824, 2.9913898961180066e-06, 0.0, 37.363636546280105, 0.0, -2.9913898961180066e-06]
2024-12-26 21:01:29,145 - DEBUG - Reading GeoJSON from: ./data/raw/train/geojson_aircraft_tiled/97_104001003D4C1D00_tile_305.geojson
2024-12-26 21:01:29,145 - DEBUG - First feature coordinates: [[[-121.92602989577425, 37.36350607581774], [-121.92549059467028, 37.36343108424411], [-121.92560866650962, 37.36313590464579], [-121.92598362437775, 37.363100802207065], [-121.92602989577425, 37.36350607581774]]]
2024-12-26 21:01:29,145 - DEBUG - Feature properties: {'loc_id': 97, 'cat_id': '104001003D4C1D00', 'location': 'Norman Y. Mineta San José International Airport, Terminal Drive, Rose Garden, San Jose, Santa Clara County, California, 95053, USA', 'role': 'Large Civil Transport/Utility', 'role_id': 3, 'is_plane': 1, 'num_engines': 2, 'propulsion': 'jet', 'canards': 'no', 'num_tail_fins': 1, 'wing_position': 'mid/low mounted', 'wing_type': 'swept', 'length': 55.48403323862576, 'wingspan': 57.003243059240575, 'area': 1580.174176039556, 'faa_wingspan_class': 5, 'Public_Train': 1, 'Public_Test': 0, 'partialDec': 1.0, 'truncated': 0, 'new_area': 1580.174176039556}
2024-12-26 21:01:29,145 - DEBUG - GeoJSON Coords: [(-121.92602989577425, 37.36350607581774), (-121.92549059467028, 37.36343108424411), (-121.92560866650962, 37.36313590464579), (-121.92598362437775, 37.363100802207065), (-121.92602989577425, 37.36350607581774)]
2024-12-26 21:01:29,145 - DEBUG - GeoJSON Features: [55.48403323862576, 57.003243059240575, 1580.174176039556, 1, 1, 0, 2, 1, 5]
2024-12-26 21:01:29,146 - DEBUG - Parsed GeoTransform: [-121.92608187255824, 2.9913898961180066e-06, 0.0, 37.363636546280105, 0.0, -2.9913898961180066e-06]
2024-12-26 21:01:29,146 - DEBUG - Parsed GeoJSON coordinates: [(-121.92602989577425, 37.36350607581774), (-121.92549059467028, 37.36343108424411), (-121.92560866650962, 37.36313590464579), (-121.92598362437775, 37.363100802207065), (-121.92602989577425, 37.36350607581774)]
2024-12-26 21:01:29,146 - DEBUG - STREAM b'IHDR' 16 13
2024-12-26 21:01:29,146 - DEBUG - STREAM b'tRNS' 41 6
2024-12-26 21:01:29,146 - DEBUG - STREAM b'IDAT' 59 8192
2024-12-26 21:01:29,156 - DEBUG - Loaded image size: 512x512
2024-12-26 21:01:29,156 - DEBUG - Converting GeoJSON to pixel bounding boxes.
2024-12-26 21:01:29,156 - DEBUG - Input Coordinates: [(-121.92602989577425, 37.36350607581774), (-121.92549059467028, 37.36343108424411), (-121.92560866650962, 37.36313590464579), (-121.92598362437775, 37.363100802207065), (-121.92602989577425, 37.36350607581774)] ... (showing first 5 for brevity)
2024-12-26 21:01:29,156 - DEBUG - GeoTransform: [-121.92608187255824, 2.9913898961180066e-06, 0.0, 37.363636546280105, 0.0, -2.9913898961180066e-06]
2024-12-26 21:01:29,156 - DEBUG - Image Dimensions: width=512, height=512
2024-12-26 21:01:29,156 - DEBUG - Converting geo-coordinates to pixel coordinates:
2024-12-26 21:01:29,156 - DEBUG - Inputs - lon: -121.92602989577425, lat: 37.36350607581774, geo_transform: [-121.92608187255824, 2.9913898961180066e-06, 0.0, 37.363636546280105, 0.0, -2.9913898961180066e-06], image_width: 512, image_height: 512
2024-12-26 21:01:29,156 - DEBUG - Parsed GeoTransform - x_origin: -121.92608187255824, pixel_width: 2.9913898961180066e-06, y_origin: 37.363636546280105, pixel_height: -2.9913898961180066e-06
2024-12-26 21:01:29,156 - DEBUG - Computed pixel coordinates before clamping - x_pixel: 17, y_pixel: 43
2024-12-26 21:01:29,156 - DEBUG - Clamped pixel coordinates - x_pixel: 17, y_pixel: 43
2024-12-26 21:01:29,156 - DEBUG - Converting geo-coordinates to pixel coordinates:
2024-12-26 21:01:29,157 - DEBUG - Inputs - lon: -121.92549059467028, lat: 37.36343108424411, geo_transform: [-121.92608187255824, 2.9913898961180066e-06, 0.0, 37.363636546280105, 0.0, -2.9913898961180066e-06], image_width: 512, image_height: 512
2024-12-26 21:01:29,157 - DEBUG - Parsed GeoTransform - x_origin: -121.92608187255824, pixel_width: 2.9913898961180066e-06, y_origin: 37.363636546280105, pixel_height: -2.9913898961180066e-06
2024-12-26 21:01:29,157 - DEBUG - Computed pixel coordinates before clamping - x_pixel: 197, y_pixel: 68
2024-12-26 21:01:29,157 - DEBUG - Clamped pixel coordinates - x_pixel: 197, y_pixel: 68
2024-12-26 21:01:29,157 - DEBUG - Converting geo-coordinates to pixel coordinates:
2024-12-26 21:01:29,157 - DEBUG - Inputs - lon: -121.92560866650962, lat: 37.36313590464579, geo_transform: [-121.92608187255824, 2.9913898961180066e-06, 0.0, 37.363636546280105, 0.0, -2.9913898961180066e-06], image_width: 512, image_height: 512
2024-12-26 21:01:29,157 - DEBUG - Parsed GeoTransform - x_origin: -121.92608187255824, pixel_width: 2.9913898961180066e-06, y_origin: 37.363636546280105, pixel_height: -2.9913898961180066e-06
2024-12-26 21:01:29,157 - DEBUG - Computed pixel coordinates before clamping - x_pixel: 158, y_pixel: 167
2024-12-26 21:01:29,157 - DEBUG - Clamped pixel coordinates - x_pixel: 158, y_pixel: 167
2024-12-26 21:01:29,157 - DEBUG - Converting geo-coordinates to pixel coordinates:
2024-12-26 21:01:29,157 - DEBUG - Inputs - lon: -121.92598362437775, lat: 37.363100802207065, geo_transform: [-121.92608187255824, 2.9913898961180066e-06, 0.0, 37.363636546280105, 0.0, -2.9913898961180066e-06], image_width: 512, image_height: 512
2024-12-26 21:01:29,157 - DEBUG - Parsed GeoTransform - x_origin: -121.92608187255824, pixel_width: 2.9913898961180066e-06, y_origin: 37.363636546280105, pixel_height: -2.9913898961180066e-06
2024-12-26 21:01:29,157 - DEBUG - Computed pixel coordinates before clamping - x_pixel: 32, y_pixel: 179
2024-12-26 21:01:29,157 - DEBUG - Clamped pixel coordinates - x_pixel: 32, y_pixel: 179
2024-12-26 21:01:29,157 - DEBUG - Converting geo-coordinates to pixel coordinates:
2024-12-26 21:01:29,158 - DEBUG - Inputs - lon: -121.92602989577425, lat: 37.36350607581774, geo_transform: [-121.92608187255824, 2.9913898961180066e-06, 0.0, 37.363636546280105, 0.0, -2.9913898961180066e-06], image_width: 512, image_height: 512
2024-12-26 21:01:29,158 - DEBUG - Parsed GeoTransform - x_origin: -121.92608187255824, pixel_width: 2.9913898961180066e-06, y_origin: 37.363636546280105, pixel_height: -2.9913898961180066e-06
2024-12-26 21:01:29,158 - DEBUG - Computed pixel coordinates before clamping - x_pixel: 17, y_pixel: 43
2024-12-26 21:01:29,158 - DEBUG - Clamped pixel coordinates - x_pixel: 17, y_pixel: 43
2024-12-26 21:01:29,158 - DEBUG - Pixel Coordinates: [(17, 43), (197, 68), (158, 167), (32, 179), (17, 43)] ... (showing first 5 for brevity)
2024-12-26 21:01:29,158 - DEBUG - Pixel Bounding Box: x_min=17, x_max=197, y_min=43, y_max=179
2024-12-26 21:01:29,158 - DEBUG - Pixel bounding box: (17, 43, 197, 179)
2024-12-26 21:01:29,158 - DEBUG - Input is a list. Converting to tensor.
2024-12-26 21:01:29,158 - DEBUG - Input Bounding Boxes (Corner Format): tensor([[ 17.,  43., 197., 179.]])
2024-12-26 21:01:29,158 - DEBUG - x_min: 17.0, y_min: 43.0, x_max: 197.0, y_max: 179.0
2024-12-26 21:01:29,159 - DEBUG - Converted Bounding Boxes (Center Format): tensor([[107., 111., 180., 136.]])
2024-12-26 21:01:29,159 - DEBUG - Normalized bounding box (cx, cy, w, h): tensor([[107., 111., 180., 136.]])
2024-12-26 21:01:29,160 - DEBUG - Processed image tensor shape: torch.Size([3, 512, 512])
2024-12-26 21:01:29,160 - DEBUG - Processed bounding box tensor: tensor([[107., 111., 180., 136.]])
2024-12-26 21:01:29,160 - DEBUG - Processing index 2973:
2024-12-26 21:01:29,160 - DEBUG - Image path: ./data/raw/train/PS-RGB_tiled/51_104001003D4C9C00_tile_167.png
2024-12-26 21:01:29,160 - DEBUG - Label path: ./data/raw/train/geojson_aircraft_tiled/51_104001003D4C9C00_tile_167.geojson
2024-12-26 21:01:29,160 - DEBUG - Auxiliary path: ./data/raw/train/PS-RGB_tiled/51_104001003D4C9C00_tile_167.png.aux.xml
2024-12-26 21:01:29,160 - DEBUG - Parsing GeoTransform from: ./data/raw/train/PS-RGB_tiled/51_104001003D4C9C00_tile_167.png.aux.xml
2024-12-26 21:01:29,161 - DEBUG - GeoTransform parsed: [-80.27835935704313, 3.159262564837841e-06, 0.0, 25.913600329595766, 0.0, -3.159262564837841e-06]
2024-12-26 21:01:29,161 - DEBUG - Reading GeoJSON from: ./data/raw/train/geojson_aircraft_tiled/51_104001003D4C9C00_tile_167.geojson
2024-12-26 21:01:29,161 - DEBUG - First feature coordinates: [[[-80.27782473690503, 25.912239734141608], [-80.27789924187518, 25.91229008640165], [-80.27782801184877, 25.91235108222886], [-80.27775555371846, 25.91229663628914], [-80.27782473690503, 25.912239734141608]]]
2024-12-26 21:01:29,162 - DEBUG - Feature properties: {'loc_id': 51, 'cat_id': '104001003D4C9C00', 'location': 'Opa-locka Executive Airport, Northwest 147th State Road, Opa-locka, Miami-Dade County, Florida, 33014:33054, USA', 'role': 'Small Civil Transport/Utility', 'role_id': 1, 'is_plane': 1, 'num_engines': 2, 'propulsion': 'jet', 'canards': 'no', 'num_tail_fins': 1, 'wing_position': 'mid/low mounted', 'wing_type': 'straight', 'length': 12.336105729770116, 'wingspan': 14.409836660817561, 'area': 88.85552852924887, 'faa_wingspan_class': 1, 'Public_Train': 1, 'Public_Test': 0, 'partialDec': 1.0, 'truncated': 0, 'new_area': 88.85552852924887}
2024-12-26 21:01:29,162 - DEBUG - GeoJSON Coords: [(-80.27782473690503, 25.912239734141608), (-80.27789924187518, 25.91229008640165), (-80.27782801184877, 25.91235108222886), (-80.27775555371846, 25.91229663628914), (-80.27782473690503, 25.912239734141608)]
2024-12-26 21:01:29,162 - DEBUG - GeoJSON Features: [12.336105729770116, 14.409836660817561, 88.85552852924887, 0, 1, 0, 2, 1, 1]
2024-12-26 21:01:29,162 - DEBUG - Parsed GeoTransform: [-80.27835935704313, 3.159262564837841e-06, 0.0, 25.913600329595766, 0.0, -3.159262564837841e-06]
2024-12-26 21:01:29,162 - DEBUG - Parsed GeoJSON coordinates: [(-80.27782473690503, 25.912239734141608), (-80.27789924187518, 25.91229008640165), (-80.27782801184877, 25.91235108222886), (-80.27775555371846, 25.91229663628914), (-80.27782473690503, 25.912239734141608)]
2024-12-26 21:01:29,162 - DEBUG - STREAM b'IHDR' 16 13
2024-12-26 21:01:29,163 - DEBUG - STREAM b'tRNS' 41 6
2024-12-26 21:01:29,163 - DEBUG - STREAM b'IDAT' 59 8192
2024-12-26 21:01:29,171 - DEBUG - Loaded image size: 512x512
2024-12-26 21:01:29,171 - DEBUG - Converting GeoJSON to pixel bounding boxes.
2024-12-26 21:01:29,171 - DEBUG - Input Coordinates: [(-80.27782473690503, 25.912239734141608), (-80.27789924187518, 25.91229008640165), (-80.27782801184877, 25.91235108222886), (-80.27775555371846, 25.91229663628914), (-80.27782473690503, 25.912239734141608)] ... (showing first 5 for brevity)
2024-12-26 21:01:29,172 - DEBUG - GeoTransform: [-80.27835935704313, 3.159262564837841e-06, 0.0, 25.913600329595766, 0.0, -3.159262564837841e-06]
2024-12-26 21:01:29,172 - DEBUG - Image Dimensions: width=512, height=512
2024-12-26 21:01:29,172 - DEBUG - Converting geo-coordinates to pixel coordinates:
2024-12-26 21:01:29,172 - DEBUG - Inputs - lon: -80.27782473690503, lat: 25.912239734141608, geo_transform: [-80.27835935704313, 3.159262564837841e-06, 0.0, 25.913600329595766, 0.0, -3.159262564837841e-06], image_width: 512, image_height: 512
2024-12-26 21:01:29,172 - DEBUG - Parsed GeoTransform - x_origin: -80.27835935704313, pixel_width: 3.159262564837841e-06, y_origin: 25.913600329595766, pixel_height: -3.159262564837841e-06
2024-12-26 21:01:29,172 - DEBUG - Computed pixel coordinates before clamping - x_pixel: 169, y_pixel: 430
2024-12-26 21:01:29,172 - DEBUG - Clamped pixel coordinates - x_pixel: 169, y_pixel: 430
2024-12-26 21:01:29,172 - DEBUG - Converting geo-coordinates to pixel coordinates:
2024-12-26 21:01:29,172 - DEBUG - Inputs - lon: -80.27789924187518, lat: 25.91229008640165, geo_transform: [-80.27835935704313, 3.159262564837841e-06, 0.0, 25.913600329595766, 0.0, -3.159262564837841e-06], image_width: 512, image_height: 512
2024-12-26 21:01:29,172 - DEBUG - Parsed GeoTransform - x_origin: -80.27835935704313, pixel_width: 3.159262564837841e-06, y_origin: 25.913600329595766, pixel_height: -3.159262564837841e-06
2024-12-26 21:01:29,172 - DEBUG - Computed pixel coordinates before clamping - x_pixel: 145, y_pixel: 414
2024-12-26 21:01:29,172 - DEBUG - Clamped pixel coordinates - x_pixel: 145, y_pixel: 414
2024-12-26 21:01:29,172 - DEBUG - Converting geo-coordinates to pixel coordinates:
2024-12-26 21:01:29,172 - DEBUG - Inputs - lon: -80.27782801184877, lat: 25.91235108222886, geo_transform: [-80.27835935704313, 3.159262564837841e-06, 0.0, 25.913600329595766, 0.0, -3.159262564837841e-06], image_width: 512, image_height: 512
2024-12-26 21:01:29,173 - DEBUG - Parsed GeoTransform - x_origin: -80.27835935704313, pixel_width: 3.159262564837841e-06, y_origin: 25.913600329595766, pixel_height: -3.159262564837841e-06
2024-12-26 21:01:29,173 - DEBUG - Computed pixel coordinates before clamping - x_pixel: 168, y_pixel: 395
2024-12-26 21:01:29,173 - DEBUG - Clamped pixel coordinates - x_pixel: 168, y_pixel: 395
2024-12-26 21:01:29,173 - DEBUG - Converting geo-coordinates to pixel coordinates:
2024-12-26 21:01:29,173 - DEBUG - Inputs - lon: -80.27775555371846, lat: 25.91229663628914, geo_transform: [-80.27835935704313, 3.159262564837841e-06, 0.0, 25.913600329595766, 0.0, -3.159262564837841e-06], image_width: 512, image_height: 512
2024-12-26 21:01:29,173 - DEBUG - Parsed GeoTransform - x_origin: -80.27835935704313, pixel_width: 3.159262564837841e-06, y_origin: 25.913600329595766, pixel_height: -3.159262564837841e-06
2024-12-26 21:01:29,173 - DEBUG - Computed pixel coordinates before clamping - x_pixel: 191, y_pixel: 412
2024-12-26 21:01:29,173 - DEBUG - Clamped pixel coordinates - x_pixel: 191, y_pixel: 412
2024-12-26 21:01:29,173 - DEBUG - Converting geo-coordinates to pixel coordinates:
2024-12-26 21:01:29,173 - DEBUG - Inputs - lon: -80.27782473690503, lat: 25.912239734141608, geo_transform: [-80.27835935704313, 3.159262564837841e-06, 0.0, 25.913600329595766, 0.0, -3.159262564837841e-06], image_width: 512, image_height: 512
2024-12-26 21:01:29,173 - DEBUG - Parsed GeoTransform - x_origin: -80.27835935704313, pixel_width: 3.159262564837841e-06, y_origin: 25.913600329595766, pixel_height: -3.159262564837841e-06
2024-12-26 21:01:29,173 - DEBUG - Computed pixel coordinates before clamping - x_pixel: 169, y_pixel: 430
2024-12-26 21:01:29,173 - DEBUG - Clamped pixel coordinates - x_pixel: 169, y_pixel: 430
2024-12-26 21:01:29,173 - DEBUG - Pixel Coordinates: [(169, 430), (145, 414), (168, 395), (191, 412), (169, 430)] ... (showing first 5 for brevity)
2024-12-26 21:01:29,173 - DEBUG - Pixel Bounding Box: x_min=145, x_max=191, y_min=395, y_max=430
2024-12-26 21:01:29,173 - DEBUG - Pixel bounding box: (145, 395, 191, 430)
2024-12-26 21:01:29,174 - DEBUG - Input is a list. Converting to tensor.
2024-12-26 21:01:29,174 - DEBUG - Input Bounding Boxes (Corner Format): tensor([[145., 395., 191., 430.]])
2024-12-26 21:01:29,174 - DEBUG - x_min: 145.0, y_min: 395.0, x_max: 191.0, y_max: 430.0
2024-12-26 21:01:29,174 - DEBUG - Converted Bounding Boxes (Center Format): tensor([[168.0000, 412.5000,  46.0000,  35.0000]])
2024-12-26 21:01:29,174 - DEBUG - Normalized bounding box (cx, cy, w, h): tensor([[168.0000, 412.5000,  46.0000,  35.0000]])
2024-12-26 21:01:29,175 - DEBUG - Processed image tensor shape: torch.Size([3, 512, 512])
2024-12-26 21:01:29,176 - DEBUG - Processed bounding box tensor: tensor([[168.0000, 412.5000,  46.0000,  35.0000]])
2024-12-26 21:01:29,176 - DEBUG - Processing index 1374:
2024-12-26 21:01:29,176 - DEBUG - Image path: ./data/raw/train/PS-RGB_tiled/18_10400100211BDD00_tile_4423.png
2024-12-26 21:01:29,176 - DEBUG - Label path: ./data/raw/train/geojson_aircraft_tiled/18_10400100211BDD00_tile_4423.geojson
2024-12-26 21:01:29,176 - DEBUG - Auxiliary path: ./data/raw/train/PS-RGB_tiled/18_10400100211BDD00_tile_4423.png.aux.xml
2024-12-26 21:01:29,176 - DEBUG - Parsing GeoTransform from: ./data/raw/train/PS-RGB_tiled/18_10400100211BDD00_tile_4423.png.aux.xml
2024-12-26 21:01:29,177 - DEBUG - GeoTransform parsed: [8.587435875347657, 2.8746089091824687e-06, 0.0, 50.05072803063005, 0.0, -2.8746089091824687e-06]
2024-12-26 21:01:29,177 - DEBUG - Reading GeoJSON from: ./data/raw/train/geojson_aircraft_tiled/18_10400100211BDD00_tile_4423.geojson
2024-12-26 21:01:29,177 - DEBUG - First feature coordinates: [[[8.587822096597487, 50.05072803063005], [8.587556660287307, 50.05044886485555], [8.587435875347657, 50.05047302184347], [8.587435875347657, 50.05072803063005], [8.587822096597487, 50.05072803063005]]]
2024-12-26 21:01:29,177 - DEBUG - Feature properties: {'loc_id': 18, 'cat_id': '10400100211BDD00', 'location': '520 A380-Halle, Okrifteler Straße, Rüsselsheim am Main, Kreis Groß-Gerau, Regierungsbezirk Darmstadt, Hesse, 65428, Germany', 'role': 'Large Civil Transport/Utility', 'role_id': 3, 'is_plane': 1, 'num_engines': 2, 'propulsion': 'jet', 'canards': 'no', 'num_tail_fins': 1, 'wing_position': 'mid/low mounted', 'wing_type': 'swept', 'length': 57.74172949338873, 'wingspan': 57.70846117817279, 'area': 1666.0752184997666, 'faa_wingspan_class': 5, 'Public_Train': 1, 'Public_Test': 0, 'partialDec': 0.33115022127664845, 'truncated': 1, 'new_area': 551.7211772697382}
2024-12-26 21:01:29,177 - DEBUG - GeoJSON Coords: [(8.587822096597487, 50.05072803063005), (8.587556660287307, 50.05044886485555), (8.587435875347657, 50.05047302184347), (8.587435875347657, 50.05072803063005), (8.587822096597487, 50.05072803063005)]
2024-12-26 21:01:29,177 - DEBUG - GeoJSON Features: [57.74172949338873, 57.70846117817279, 1666.0752184997666, 1, 1, 0, 2, 1, 5]
2024-12-26 21:01:29,177 - DEBUG - Parsed GeoTransform: [8.587435875347657, 2.8746089091824687e-06, 0.0, 50.05072803063005, 0.0, -2.8746089091824687e-06]
2024-12-26 21:01:29,177 - DEBUG - Parsed GeoJSON coordinates: [(8.587822096597487, 50.05072803063005), (8.587556660287307, 50.05044886485555), (8.587435875347657, 50.05047302184347), (8.587435875347657, 50.05072803063005), (8.587822096597487, 50.05072803063005)]
2024-12-26 21:01:29,178 - DEBUG - STREAM b'IHDR' 16 13
2024-12-26 21:01:29,178 - DEBUG - STREAM b'tRNS' 41 6
2024-12-26 21:01:29,178 - DEBUG - STREAM b'IDAT' 59 8192
2024-12-26 21:01:29,188 - DEBUG - Loaded image size: 512x512
2024-12-26 21:01:29,188 - DEBUG - Converting GeoJSON to pixel bounding boxes.
2024-12-26 21:01:29,188 - DEBUG - Input Coordinates: [(8.587822096597487, 50.05072803063005), (8.587556660287307, 50.05044886485555), (8.587435875347657, 50.05047302184347), (8.587435875347657, 50.05072803063005), (8.587822096597487, 50.05072803063005)] ... (showing first 5 for brevity)
2024-12-26 21:01:29,188 - DEBUG - GeoTransform: [8.587435875347657, 2.8746089091824687e-06, 0.0, 50.05072803063005, 0.0, -2.8746089091824687e-06]
2024-12-26 21:01:29,188 - DEBUG - Image Dimensions: width=512, height=512
2024-12-26 21:01:29,188 - DEBUG - Converting geo-coordinates to pixel coordinates:
2024-12-26 21:01:29,188 - DEBUG - Inputs - lon: 8.587822096597487, lat: 50.05072803063005, geo_transform: [8.587435875347657, 2.8746089091824687e-06, 0.0, 50.05072803063005, 0.0, -2.8746089091824687e-06], image_width: 512, image_height: 512
2024-12-26 21:01:29,188 - DEBUG - Parsed GeoTransform - x_origin: 8.587435875347657, pixel_width: 2.8746089091824687e-06, y_origin: 50.05072803063005, pixel_height: -2.8746089091824687e-06
2024-12-26 21:01:29,188 - DEBUG - Computed pixel coordinates before clamping - x_pixel: 134, y_pixel: 0
2024-12-26 21:01:29,188 - DEBUG - Clamped pixel coordinates - x_pixel: 134, y_pixel: 0
2024-12-26 21:01:29,188 - DEBUG - Converting geo-coordinates to pixel coordinates:
2024-12-26 21:01:29,188 - DEBUG - Inputs - lon: 8.587556660287307, lat: 50.05044886485555, geo_transform: [8.587435875347657, 2.8746089091824687e-06, 0.0, 50.05072803063005, 0.0, -2.8746089091824687e-06], image_width: 512, image_height: 512
2024-12-26 21:01:29,188 - DEBUG - Parsed GeoTransform - x_origin: 8.587435875347657, pixel_width: 2.8746089091824687e-06, y_origin: 50.05072803063005, pixel_height: -2.8746089091824687e-06
2024-12-26 21:01:29,189 - DEBUG - Computed pixel coordinates before clamping - x_pixel: 42, y_pixel: 97
2024-12-26 21:01:29,189 - DEBUG - Clamped pixel coordinates - x_pixel: 42, y_pixel: 97
2024-12-26 21:01:29,189 - DEBUG - Converting geo-coordinates to pixel coordinates:
2024-12-26 21:01:29,189 - DEBUG - Inputs - lon: 8.587435875347657, lat: 50.05047302184347, geo_transform: [8.587435875347657, 2.8746089091824687e-06, 0.0, 50.05072803063005, 0.0, -2.8746089091824687e-06], image_width: 512, image_height: 512
2024-12-26 21:01:29,189 - DEBUG - Parsed GeoTransform - x_origin: 8.587435875347657, pixel_width: 2.8746089091824687e-06, y_origin: 50.05072803063005, pixel_height: -2.8746089091824687e-06
2024-12-26 21:01:29,189 - DEBUG - Computed pixel coordinates before clamping - x_pixel: 0, y_pixel: 88
2024-12-26 21:01:29,189 - DEBUG - Clamped pixel coordinates - x_pixel: 0, y_pixel: 88
2024-12-26 21:01:29,189 - DEBUG - Converting geo-coordinates to pixel coordinates:
2024-12-26 21:01:29,189 - DEBUG - Inputs - lon: 8.587435875347657, lat: 50.05072803063005, geo_transform: [8.587435875347657, 2.8746089091824687e-06, 0.0, 50.05072803063005, 0.0, -2.8746089091824687e-06], image_width: 512, image_height: 512
2024-12-26 21:01:29,189 - DEBUG - Parsed GeoTransform - x_origin: 8.587435875347657, pixel_width: 2.8746089091824687e-06, y_origin: 50.05072803063005, pixel_height: -2.8746089091824687e-06
2024-12-26 21:01:29,189 - DEBUG - Computed pixel coordinates before clamping - x_pixel: 0, y_pixel: 0
2024-12-26 21:01:29,189 - DEBUG - Clamped pixel coordinates - x_pixel: 0, y_pixel: 0
2024-12-26 21:01:29,189 - DEBUG - Converting geo-coordinates to pixel coordinates:
2024-12-26 21:01:29,189 - DEBUG - Inputs - lon: 8.587822096597487, lat: 50.05072803063005, geo_transform: [8.587435875347657, 2.8746089091824687e-06, 0.0, 50.05072803063005, 0.0, -2.8746089091824687e-06], image_width: 512, image_height: 512
2024-12-26 21:01:29,189 - DEBUG - Parsed GeoTransform - x_origin: 8.587435875347657, pixel_width: 2.8746089091824687e-06, y_origin: 50.05072803063005, pixel_height: -2.8746089091824687e-06
2024-12-26 21:01:29,190 - DEBUG - Computed pixel coordinates before clamping - x_pixel: 134, y_pixel: 0
2024-12-26 21:01:29,190 - DEBUG - Clamped pixel coordinates - x_pixel: 134, y_pixel: 0
2024-12-26 21:01:29,190 - DEBUG - Pixel Coordinates: [(134, 0), (42, 97), (0, 88), (0, 0), (134, 0)] ... (showing first 5 for brevity)
2024-12-26 21:01:29,190 - DEBUG - Pixel Bounding Box: x_min=0, x_max=134, y_min=0, y_max=97
2024-12-26 21:01:29,190 - DEBUG - Pixel bounding box: (0, 0, 134, 97)
2024-12-26 21:01:29,190 - DEBUG - Input is a list. Converting to tensor.
2024-12-26 21:01:29,190 - DEBUG - Input Bounding Boxes (Corner Format): tensor([[  0.,   0., 134.,  97.]])
2024-12-26 21:01:29,190 - DEBUG - x_min: 0.0, y_min: 0.0, x_max: 134.0, y_max: 97.0
2024-12-26 21:01:29,190 - DEBUG - Converted Bounding Boxes (Center Format): tensor([[ 67.0000,  48.5000, 134.0000,  97.0000]])
2024-12-26 21:01:29,191 - DEBUG - Normalized bounding box (cx, cy, w, h): tensor([[ 67.0000,  48.5000, 134.0000,  97.0000]])
2024-12-26 21:01:29,192 - DEBUG - Processed image tensor shape: torch.Size([3, 512, 512])
2024-12-26 21:01:29,192 - DEBUG - Processed bounding box tensor: tensor([[ 67.0000,  48.5000, 134.0000,  97.0000]])
2024-12-26 21:01:29,192 - DEBUG - Processing index 5234:
2024-12-26 21:01:29,192 - DEBUG - Image path: ./data/raw/train/PS-RGB_tiled/92_1040010047A20B00_tile_409.png
2024-12-26 21:01:29,192 - DEBUG - Label path: ./data/raw/train/geojson_aircraft_tiled/92_1040010047A20B00_tile_409.geojson
2024-12-26 21:01:29,192 - DEBUG - Auxiliary path: ./data/raw/train/PS-RGB_tiled/92_1040010047A20B00_tile_409.png.aux.xml
2024-12-26 21:01:29,192 - DEBUG - Parsing GeoTransform from: ./data/raw/train/PS-RGB_tiled/92_1040010047A20B00_tile_409.png.aux.xml
2024-12-26 21:01:29,193 - DEBUG - GeoTransform parsed: [-120.4527421881361, 3.467496996701353e-06, 0.0, 34.90231320936135, 0.0, -3.467496996701353e-06]
2024-12-26 21:01:29,193 - DEBUG - Reading GeoJSON from: ./data/raw/train/geojson_aircraft_tiled/92_1040010047A20B00_tile_409.geojson
2024-12-26 21:01:29,193 - DEBUG - First feature coordinates: [[[-120.45224703172468, 34.90116400665335], [-120.45219157474641, 34.901190998987914], [-120.45218961166754, 34.90111738353003], [-120.45227107944093, 34.901116401990585], [-120.45224703172468, 34.90116400665335]]]
2024-12-26 21:01:29,193 - DEBUG - Feature properties: {'loc_id': 92, 'cat_id': '1040010047A20B00', 'location': 'Santa Maria Public Airport/Capt. G Allan Hancock Field, Air Park Drive, Santa Maria, Santa Barbara County, California, 93455, USA', 'role': 'Small Civil Transport/Utility', 'role_id': 1, 'is_plane': 1, 'num_engines': 1, 'propulsion': 'propeller', 'canards': 'no', 'num_tail_fins': 1, 'wing_position': 'mid/low mounted', 'wing_type': 'straight', 'length': 7.370490817396646, 'wingspan': 11.016125814444166, 'area': 40.52987473988869, 'faa_wingspan_class': 1, 'Public_Train': 1, 'Public_Test': 0, 'partialDec': 1.0, 'truncated': 0, 'new_area': 40.52987473988869}
2024-12-26 21:01:29,193 - DEBUG - GeoJSON Coords: [(-120.45224703172468, 34.90116400665335), (-120.45219157474641, 34.901190998987914), (-120.45218961166754, 34.90111738353003), (-120.45227107944093, 34.901116401990585), (-120.45224703172468, 34.90116400665335)]
2024-12-26 21:01:29,193 - DEBUG - GeoJSON Features: [7.370490817396646, 11.016125814444166, 40.52987473988869, 0, 1, 0, 1, 1, 1]
2024-12-26 21:01:29,193 - DEBUG - Parsed GeoTransform: [-120.4527421881361, 3.467496996701353e-06, 0.0, 34.90231320936135, 0.0, -3.467496996701353e-06]
2024-12-26 21:01:29,194 - DEBUG - Parsed GeoJSON coordinates: [(-120.45224703172468, 34.90116400665335), (-120.45219157474641, 34.901190998987914), (-120.45218961166754, 34.90111738353003), (-120.45227107944093, 34.901116401990585), (-120.45224703172468, 34.90116400665335)]
2024-12-26 21:01:29,194 - DEBUG - STREAM b'IHDR' 16 13
2024-12-26 21:01:29,194 - DEBUG - STREAM b'tRNS' 41 6
2024-12-26 21:01:29,194 - DEBUG - STREAM b'IDAT' 59 8192
2024-12-26 21:01:29,204 - DEBUG - Loaded image size: 512x512
2024-12-26 21:01:29,204 - DEBUG - Converting GeoJSON to pixel bounding boxes.
2024-12-26 21:01:29,204 - DEBUG - Input Coordinates: [(-120.45224703172468, 34.90116400665335), (-120.45219157474641, 34.901190998987914), (-120.45218961166754, 34.90111738353003), (-120.45227107944093, 34.901116401990585), (-120.45224703172468, 34.90116400665335)] ... (showing first 5 for brevity)
2024-12-26 21:01:29,204 - DEBUG - GeoTransform: [-120.4527421881361, 3.467496996701353e-06, 0.0, 34.90231320936135, 0.0, -3.467496996701353e-06]
2024-12-26 21:01:29,204 - DEBUG - Image Dimensions: width=512, height=512
2024-12-26 21:01:29,204 - DEBUG - Converting geo-coordinates to pixel coordinates:
2024-12-26 21:01:29,204 - DEBUG - Inputs - lon: -120.45224703172468, lat: 34.90116400665335, geo_transform: [-120.4527421881361, 3.467496996701353e-06, 0.0, 34.90231320936135, 0.0, -3.467496996701353e-06], image_width: 512, image_height: 512
2024-12-26 21:01:29,205 - DEBUG - Parsed GeoTransform - x_origin: -120.4527421881361, pixel_width: 3.467496996701353e-06, y_origin: 34.90231320936135, pixel_height: -3.467496996701353e-06
2024-12-26 21:01:29,205 - DEBUG - Computed pixel coordinates before clamping - x_pixel: 142, y_pixel: 331
2024-12-26 21:01:29,205 - DEBUG - Clamped pixel coordinates - x_pixel: 142, y_pixel: 331
2024-12-26 21:01:29,205 - DEBUG - Converting geo-coordinates to pixel coordinates:
2024-12-26 21:01:29,205 - DEBUG - Inputs - lon: -120.45219157474641, lat: 34.901190998987914, geo_transform: [-120.4527421881361, 3.467496996701353e-06, 0.0, 34.90231320936135, 0.0, -3.467496996701353e-06], image_width: 512, image_height: 512
2024-12-26 21:01:29,205 - DEBUG - Parsed GeoTransform - x_origin: -120.4527421881361, pixel_width: 3.467496996701353e-06, y_origin: 34.90231320936135, pixel_height: -3.467496996701353e-06
2024-12-26 21:01:29,205 - DEBUG - Computed pixel coordinates before clamping - x_pixel: 158, y_pixel: 323
2024-12-26 21:01:29,205 - DEBUG - Clamped pixel coordinates - x_pixel: 158, y_pixel: 323
2024-12-26 21:01:29,205 - DEBUG - Converting geo-coordinates to pixel coordinates:
2024-12-26 21:01:29,205 - DEBUG - Inputs - lon: -120.45218961166754, lat: 34.90111738353003, geo_transform: [-120.4527421881361, 3.467496996701353e-06, 0.0, 34.90231320936135, 0.0, -3.467496996701353e-06], image_width: 512, image_height: 512
2024-12-26 21:01:29,205 - DEBUG - Parsed GeoTransform - x_origin: -120.4527421881361, pixel_width: 3.467496996701353e-06, y_origin: 34.90231320936135, pixel_height: -3.467496996701353e-06
2024-12-26 21:01:29,205 - DEBUG - Computed pixel coordinates before clamping - x_pixel: 159, y_pixel: 344
2024-12-26 21:01:29,205 - DEBUG - Clamped pixel coordinates - x_pixel: 159, y_pixel: 344
2024-12-26 21:01:29,205 - DEBUG - Converting geo-coordinates to pixel coordinates:
2024-12-26 21:01:29,205 - DEBUG - Inputs - lon: -120.45227107944093, lat: 34.901116401990585, geo_transform: [-120.4527421881361, 3.467496996701353e-06, 0.0, 34.90231320936135, 0.0, -3.467496996701353e-06], image_width: 512, image_height: 512
2024-12-26 21:01:29,206 - DEBUG - Parsed GeoTransform - x_origin: -120.4527421881361, pixel_width: 3.467496996701353e-06, y_origin: 34.90231320936135, pixel_height: -3.467496996701353e-06
2024-12-26 21:01:29,206 - DEBUG - Computed pixel coordinates before clamping - x_pixel: 135, y_pixel: 345
2024-12-26 21:01:29,206 - DEBUG - Clamped pixel coordinates - x_pixel: 135, y_pixel: 345
2024-12-26 21:01:29,206 - DEBUG - Converting geo-coordinates to pixel coordinates:
2024-12-26 21:01:29,206 - DEBUG - Inputs - lon: -120.45224703172468, lat: 34.90116400665335, geo_transform: [-120.4527421881361, 3.467496996701353e-06, 0.0, 34.90231320936135, 0.0, -3.467496996701353e-06], image_width: 512, image_height: 512
2024-12-26 21:01:29,206 - DEBUG - Parsed GeoTransform - x_origin: -120.4527421881361, pixel_width: 3.467496996701353e-06, y_origin: 34.90231320936135, pixel_height: -3.467496996701353e-06
2024-12-26 21:01:29,206 - DEBUG - Computed pixel coordinates before clamping - x_pixel: 142, y_pixel: 331
2024-12-26 21:01:29,206 - DEBUG - Clamped pixel coordinates - x_pixel: 142, y_pixel: 331
2024-12-26 21:01:29,206 - DEBUG - Pixel Coordinates: [(142, 331), (158, 323), (159, 344), (135, 345), (142, 331)] ... (showing first 5 for brevity)
2024-12-26 21:01:29,206 - DEBUG - Pixel Bounding Box: x_min=135, x_max=159, y_min=323, y_max=345
2024-12-26 21:01:29,206 - DEBUG - Pixel bounding box: (135, 323, 159, 345)
2024-12-26 21:01:29,206 - DEBUG - Input is a list. Converting to tensor.
2024-12-26 21:01:29,207 - DEBUG - Input Bounding Boxes (Corner Format): tensor([[135., 323., 159., 345.]])
2024-12-26 21:01:29,207 - DEBUG - x_min: 135.0, y_min: 323.0, x_max: 159.0, y_max: 345.0
2024-12-26 21:01:29,207 - DEBUG - Converted Bounding Boxes (Center Format): tensor([[147., 334.,  24.,  22.]])
2024-12-26 21:01:29,207 - DEBUG - Normalized bounding box (cx, cy, w, h): tensor([[147., 334.,  24.,  22.]])
2024-12-26 21:01:29,208 - DEBUG - Processed image tensor shape: torch.Size([3, 512, 512])
2024-12-26 21:01:29,209 - DEBUG - Processed bounding box tensor: tensor([[147., 334.,  24.,  22.]])
2024-12-26 21:01:29,209 - DEBUG - Processing index 4679:
2024-12-26 21:01:29,209 - DEBUG - Image path: ./data/raw/train/PS-RGB_tiled/86_10400100290F5300_tile_181.png
2024-12-26 21:01:29,209 - DEBUG - Label path: ./data/raw/train/geojson_aircraft_tiled/86_10400100290F5300_tile_181.geojson
2024-12-26 21:01:29,209 - DEBUG - Auxiliary path: ./data/raw/train/PS-RGB_tiled/86_10400100290F5300_tile_181.png.aux.xml
2024-12-26 21:01:29,209 - DEBUG - Parsing GeoTransform from: ./data/raw/train/PS-RGB_tiled/86_10400100290F5300_tile_181.png.aux.xml
2024-12-26 21:01:29,209 - DEBUG - GeoTransform parsed: [-80.09356653551303, 3.443814139214196e-06, 0.0, 26.678796496291778, 0.0, -3.443814139214196e-06]
2024-12-26 21:01:29,209 - DEBUG - Reading GeoJSON from: ./data/raw/train/geojson_aircraft_tiled/86_10400100290F5300_tile_181.geojson
2024-12-26 21:01:29,210 - DEBUG - First feature coordinates: [[[-80.09224470780062, 26.67857703810188], [-80.09216955098276, 26.67841540377392], [-80.09233275762908, 26.67835313996665], [-80.09239250572698, 26.678461944397537], [-80.09224470780062, 26.67857703810188]]]
2024-12-26 21:01:29,210 - DEBUG - Feature properties: {'loc_id': 86, 'cat_id': '10400100290F5300', 'location': 'Palm Beach International Airport, Arrivals, West Gate, Palm Beach County, Florida, 33406-1507, USA', 'role': 'Medium Civil Transport/Utility', 'role_id': 2, 'is_plane': 1, 'num_engines': 2, 'propulsion': 'jet', 'canards': 'no', 'num_tail_fins': 1, 'wing_position': 'mid/low mounted', 'wing_type': 'swept', 'length': 26.302295800243925, 'wingspan': 22.77636021275748, 'area': 297.68247832705435, 'faa_wingspan_class': 2, 'Public_Train': 1, 'Public_Test': 0, 'partialDec': 1.0, 'truncated': 0, 'new_area': 297.68247832705435}
2024-12-26 21:01:29,210 - DEBUG - GeoJSON Coords: [(-80.09224470780062, 26.67857703810188), (-80.09216955098276, 26.67841540377392), (-80.09233275762908, 26.67835313996665), (-80.09239250572698, 26.678461944397537), (-80.09224470780062, 26.67857703810188)]
2024-12-26 21:01:29,210 - DEBUG - GeoJSON Features: [26.302295800243925, 22.77636021275748, 297.68247832705435, 1, 1, 0, 2, 1, 2]
2024-12-26 21:01:29,210 - DEBUG - Parsed GeoTransform: [-80.09356653551303, 3.443814139214196e-06, 0.0, 26.678796496291778, 0.0, -3.443814139214196e-06]
2024-12-26 21:01:29,210 - DEBUG - Parsed GeoJSON coordinates: [(-80.09224470780062, 26.67857703810188), (-80.09216955098276, 26.67841540377392), (-80.09233275762908, 26.67835313996665), (-80.09239250572698, 26.678461944397537), (-80.09224470780062, 26.67857703810188)]
2024-12-26 21:01:29,211 - DEBUG - STREAM b'IHDR' 16 13
2024-12-26 21:01:29,211 - DEBUG - STREAM b'tRNS' 41 6
2024-12-26 21:01:29,211 - DEBUG - STREAM b'IDAT' 59 8192
2024-12-26 21:01:29,219 - DEBUG - Loaded image size: 512x512
2024-12-26 21:01:29,219 - DEBUG - Converting GeoJSON to pixel bounding boxes.
2024-12-26 21:01:29,219 - DEBUG - Input Coordinates: [(-80.09224470780062, 26.67857703810188), (-80.09216955098276, 26.67841540377392), (-80.09233275762908, 26.67835313996665), (-80.09239250572698, 26.678461944397537), (-80.09224470780062, 26.67857703810188)] ... (showing first 5 for brevity)
2024-12-26 21:01:29,219 - DEBUG - GeoTransform: [-80.09356653551303, 3.443814139214196e-06, 0.0, 26.678796496291778, 0.0, -3.443814139214196e-06]
2024-12-26 21:01:29,220 - DEBUG - Image Dimensions: width=512, height=512
2024-12-26 21:01:29,220 - DEBUG - Converting geo-coordinates to pixel coordinates:
2024-12-26 21:01:29,220 - DEBUG - Inputs - lon: -80.09224470780062, lat: 26.67857703810188, geo_transform: [-80.09356653551303, 3.443814139214196e-06, 0.0, 26.678796496291778, 0.0, -3.443814139214196e-06], image_width: 512, image_height: 512
2024-12-26 21:01:29,220 - DEBUG - Parsed GeoTransform - x_origin: -80.09356653551303, pixel_width: 3.443814139214196e-06, y_origin: 26.678796496291778, pixel_height: -3.443814139214196e-06
2024-12-26 21:01:29,220 - DEBUG - Computed pixel coordinates before clamping - x_pixel: 383, y_pixel: 63
2024-12-26 21:01:29,220 - DEBUG - Clamped pixel coordinates - x_pixel: 383, y_pixel: 63
2024-12-26 21:01:29,220 - DEBUG - Converting geo-coordinates to pixel coordinates:
2024-12-26 21:01:29,220 - DEBUG - Inputs - lon: -80.09216955098276, lat: 26.67841540377392, geo_transform: [-80.09356653551303, 3.443814139214196e-06, 0.0, 26.678796496291778, 0.0, -3.443814139214196e-06], image_width: 512, image_height: 512
2024-12-26 21:01:29,220 - DEBUG - Parsed GeoTransform - x_origin: -80.09356653551303, pixel_width: 3.443814139214196e-06, y_origin: 26.678796496291778, pixel_height: -3.443814139214196e-06
2024-12-26 21:01:29,220 - DEBUG - Computed pixel coordinates before clamping - x_pixel: 405, y_pixel: 110
2024-12-26 21:01:29,220 - DEBUG - Clamped pixel coordinates - x_pixel: 405, y_pixel: 110
2024-12-26 21:01:29,220 - DEBUG - Converting geo-coordinates to pixel coordinates:
2024-12-26 21:01:29,220 - DEBUG - Inputs - lon: -80.09233275762908, lat: 26.67835313996665, geo_transform: [-80.09356653551303, 3.443814139214196e-06, 0.0, 26.678796496291778, 0.0, -3.443814139214196e-06], image_width: 512, image_height: 512
2024-12-26 21:01:29,220 - DEBUG - Parsed GeoTransform - x_origin: -80.09356653551303, pixel_width: 3.443814139214196e-06, y_origin: 26.678796496291778, pixel_height: -3.443814139214196e-06
2024-12-26 21:01:29,220 - DEBUG - Computed pixel coordinates before clamping - x_pixel: 358, y_pixel: 128
2024-12-26 21:01:29,221 - DEBUG - Clamped pixel coordinates - x_pixel: 358, y_pixel: 128
2024-12-26 21:01:29,221 - DEBUG - Converting geo-coordinates to pixel coordinates:
2024-12-26 21:01:29,221 - DEBUG - Inputs - lon: -80.09239250572698, lat: 26.678461944397537, geo_transform: [-80.09356653551303, 3.443814139214196e-06, 0.0, 26.678796496291778, 0.0, -3.443814139214196e-06], image_width: 512, image_height: 512
2024-12-26 21:01:29,221 - DEBUG - Parsed GeoTransform - x_origin: -80.09356653551303, pixel_width: 3.443814139214196e-06, y_origin: 26.678796496291778, pixel_height: -3.443814139214196e-06
2024-12-26 21:01:29,221 - DEBUG - Computed pixel coordinates before clamping - x_pixel: 340, y_pixel: 97
2024-12-26 21:01:29,221 - DEBUG - Clamped pixel coordinates - x_pixel: 340, y_pixel: 97
2024-12-26 21:01:29,221 - DEBUG - Converting geo-coordinates to pixel coordinates:
2024-12-26 21:01:29,221 - DEBUG - Inputs - lon: -80.09224470780062, lat: 26.67857703810188, geo_transform: [-80.09356653551303, 3.443814139214196e-06, 0.0, 26.678796496291778, 0.0, -3.443814139214196e-06], image_width: 512, image_height: 512
2024-12-26 21:01:29,221 - DEBUG - Parsed GeoTransform - x_origin: -80.09356653551303, pixel_width: 3.443814139214196e-06, y_origin: 26.678796496291778, pixel_height: -3.443814139214196e-06
2024-12-26 21:01:29,221 - DEBUG - Computed pixel coordinates before clamping - x_pixel: 383, y_pixel: 63
2024-12-26 21:01:29,221 - DEBUG - Clamped pixel coordinates - x_pixel: 383, y_pixel: 63
2024-12-26 21:01:29,221 - DEBUG - Pixel Coordinates: [(383, 63), (405, 110), (358, 128), (340, 97), (383, 63)] ... (showing first 5 for brevity)
2024-12-26 21:01:29,221 - DEBUG - Pixel Bounding Box: x_min=340, x_max=405, y_min=63, y_max=128
2024-12-26 21:01:29,221 - DEBUG - Pixel bounding box: (340, 63, 405, 128)
2024-12-26 21:01:29,221 - DEBUG - Input is a list. Converting to tensor.
2024-12-26 21:01:29,222 - DEBUG - Input Bounding Boxes (Corner Format): tensor([[340.,  63., 405., 128.]])
2024-12-26 21:01:29,222 - DEBUG - x_min: 340.0, y_min: 63.0, x_max: 405.0, y_max: 128.0
2024-12-26 21:01:29,222 - DEBUG - Converted Bounding Boxes (Center Format): tensor([[372.5000,  95.5000,  65.0000,  65.0000]])
2024-12-26 21:01:29,222 - DEBUG - Normalized bounding box (cx, cy, w, h): tensor([[372.5000,  95.5000,  65.0000,  65.0000]])
2024-12-26 21:01:29,223 - DEBUG - Processed image tensor shape: torch.Size([3, 512, 512])
2024-12-26 21:01:29,223 - DEBUG - Processed bounding box tensor: tensor([[372.5000,  95.5000,  65.0000,  65.0000]])
2024-12-26 21:01:29,224 - DEBUG - Processing index 2459:
2024-12-26 21:01:29,224 - DEBUG - Image path: ./data/raw/train/PS-RGB_tiled/45_104001000E6AB500_tile_65.png
2024-12-26 21:01:29,224 - DEBUG - Label path: ./data/raw/train/geojson_aircraft_tiled/45_104001000E6AB500_tile_65.geojson
2024-12-26 21:01:29,224 - DEBUG - Auxiliary path: ./data/raw/train/PS-RGB_tiled/45_104001000E6AB500_tile_65.png.aux.xml
2024-12-26 21:01:29,224 - DEBUG - Parsing GeoTransform from: ./data/raw/train/PS-RGB_tiled/45_104001000E6AB500_tile_65.png.aux.xml
2024-12-26 21:01:29,224 - DEBUG - GeoTransform parsed: [-77.52152482111696, 2.892575214864859e-06, 0.0, 38.72496612587659, 0.0, -2.892575214864859e-06]
2024-12-26 21:01:29,224 - DEBUG - Reading GeoJSON from: ./data/raw/train/geojson_aircraft_tiled/45_104001000E6AB500_tile_65.geojson
2024-12-26 21:01:29,225 - DEBUG - First feature coordinates: [[[-77.52082878446504, 38.723487042113945], [-77.52082813481861, 38.72348512736658], [-77.52089072504357, 38.72348512736658], [-77.52088215285997, 38.7235185588826], [-77.52082878446504, 38.723487042113945]]]
2024-12-26 21:01:29,225 - DEBUG - Feature properties: {'loc_id': 45, 'cat_id': '104001000E6AB500', 'location': 'Manassas Regional Airport, Terminal Road, Lee Manor, Manassas, Virginia, 20110, USA', 'role': 'Small Civil Transport/Utility', 'role_id': 1, 'is_plane': 1, 'num_engines': 1, 'propulsion': 'propeller', 'canards': 'no', 'num_tail_fins': 1, 'wing_position': 'high mounted', 'wing_type': 'straight', 'length': 7.179246185988628, 'wingspan': 10.606504028906912, 'area': 38.024968371891966, 'faa_wingspan_class': 1, 'Public_Train': 1, 'Public_Test': 0, 'partialDec': 0.2760971289251203, 'truncated': 1, 'new_area': 10.498584594947877}
2024-12-26 21:01:29,225 - DEBUG - GeoJSON Coords: [(-77.52082878446504, 38.723487042113945), (-77.52082813481861, 38.72348512736658), (-77.52089072504357, 38.72348512736658), (-77.52088215285997, 38.7235185588826), (-77.52082878446504, 38.723487042113945)]
2024-12-26 21:01:29,225 - DEBUG - GeoJSON Features: [7.179246185988628, 10.606504028906912, 38.024968371891966, 0, 0, 0, 1, 1, 1]
2024-12-26 21:01:29,225 - DEBUG - Parsed GeoTransform: [-77.52152482111696, 2.892575214864859e-06, 0.0, 38.72496612587659, 0.0, -2.892575214864859e-06]
2024-12-26 21:01:29,225 - DEBUG - Parsed GeoJSON coordinates: [(-77.52082878446504, 38.723487042113945), (-77.52082813481861, 38.72348512736658), (-77.52089072504357, 38.72348512736658), (-77.52088215285997, 38.7235185588826), (-77.52082878446504, 38.723487042113945)]
2024-12-26 21:01:29,226 - DEBUG - STREAM b'IHDR' 16 13
2024-12-26 21:01:29,226 - DEBUG - STREAM b'tRNS' 41 6
2024-12-26 21:01:29,226 - DEBUG - STREAM b'IDAT' 59 8192
2024-12-26 21:01:29,235 - DEBUG - Loaded image size: 512x512
2024-12-26 21:01:29,235 - DEBUG - Converting GeoJSON to pixel bounding boxes.
2024-12-26 21:01:29,235 - DEBUG - Input Coordinates: [(-77.52082878446504, 38.723487042113945), (-77.52082813481861, 38.72348512736658), (-77.52089072504357, 38.72348512736658), (-77.52088215285997, 38.7235185588826), (-77.52082878446504, 38.723487042113945)] ... (showing first 5 for brevity)
2024-12-26 21:01:29,235 - DEBUG - GeoTransform: [-77.52152482111696, 2.892575214864859e-06, 0.0, 38.72496612587659, 0.0, -2.892575214864859e-06]
2024-12-26 21:01:29,235 - DEBUG - Image Dimensions: width=512, height=512
2024-12-26 21:01:29,236 - DEBUG - Converting geo-coordinates to pixel coordinates:
2024-12-26 21:01:29,236 - DEBUG - Inputs - lon: -77.52082878446504, lat: 38.723487042113945, geo_transform: [-77.52152482111696, 2.892575214864859e-06, 0.0, 38.72496612587659, 0.0, -2.892575214864859e-06], image_width: 512, image_height: 512
2024-12-26 21:01:29,236 - DEBUG - Parsed GeoTransform - x_origin: -77.52152482111696, pixel_width: 2.892575214864859e-06, y_origin: 38.72496612587659, pixel_height: -2.892575214864859e-06
2024-12-26 21:01:29,236 - DEBUG - Computed pixel coordinates before clamping - x_pixel: 240, y_pixel: 511
2024-12-26 21:01:29,236 - DEBUG - Clamped pixel coordinates - x_pixel: 240, y_pixel: 511
2024-12-26 21:01:29,236 - DEBUG - Converting geo-coordinates to pixel coordinates:
2024-12-26 21:01:29,236 - DEBUG - Inputs - lon: -77.52082813481861, lat: 38.72348512736658, geo_transform: [-77.52152482111696, 2.892575214864859e-06, 0.0, 38.72496612587659, 0.0, -2.892575214864859e-06], image_width: 512, image_height: 512
2024-12-26 21:01:29,236 - DEBUG - Parsed GeoTransform - x_origin: -77.52152482111696, pixel_width: 2.892575214864859e-06, y_origin: 38.72496612587659, pixel_height: -2.892575214864859e-06
2024-12-26 21:01:29,236 - DEBUG - Computed pixel coordinates before clamping - x_pixel: 240, y_pixel: 512
2024-12-26 21:01:29,236 - DEBUG - Clamped pixel coordinates - x_pixel: 240, y_pixel: 511
2024-12-26 21:01:29,236 - DEBUG - Converting geo-coordinates to pixel coordinates:
2024-12-26 21:01:29,236 - DEBUG - Inputs - lon: -77.52089072504357, lat: 38.72348512736658, geo_transform: [-77.52152482111696, 2.892575214864859e-06, 0.0, 38.72496612587659, 0.0, -2.892575214864859e-06], image_width: 512, image_height: 512
2024-12-26 21:01:29,236 - DEBUG - Parsed GeoTransform - x_origin: -77.52152482111696, pixel_width: 2.892575214864859e-06, y_origin: 38.72496612587659, pixel_height: -2.892575214864859e-06
2024-12-26 21:01:29,236 - DEBUG - Computed pixel coordinates before clamping - x_pixel: 219, y_pixel: 512
2024-12-26 21:01:29,236 - DEBUG - Clamped pixel coordinates - x_pixel: 219, y_pixel: 511
2024-12-26 21:01:29,237 - DEBUG - Converting geo-coordinates to pixel coordinates:
2024-12-26 21:01:29,237 - DEBUG - Inputs - lon: -77.52088215285997, lat: 38.7235185588826, geo_transform: [-77.52152482111696, 2.892575214864859e-06, 0.0, 38.72496612587659, 0.0, -2.892575214864859e-06], image_width: 512, image_height: 512
2024-12-26 21:01:29,237 - DEBUG - Parsed GeoTransform - x_origin: -77.52152482111696, pixel_width: 2.892575214864859e-06, y_origin: 38.72496612587659, pixel_height: -2.892575214864859e-06
2024-12-26 21:01:29,237 - DEBUG - Computed pixel coordinates before clamping - x_pixel: 222, y_pixel: 500
2024-12-26 21:01:29,237 - DEBUG - Clamped pixel coordinates - x_pixel: 222, y_pixel: 500
2024-12-26 21:01:29,237 - DEBUG - Converting geo-coordinates to pixel coordinates:
2024-12-26 21:01:29,237 - DEBUG - Inputs - lon: -77.52082878446504, lat: 38.723487042113945, geo_transform: [-77.52152482111696, 2.892575214864859e-06, 0.0, 38.72496612587659, 0.0, -2.892575214864859e-06], image_width: 512, image_height: 512
2024-12-26 21:01:29,237 - DEBUG - Parsed GeoTransform - x_origin: -77.52152482111696, pixel_width: 2.892575214864859e-06, y_origin: 38.72496612587659, pixel_height: -2.892575214864859e-06
2024-12-26 21:01:29,237 - DEBUG - Computed pixel coordinates before clamping - x_pixel: 240, y_pixel: 511
2024-12-26 21:01:29,237 - DEBUG - Clamped pixel coordinates - x_pixel: 240, y_pixel: 511
2024-12-26 21:01:29,237 - DEBUG - Pixel Coordinates: [(240, 511), (240, 511), (219, 511), (222, 500), (240, 511)] ... (showing first 5 for brevity)
2024-12-26 21:01:29,237 - DEBUG - Pixel Bounding Box: x_min=219, x_max=240, y_min=500, y_max=511
2024-12-26 21:01:29,237 - DEBUG - Pixel bounding box: (219, 500, 240, 511)
2024-12-26 21:01:29,237 - DEBUG - Input is a list. Converting to tensor.
2024-12-26 21:01:29,238 - DEBUG - Input Bounding Boxes (Corner Format): tensor([[219., 500., 240., 511.]])
2024-12-26 21:01:29,238 - DEBUG - x_min: 219.0, y_min: 500.0, x_max: 240.0, y_max: 511.0
2024-12-26 21:01:29,238 - DEBUG - Converted Bounding Boxes (Center Format): tensor([[229.5000, 505.5000,  21.0000,  11.0000]])
2024-12-26 21:01:29,238 - DEBUG - Normalized bounding box (cx, cy, w, h): tensor([[229.5000, 505.5000,  21.0000,  11.0000]])
2024-12-26 21:01:29,239 - DEBUG - Processed image tensor shape: torch.Size([3, 512, 512])
2024-12-26 21:01:29,240 - DEBUG - Processed bounding box tensor: tensor([[229.5000, 505.5000,  21.0000,  11.0000]])
2024-12-26 21:01:29,240 - DEBUG - Processing index 887:
2024-12-26 21:01:29,240 - DEBUG - Image path: ./data/raw/train/PS-RGB_tiled/125_10400100088C2C00_tile_253.png
2024-12-26 21:01:29,240 - DEBUG - Label path: ./data/raw/train/geojson_aircraft_tiled/125_10400100088C2C00_tile_253.geojson
2024-12-26 21:01:29,240 - DEBUG - Auxiliary path: ./data/raw/train/PS-RGB_tiled/125_10400100088C2C00_tile_253.png.aux.xml
2024-12-26 21:01:29,240 - DEBUG - Parsing GeoTransform from: ./data/raw/train/PS-RGB_tiled/125_10400100088C2C00_tile_253.png.aux.xml
2024-12-26 21:01:29,240 - DEBUG - GeoTransform parsed: [-73.09884365405823, 3.474982957399355e-06, 0.0, 40.79249841079292, 0.0, -3.474982957399355e-06]
2024-12-26 21:01:29,240 - DEBUG - Reading GeoJSON from: ./data/raw/train/geojson_aircraft_tiled/125_10400100088C2C00_tile_253.geojson
2024-12-26 21:01:29,241 - DEBUG - First feature coordinates: [[[-73.0985511773724, 40.79242527963668], [-73.09850828213277, 40.79245006355291], [-73.0984644336656, 40.792395729582715], [-73.09854291606699, 40.792385561822215], [-73.0985511773724, 40.79242527963668]]]
2024-12-26 21:01:29,241 - DEBUG - Feature properties: {'loc_id': 125, 'cat_id': '10400100088C2C00', 'location': 'Long Island MacArthur Airport, Airway Road, Ronkonkoma, Suffolk County, New York, 11716, USA', 'role': 'Small Civil Transport/Utility', 'role_id': 1, 'is_plane': 1, 'num_engines': 1, 'propulsion': 'propeller', 'canards': 'no', 'num_tail_fins': 1, 'wing_position': 'mid/low mounted', 'wing_type': 'straight', 'length': 8.022185921326528, 'wingspan': 7.735733807520352, 'area': 31.010889779796546, 'faa_wingspan_class': 1, 'Public_Train': 1, 'Public_Test': 0, 'partialDec': 1.0, 'truncated': 0, 'new_area': 31.010889779796546}
2024-12-26 21:01:29,241 - DEBUG - GeoJSON Coords: [(-73.0985511773724, 40.79242527963668), (-73.09850828213277, 40.79245006355291), (-73.0984644336656, 40.792395729582715), (-73.09854291606699, 40.792385561822215), (-73.0985511773724, 40.79242527963668)]
2024-12-26 21:01:29,241 - DEBUG - GeoJSON Features: [8.022185921326528, 7.735733807520352, 31.010889779796546, 0, 1, 0, 1, 1, 1]
2024-12-26 21:01:29,241 - DEBUG - Parsed GeoTransform: [-73.09884365405823, 3.474982957399355e-06, 0.0, 40.79249841079292, 0.0, -3.474982957399355e-06]
2024-12-26 21:01:29,241 - DEBUG - Parsed GeoJSON coordinates: [(-73.0985511773724, 40.79242527963668), (-73.09850828213277, 40.79245006355291), (-73.0984644336656, 40.792395729582715), (-73.09854291606699, 40.792385561822215), (-73.0985511773724, 40.79242527963668)]
2024-12-26 21:01:29,242 - DEBUG - STREAM b'IHDR' 16 13
2024-12-26 21:01:29,242 - DEBUG - STREAM b'tRNS' 41 6
2024-12-26 21:01:29,242 - DEBUG - STREAM b'IDAT' 59 8192
2024-12-26 21:01:29,252 - DEBUG - Loaded image size: 512x512
2024-12-26 21:01:29,252 - DEBUG - Converting GeoJSON to pixel bounding boxes.
2024-12-26 21:01:29,252 - DEBUG - Input Coordinates: [(-73.0985511773724, 40.79242527963668), (-73.09850828213277, 40.79245006355291), (-73.0984644336656, 40.792395729582715), (-73.09854291606699, 40.792385561822215), (-73.0985511773724, 40.79242527963668)] ... (showing first 5 for brevity)
2024-12-26 21:01:29,252 - DEBUG - GeoTransform: [-73.09884365405823, 3.474982957399355e-06, 0.0, 40.79249841079292, 0.0, -3.474982957399355e-06]
2024-12-26 21:01:29,252 - DEBUG - Image Dimensions: width=512, height=512
2024-12-26 21:01:29,252 - DEBUG - Converting geo-coordinates to pixel coordinates:
2024-12-26 21:01:29,252 - DEBUG - Inputs - lon: -73.0985511773724, lat: 40.79242527963668, geo_transform: [-73.09884365405823, 3.474982957399355e-06, 0.0, 40.79249841079292, 0.0, -3.474982957399355e-06], image_width: 512, image_height: 512
2024-12-26 21:01:29,252 - DEBUG - Parsed GeoTransform - x_origin: -73.09884365405823, pixel_width: 3.474982957399355e-06, y_origin: 40.79249841079292, pixel_height: -3.474982957399355e-06
2024-12-26 21:01:29,252 - DEBUG - Computed pixel coordinates before clamping - x_pixel: 84, y_pixel: 21
2024-12-26 21:01:29,253 - DEBUG - Clamped pixel coordinates - x_pixel: 84, y_pixel: 21
2024-12-26 21:01:29,253 - DEBUG - Converting geo-coordinates to pixel coordinates:
2024-12-26 21:01:29,253 - DEBUG - Inputs - lon: -73.09850828213277, lat: 40.79245006355291, geo_transform: [-73.09884365405823, 3.474982957399355e-06, 0.0, 40.79249841079292, 0.0, -3.474982957399355e-06], image_width: 512, image_height: 512
2024-12-26 21:01:29,253 - DEBUG - Parsed GeoTransform - x_origin: -73.09884365405823, pixel_width: 3.474982957399355e-06, y_origin: 40.79249841079292, pixel_height: -3.474982957399355e-06
2024-12-26 21:01:29,253 - DEBUG - Computed pixel coordinates before clamping - x_pixel: 96, y_pixel: 13
2024-12-26 21:01:29,253 - DEBUG - Clamped pixel coordinates - x_pixel: 96, y_pixel: 13
2024-12-26 21:01:29,253 - DEBUG - Converting geo-coordinates to pixel coordinates:
2024-12-26 21:01:29,253 - DEBUG - Inputs - lon: -73.0984644336656, lat: 40.792395729582715, geo_transform: [-73.09884365405823, 3.474982957399355e-06, 0.0, 40.79249841079292, 0.0, -3.474982957399355e-06], image_width: 512, image_height: 512
2024-12-26 21:01:29,253 - DEBUG - Parsed GeoTransform - x_origin: -73.09884365405823, pixel_width: 3.474982957399355e-06, y_origin: 40.79249841079292, pixel_height: -3.474982957399355e-06
2024-12-26 21:01:29,253 - DEBUG - Computed pixel coordinates before clamping - x_pixel: 109, y_pixel: 29
2024-12-26 21:01:29,253 - DEBUG - Clamped pixel coordinates - x_pixel: 109, y_pixel: 29
2024-12-26 21:01:29,253 - DEBUG - Converting geo-coordinates to pixel coordinates:
2024-12-26 21:01:29,253 - DEBUG - Inputs - lon: -73.09854291606699, lat: 40.792385561822215, geo_transform: [-73.09884365405823, 3.474982957399355e-06, 0.0, 40.79249841079292, 0.0, -3.474982957399355e-06], image_width: 512, image_height: 512
2024-12-26 21:01:29,253 - DEBUG - Parsed GeoTransform - x_origin: -73.09884365405823, pixel_width: 3.474982957399355e-06, y_origin: 40.79249841079292, pixel_height: -3.474982957399355e-06
2024-12-26 21:01:29,253 - DEBUG - Computed pixel coordinates before clamping - x_pixel: 86, y_pixel: 32
2024-12-26 21:01:29,253 - DEBUG - Clamped pixel coordinates - x_pixel: 86, y_pixel: 32
2024-12-26 21:01:29,254 - DEBUG - Converting geo-coordinates to pixel coordinates:
2024-12-26 21:01:29,254 - DEBUG - Inputs - lon: -73.0985511773724, lat: 40.79242527963668, geo_transform: [-73.09884365405823, 3.474982957399355e-06, 0.0, 40.79249841079292, 0.0, -3.474982957399355e-06], image_width: 512, image_height: 512
2024-12-26 21:01:29,254 - DEBUG - Parsed GeoTransform - x_origin: -73.09884365405823, pixel_width: 3.474982957399355e-06, y_origin: 40.79249841079292, pixel_height: -3.474982957399355e-06
2024-12-26 21:01:29,254 - DEBUG - Computed pixel coordinates before clamping - x_pixel: 84, y_pixel: 21
2024-12-26 21:01:29,254 - DEBUG - Clamped pixel coordinates - x_pixel: 84, y_pixel: 21
2024-12-26 21:01:29,254 - DEBUG - Pixel Coordinates: [(84, 21), (96, 13), (109, 29), (86, 32), (84, 21)] ... (showing first 5 for brevity)
2024-12-26 21:01:29,254 - DEBUG - Pixel Bounding Box: x_min=84, x_max=109, y_min=13, y_max=32
2024-12-26 21:01:29,254 - DEBUG - Pixel bounding box: (84, 13, 109, 32)
2024-12-26 21:01:29,254 - DEBUG - Input is a list. Converting to tensor.
2024-12-26 21:01:29,254 - DEBUG - Input Bounding Boxes (Corner Format): tensor([[ 84.,  13., 109.,  32.]])
2024-12-26 21:01:29,254 - DEBUG - x_min: 84.0, y_min: 13.0, x_max: 109.0, y_max: 32.0
2024-12-26 21:01:29,255 - DEBUG - Converted Bounding Boxes (Center Format): tensor([[96.5000, 22.5000, 25.0000, 19.0000]])
2024-12-26 21:01:29,255 - DEBUG - Normalized bounding box (cx, cy, w, h): tensor([[96.5000, 22.5000, 25.0000, 19.0000]])
2024-12-26 21:01:29,256 - DEBUG - Processed image tensor shape: torch.Size([3, 512, 512])
2024-12-26 21:01:29,256 - DEBUG - Processed bounding box tensor: tensor([[96.5000, 22.5000, 25.0000, 19.0000]])
2024-12-26 21:01:29,256 - DEBUG - Processing index 3136:
2024-12-26 21:01:29,256 - DEBUG - Image path: ./data/raw/train/PS-RGB_tiled/53_1040010008249C00_tile_152.png
2024-12-26 21:01:29,256 - DEBUG - Label path: ./data/raw/train/geojson_aircraft_tiled/53_1040010008249C00_tile_152.geojson
2024-12-26 21:01:29,256 - DEBUG - Auxiliary path: ./data/raw/train/PS-RGB_tiled/53_1040010008249C00_tile_152.png.aux.xml
2024-12-26 21:01:29,256 - DEBUG - Parsing GeoTransform from: ./data/raw/train/PS-RGB_tiled/53_1040010008249C00_tile_152.png.aux.xml
2024-12-26 21:01:29,257 - DEBUG - GeoTransform parsed: [-81.59131752761778, 3.123142804458531e-06, 0.0, 38.37407370150629, 0.0, -3.123142804458531e-06]
2024-12-26 21:01:29,257 - DEBUG - Reading GeoJSON from: ./data/raw/train/geojson_aircraft_tiled/53_1040010008249C00_tile_152.geojson
2024-12-26 21:01:29,257 - DEBUG - First feature coordinates: [[[-81.59121822606127, 38.373928645756095], [-81.59115248669846, 38.373723883806356], [-81.59131752761778, 38.373734927436644], [-81.59131752761778, 38.3739524954749], [-81.59121822606127, 38.373928645756095]]]
2024-12-26 21:01:29,257 - DEBUG - Feature properties: {'loc_id': 53, 'cat_id': '1040010008249C00', 'location': 'Yeager Airport, Airport Road, Etowah, Kanawha County, West Virginia, 25311, USA', 'role': 'Military Transport/Utility/AWAC', 'role_id': 4, 'is_plane': 1, 'num_engines': 4, 'propulsion': 'propeller', 'canards': 'no', 'num_tail_fins': 1, 'wing_position': 'high mounted', 'wing_type': 'straight', 'length': 28.398536507413606, 'wingspan': 40.04611363875898, 'area': 567.606738917232, 'faa_wingspan_class': 4, 'Public_Train': 1, 'Public_Test': 0, 'partialDec': 0.46681877325571064, 'truncated': 1, 'new_area': 264.96948155301664}
2024-12-26 21:01:29,257 - DEBUG - GeoJSON Coords: [(-81.59121822606127, 38.373928645756095), (-81.59115248669846, 38.373723883806356), (-81.59131752761778, 38.373734927436644), (-81.59131752761778, 38.3739524954749), (-81.59121822606127, 38.373928645756095)]
2024-12-26 21:01:29,258 - DEBUG - GeoJSON Features: [28.398536507413606, 40.04611363875898, 567.606738917232, 0, 0, 0, 4, 1, 4]
2024-12-26 21:01:29,258 - DEBUG - Parsed GeoTransform: [-81.59131752761778, 3.123142804458531e-06, 0.0, 38.37407370150629, 0.0, -3.123142804458531e-06]
2024-12-26 21:01:29,258 - DEBUG - Parsed GeoJSON coordinates: [(-81.59121822606127, 38.373928645756095), (-81.59115248669846, 38.373723883806356), (-81.59131752761778, 38.373734927436644), (-81.59131752761778, 38.3739524954749), (-81.59121822606127, 38.373928645756095)]
2024-12-26 21:01:29,258 - DEBUG - STREAM b'IHDR' 16 13
2024-12-26 21:01:29,258 - DEBUG - STREAM b'tRNS' 41 6
2024-12-26 21:01:29,258 - DEBUG - STREAM b'IDAT' 59 8192
2024-12-26 21:01:29,269 - DEBUG - Loaded image size: 512x512
2024-12-26 21:01:29,270 - DEBUG - Converting GeoJSON to pixel bounding boxes.
2024-12-26 21:01:29,270 - DEBUG - Input Coordinates: [(-81.59121822606127, 38.373928645756095), (-81.59115248669846, 38.373723883806356), (-81.59131752761778, 38.373734927436644), (-81.59131752761778, 38.3739524954749), (-81.59121822606127, 38.373928645756095)] ... (showing first 5 for brevity)
2024-12-26 21:01:29,270 - DEBUG - GeoTransform: [-81.59131752761778, 3.123142804458531e-06, 0.0, 38.37407370150629, 0.0, -3.123142804458531e-06]
2024-12-26 21:01:29,270 - DEBUG - Image Dimensions: width=512, height=512
2024-12-26 21:01:29,270 - DEBUG - Converting geo-coordinates to pixel coordinates:
2024-12-26 21:01:29,270 - DEBUG - Inputs - lon: -81.59121822606127, lat: 38.373928645756095, geo_transform: [-81.59131752761778, 3.123142804458531e-06, 0.0, 38.37407370150629, 0.0, -3.123142804458531e-06], image_width: 512, image_height: 512
2024-12-26 21:01:29,270 - DEBUG - Parsed GeoTransform - x_origin: -81.59131752761778, pixel_width: 3.123142804458531e-06, y_origin: 38.37407370150629, pixel_height: -3.123142804458531e-06
2024-12-26 21:01:29,270 - DEBUG - Computed pixel coordinates before clamping - x_pixel: 31, y_pixel: 46
2024-12-26 21:01:29,270 - DEBUG - Clamped pixel coordinates - x_pixel: 31, y_pixel: 46
2024-12-26 21:01:29,270 - DEBUG - Converting geo-coordinates to pixel coordinates:
2024-12-26 21:01:29,270 - DEBUG - Inputs - lon: -81.59115248669846, lat: 38.373723883806356, geo_transform: [-81.59131752761778, 3.123142804458531e-06, 0.0, 38.37407370150629, 0.0, -3.123142804458531e-06], image_width: 512, image_height: 512
2024-12-26 21:01:29,270 - DEBUG - Parsed GeoTransform - x_origin: -81.59131752761778, pixel_width: 3.123142804458531e-06, y_origin: 38.37407370150629, pixel_height: -3.123142804458531e-06
2024-12-26 21:01:29,270 - DEBUG - Computed pixel coordinates before clamping - x_pixel: 52, y_pixel: 112
2024-12-26 21:01:29,270 - DEBUG - Clamped pixel coordinates - x_pixel: 52, y_pixel: 112
2024-12-26 21:01:29,271 - DEBUG - Converting geo-coordinates to pixel coordinates:
2024-12-26 21:01:29,271 - DEBUG - Inputs - lon: -81.59131752761778, lat: 38.373734927436644, geo_transform: [-81.59131752761778, 3.123142804458531e-06, 0.0, 38.37407370150629, 0.0, -3.123142804458531e-06], image_width: 512, image_height: 512
2024-12-26 21:01:29,271 - DEBUG - Parsed GeoTransform - x_origin: -81.59131752761778, pixel_width: 3.123142804458531e-06, y_origin: 38.37407370150629, pixel_height: -3.123142804458531e-06
2024-12-26 21:01:29,271 - DEBUG - Computed pixel coordinates before clamping - x_pixel: 0, y_pixel: 108
2024-12-26 21:01:29,271 - DEBUG - Clamped pixel coordinates - x_pixel: 0, y_pixel: 108
2024-12-26 21:01:29,271 - DEBUG - Converting geo-coordinates to pixel coordinates:
2024-12-26 21:01:29,271 - DEBUG - Inputs - lon: -81.59131752761778, lat: 38.3739524954749, geo_transform: [-81.59131752761778, 3.123142804458531e-06, 0.0, 38.37407370150629, 0.0, -3.123142804458531e-06], image_width: 512, image_height: 512
2024-12-26 21:01:29,271 - DEBUG - Parsed GeoTransform - x_origin: -81.59131752761778, pixel_width: 3.123142804458531e-06, y_origin: 38.37407370150629, pixel_height: -3.123142804458531e-06
2024-12-26 21:01:29,271 - DEBUG - Computed pixel coordinates before clamping - x_pixel: 0, y_pixel: 38
2024-12-26 21:01:29,271 - DEBUG - Clamped pixel coordinates - x_pixel: 0, y_pixel: 38
2024-12-26 21:01:29,271 - DEBUG - Converting geo-coordinates to pixel coordinates:
2024-12-26 21:01:29,271 - DEBUG - Inputs - lon: -81.59121822606127, lat: 38.373928645756095, geo_transform: [-81.59131752761778, 3.123142804458531e-06, 0.0, 38.37407370150629, 0.0, -3.123142804458531e-06], image_width: 512, image_height: 512
2024-12-26 21:01:29,271 - DEBUG - Parsed GeoTransform - x_origin: -81.59131752761778, pixel_width: 3.123142804458531e-06, y_origin: 38.37407370150629, pixel_height: -3.123142804458531e-06
2024-12-26 21:01:29,271 - DEBUG - Computed pixel coordinates before clamping - x_pixel: 31, y_pixel: 46
2024-12-26 21:01:29,271 - DEBUG - Clamped pixel coordinates - x_pixel: 31, y_pixel: 46
2024-12-26 21:01:29,272 - DEBUG - Pixel Coordinates: [(31, 46), (52, 112), (0, 108), (0, 38), (31, 46)] ... (showing first 5 for brevity)
2024-12-26 21:01:29,272 - DEBUG - Pixel Bounding Box: x_min=0, x_max=52, y_min=38, y_max=112
2024-12-26 21:01:29,272 - DEBUG - Pixel bounding box: (0, 38, 52, 112)
2024-12-26 21:01:29,272 - DEBUG - Input is a list. Converting to tensor.
2024-12-26 21:01:29,272 - DEBUG - Input Bounding Boxes (Corner Format): tensor([[  0.,  38.,  52., 112.]])
2024-12-26 21:01:29,272 - DEBUG - x_min: 0.0, y_min: 38.0, x_max: 52.0, y_max: 112.0
2024-12-26 21:01:29,272 - DEBUG - Converted Bounding Boxes (Center Format): tensor([[26., 75., 52., 74.]])
2024-12-26 21:01:29,273 - DEBUG - Normalized bounding box (cx, cy, w, h): tensor([[26., 75., 52., 74.]])
2024-12-26 21:01:29,273 - DEBUG - Processed image tensor shape: torch.Size([3, 512, 512])
2024-12-26 21:01:29,274 - DEBUG - Processed bounding box tensor: tensor([[26., 75., 52., 74.]])
2024-12-26 21:01:29,274 - DEBUG - Processing index 3859:
2024-12-26 21:01:29,274 - DEBUG - Image path: ./data/raw/train/PS-RGB_tiled/59_104001001DC7F200_tile_1517.png
2024-12-26 21:01:29,274 - DEBUG - Label path: ./data/raw/train/geojson_aircraft_tiled/59_104001001DC7F200_tile_1517.geojson
2024-12-26 21:01:29,274 - DEBUG - Auxiliary path: ./data/raw/train/PS-RGB_tiled/59_104001001DC7F200_tile_1517.png.aux.xml
2024-12-26 21:01:29,274 - DEBUG - Parsing GeoTransform from: ./data/raw/train/PS-RGB_tiled/59_104001001DC7F200_tile_1517.png.aux.xml
2024-12-26 21:01:29,275 - DEBUG - GeoTransform parsed: [-43.22648028754269, 3.2990628809289426e-06, 0.0, -22.801667063275364, 0.0, -3.2990628809289426e-06]
2024-12-26 21:01:29,275 - DEBUG - Reading GeoJSON from: ./data/raw/train/geojson_aircraft_tiled/59_104001001DC7F200_tile_1517.geojson
2024-12-26 21:01:29,275 - DEBUG - First feature coordinates: [[[-43.22554021959561, -22.801988701041456], [-43.225448907178965, -22.801667063275364], [-43.22517707387391, -22.801667063275364], [-43.22509788390469, -22.8016888405169], [-43.22508297371286, -22.80203177492896], [-43.22554021959561, -22.801988701041456]]]
2024-12-26 21:01:29,275 - DEBUG - Feature properties: {'loc_id': 59, 'cat_id': '104001001DC7F200', 'location': '53, Rua A Bagaceira, Jardim Guanabara, Zona Norte do Rio de Janeiro, Rio de Janeiro, Microrregião Rio de Janeiro, Região Metropolitana do Rio de Janeiro, Rio de Janeiro, Southeast Region, 21940-120, Brazil', 'role': 'Large Civil Transport/Utility', 'role_id': 3, 'is_plane': 1, 'num_engines': 2, 'propulsion': 'jet', 'canards': 'no', 'num_tail_fins': 1, 'wing_position': 'mid/low mounted', 'wing_type': 'swept', 'length': 56.26111378452152, 'wingspan': 59.785817272172906, 'area': 1681.7833591627186, 'faa_wingspan_class': 5, 'Public_Train': 1, 'Public_Test': 0, 'partialDec': 0.9362825283936588, 'truncated': 1, 'new_area': 1574.624375727251}
2024-12-26 21:01:29,275 - DEBUG - GeoJSON Coords: [(-43.22554021959561, -22.801988701041456), (-43.225448907178965, -22.801667063275364), (-43.22517707387391, -22.801667063275364), (-43.22509788390469, -22.8016888405169), (-43.22508297371286, -22.80203177492896), (-43.22554021959561, -22.801988701041456)]
2024-12-26 21:01:29,275 - DEBUG - GeoJSON Features: [56.26111378452152, 59.785817272172906, 1681.7833591627186, 1, 1, 0, 2, 1, 5]
2024-12-26 21:01:29,275 - DEBUG - Parsed GeoTransform: [-43.22648028754269, 3.2990628809289426e-06, 0.0, -22.801667063275364, 0.0, -3.2990628809289426e-06]
2024-12-26 21:01:29,275 - DEBUG - Parsed GeoJSON coordinates: [(-43.22554021959561, -22.801988701041456), (-43.225448907178965, -22.801667063275364), (-43.22517707387391, -22.801667063275364), (-43.22509788390469, -22.8016888405169), (-43.22508297371286, -22.80203177492896), (-43.22554021959561, -22.801988701041456)]
2024-12-26 21:01:29,276 - DEBUG - STREAM b'IHDR' 16 13
2024-12-26 21:01:29,276 - DEBUG - STREAM b'tRNS' 41 6
2024-12-26 21:01:29,276 - DEBUG - STREAM b'IDAT' 59 8192
2024-12-26 21:01:29,286 - DEBUG - Loaded image size: 512x512
2024-12-26 21:01:29,287 - DEBUG - Converting GeoJSON to pixel bounding boxes.
2024-12-26 21:01:29,287 - DEBUG - Input Coordinates: [(-43.22554021959561, -22.801988701041456), (-43.225448907178965, -22.801667063275364), (-43.22517707387391, -22.801667063275364), (-43.22509788390469, -22.8016888405169), (-43.22508297371286, -22.80203177492896)] ... (showing first 5 for brevity)
2024-12-26 21:01:29,287 - DEBUG - GeoTransform: [-43.22648028754269, 3.2990628809289426e-06, 0.0, -22.801667063275364, 0.0, -3.2990628809289426e-06]
2024-12-26 21:01:29,287 - DEBUG - Image Dimensions: width=512, height=512
2024-12-26 21:01:29,287 - DEBUG - Converting geo-coordinates to pixel coordinates:
2024-12-26 21:01:29,287 - DEBUG - Inputs - lon: -43.22554021959561, lat: -22.801988701041456, geo_transform: [-43.22648028754269, 3.2990628809289426e-06, 0.0, -22.801667063275364, 0.0, -3.2990628809289426e-06], image_width: 512, image_height: 512
2024-12-26 21:01:29,287 - DEBUG - Parsed GeoTransform - x_origin: -43.22648028754269, pixel_width: 3.2990628809289426e-06, y_origin: -22.801667063275364, pixel_height: -3.2990628809289426e-06
2024-12-26 21:01:29,287 - DEBUG - Computed pixel coordinates before clamping - x_pixel: 284, y_pixel: 97
2024-12-26 21:01:29,287 - DEBUG - Clamped pixel coordinates - x_pixel: 284, y_pixel: 97
2024-12-26 21:01:29,287 - DEBUG - Converting geo-coordinates to pixel coordinates:
2024-12-26 21:01:29,287 - DEBUG - Inputs - lon: -43.225448907178965, lat: -22.801667063275364, geo_transform: [-43.22648028754269, 3.2990628809289426e-06, 0.0, -22.801667063275364, 0.0, -3.2990628809289426e-06], image_width: 512, image_height: 512
2024-12-26 21:01:29,287 - DEBUG - Parsed GeoTransform - x_origin: -43.22648028754269, pixel_width: 3.2990628809289426e-06, y_origin: -22.801667063275364, pixel_height: -3.2990628809289426e-06
2024-12-26 21:01:29,287 - DEBUG - Computed pixel coordinates before clamping - x_pixel: 312, y_pixel: 0
2024-12-26 21:01:29,287 - DEBUG - Clamped pixel coordinates - x_pixel: 312, y_pixel: 0
2024-12-26 21:01:29,288 - DEBUG - Converting geo-coordinates to pixel coordinates:
2024-12-26 21:01:29,288 - DEBUG - Inputs - lon: -43.22517707387391, lat: -22.801667063275364, geo_transform: [-43.22648028754269, 3.2990628809289426e-06, 0.0, -22.801667063275364, 0.0, -3.2990628809289426e-06], image_width: 512, image_height: 512
2024-12-26 21:01:29,288 - DEBUG - Parsed GeoTransform - x_origin: -43.22648028754269, pixel_width: 3.2990628809289426e-06, y_origin: -22.801667063275364, pixel_height: -3.2990628809289426e-06
2024-12-26 21:01:29,288 - DEBUG - Computed pixel coordinates before clamping - x_pixel: 395, y_pixel: 0
2024-12-26 21:01:29,288 - DEBUG - Clamped pixel coordinates - x_pixel: 395, y_pixel: 0
2024-12-26 21:01:29,288 - DEBUG - Converting geo-coordinates to pixel coordinates:
2024-12-26 21:01:29,288 - DEBUG - Inputs - lon: -43.22509788390469, lat: -22.8016888405169, geo_transform: [-43.22648028754269, 3.2990628809289426e-06, 0.0, -22.801667063275364, 0.0, -3.2990628809289426e-06], image_width: 512, image_height: 512
2024-12-26 21:01:29,288 - DEBUG - Parsed GeoTransform - x_origin: -43.22648028754269, pixel_width: 3.2990628809289426e-06, y_origin: -22.801667063275364, pixel_height: -3.2990628809289426e-06
2024-12-26 21:01:29,288 - DEBUG - Computed pixel coordinates before clamping - x_pixel: 419, y_pixel: 6
2024-12-26 21:01:29,288 - DEBUG - Clamped pixel coordinates - x_pixel: 419, y_pixel: 6
2024-12-26 21:01:29,288 - DEBUG - Converting geo-coordinates to pixel coordinates:
2024-12-26 21:01:29,288 - DEBUG - Inputs - lon: -43.22508297371286, lat: -22.80203177492896, geo_transform: [-43.22648028754269, 3.2990628809289426e-06, 0.0, -22.801667063275364, 0.0, -3.2990628809289426e-06], image_width: 512, image_height: 512
2024-12-26 21:01:29,288 - DEBUG - Parsed GeoTransform - x_origin: -43.22648028754269, pixel_width: 3.2990628809289426e-06, y_origin: -22.801667063275364, pixel_height: -3.2990628809289426e-06
2024-12-26 21:01:29,288 - DEBUG - Computed pixel coordinates before clamping - x_pixel: 423, y_pixel: 110
2024-12-26 21:01:29,288 - DEBUG - Clamped pixel coordinates - x_pixel: 423, y_pixel: 110
2024-12-26 21:01:29,288 - DEBUG - Converting geo-coordinates to pixel coordinates:
2024-12-26 21:01:29,289 - DEBUG - Inputs - lon: -43.22554021959561, lat: -22.801988701041456, geo_transform: [-43.22648028754269, 3.2990628809289426e-06, 0.0, -22.801667063275364, 0.0, -3.2990628809289426e-06], image_width: 512, image_height: 512
2024-12-26 21:01:29,289 - DEBUG - Parsed GeoTransform - x_origin: -43.22648028754269, pixel_width: 3.2990628809289426e-06, y_origin: -22.801667063275364, pixel_height: -3.2990628809289426e-06
2024-12-26 21:01:29,289 - DEBUG - Computed pixel coordinates before clamping - x_pixel: 284, y_pixel: 97
2024-12-26 21:01:29,289 - DEBUG - Clamped pixel coordinates - x_pixel: 284, y_pixel: 97
2024-12-26 21:01:29,289 - DEBUG - Pixel Coordinates: [(284, 97), (312, 0), (395, 0), (419, 6), (423, 110)] ... (showing first 5 for brevity)
2024-12-26 21:01:29,289 - DEBUG - Pixel Bounding Box: x_min=284, x_max=423, y_min=0, y_max=110
2024-12-26 21:01:29,289 - DEBUG - Pixel bounding box: (284, 0, 423, 110)
2024-12-26 21:01:29,289 - DEBUG - Input is a list. Converting to tensor.
2024-12-26 21:01:29,289 - DEBUG - Input Bounding Boxes (Corner Format): tensor([[284.,   0., 423., 110.]])
2024-12-26 21:01:29,289 - DEBUG - x_min: 284.0, y_min: 0.0, x_max: 423.0, y_max: 110.0
2024-12-26 21:01:29,290 - DEBUG - Converted Bounding Boxes (Center Format): tensor([[353.5000,  55.0000, 139.0000, 110.0000]])
2024-12-26 21:01:29,290 - DEBUG - Normalized bounding box (cx, cy, w, h): tensor([[353.5000,  55.0000, 139.0000, 110.0000]])
2024-12-26 21:01:29,291 - DEBUG - Processed image tensor shape: torch.Size([3, 512, 512])
2024-12-26 21:01:29,291 - DEBUG - Processed bounding box tensor: tensor([[353.5000,  55.0000, 139.0000, 110.0000]])
2024-12-26 21:01:29,291 - DEBUG - Processing index 1842:
2024-12-26 21:01:29,291 - DEBUG - Image path: ./data/raw/train/PS-RGB_tiled/23_104001002E8B7900_tile_2340.png
2024-12-26 21:01:29,291 - DEBUG - Label path: ./data/raw/train/geojson_aircraft_tiled/23_104001002E8B7900_tile_2340.geojson
2024-12-26 21:01:29,291 - DEBUG - Auxiliary path: ./data/raw/train/PS-RGB_tiled/23_104001002E8B7900_tile_2340.png.aux.xml
2024-12-26 21:01:29,291 - DEBUG - Parsing GeoTransform from: ./data/raw/train/PS-RGB_tiled/23_104001002E8B7900_tile_2340.png.aux.xml
2024-12-26 21:01:29,292 - DEBUG - GeoTransform parsed: [12.264864841509898, 2.9594497971230977e-06, 0.0, 41.79629915476529, 0.0, -2.9594497971230977e-06]
2024-12-26 21:01:29,292 - DEBUG - Reading GeoJSON from: ./data/raw/train/geojson_aircraft_tiled/23_104001002E8B7900_tile_2340.geojson
2024-12-26 21:01:29,292 - DEBUG - First feature coordinates: [[[12.264864841509898, 41.79565426164339], [12.265110885703937, 41.795601725516555], [12.26500348854203, 41.79540125081432], [12.264864841509898, 41.79540533960079], [12.264864841509898, 41.79565426164339]]]
2024-12-26 21:01:29,292 - DEBUG - Feature properties: {'loc_id': 23, 'cat_id': '104001002E8B7900', 'location': 'Viale di Porto, Focene, Fiumicino, RM, Lazio, 00054, Italy', 'role': 'Medium Civil Transport/Utility', 'role_id': 2, 'is_plane': 1, 'num_engines': 2, 'propulsion': 'jet', 'canards': 'no', 'num_tail_fins': 1, 'wing_position': 'mid/low mounted', 'wing_type': 'swept', 'length': 45.760250783694374, 'wingspan': 32.713735002503874, 'area': 748.4926241894739, 'faa_wingspan_class': 3, 'Public_Train': 1, 'Public_Test': 0, 'partialDec': 0.5520645672868747, 'truncated': 1, 'new_area': 413.2162566905792}
2024-12-26 21:01:29,292 - DEBUG - GeoJSON Coords: [(12.264864841509898, 41.79565426164339), (12.265110885703937, 41.795601725516555), (12.26500348854203, 41.79540125081432), (12.264864841509898, 41.79540533960079), (12.264864841509898, 41.79565426164339)]
2024-12-26 21:01:29,293 - DEBUG - GeoJSON Features: [45.760250783694374, 32.713735002503874, 748.4926241894739, 1, 1, 0, 2, 1, 3]
2024-12-26 21:01:29,293 - DEBUG - Parsed GeoTransform: [12.264864841509898, 2.9594497971230977e-06, 0.0, 41.79629915476529, 0.0, -2.9594497971230977e-06]
2024-12-26 21:01:29,293 - DEBUG - Parsed GeoJSON coordinates: [(12.264864841509898, 41.79565426164339), (12.265110885703937, 41.795601725516555), (12.26500348854203, 41.79540125081432), (12.264864841509898, 41.79540533960079), (12.264864841509898, 41.79565426164339)]
2024-12-26 21:01:29,293 - DEBUG - STREAM b'IHDR' 16 13
2024-12-26 21:01:29,293 - DEBUG - STREAM b'tRNS' 41 6
2024-12-26 21:01:29,293 - DEBUG - STREAM b'IDAT' 59 8192
2024-12-26 21:01:29,304 - DEBUG - Loaded image size: 512x512
2024-12-26 21:01:29,304 - DEBUG - Converting GeoJSON to pixel bounding boxes.
2024-12-26 21:01:29,304 - DEBUG - Input Coordinates: [(12.264864841509898, 41.79565426164339), (12.265110885703937, 41.795601725516555), (12.26500348854203, 41.79540125081432), (12.264864841509898, 41.79540533960079), (12.264864841509898, 41.79565426164339)] ... (showing first 5 for brevity)
2024-12-26 21:01:29,304 - DEBUG - GeoTransform: [12.264864841509898, 2.9594497971230977e-06, 0.0, 41.79629915476529, 0.0, -2.9594497971230977e-06]
2024-12-26 21:01:29,304 - DEBUG - Image Dimensions: width=512, height=512
2024-12-26 21:01:29,304 - DEBUG - Converting geo-coordinates to pixel coordinates:
2024-12-26 21:01:29,304 - DEBUG - Inputs - lon: 12.264864841509898, lat: 41.79565426164339, geo_transform: [12.264864841509898, 2.9594497971230977e-06, 0.0, 41.79629915476529, 0.0, -2.9594497971230977e-06], image_width: 512, image_height: 512
2024-12-26 21:01:29,304 - DEBUG - Parsed GeoTransform - x_origin: 12.264864841509898, pixel_width: 2.9594497971230977e-06, y_origin: 41.79629915476529, pixel_height: -2.9594497971230977e-06
2024-12-26 21:01:29,304 - DEBUG - Computed pixel coordinates before clamping - x_pixel: 0, y_pixel: 217
2024-12-26 21:01:29,304 - DEBUG - Clamped pixel coordinates - x_pixel: 0, y_pixel: 217
2024-12-26 21:01:29,304 - DEBUG - Converting geo-coordinates to pixel coordinates:
2024-12-26 21:01:29,304 - DEBUG - Inputs - lon: 12.265110885703937, lat: 41.795601725516555, geo_transform: [12.264864841509898, 2.9594497971230977e-06, 0.0, 41.79629915476529, 0.0, -2.9594497971230977e-06], image_width: 512, image_height: 512
2024-12-26 21:01:29,304 - DEBUG - Parsed GeoTransform - x_origin: 12.264864841509898, pixel_width: 2.9594497971230977e-06, y_origin: 41.79629915476529, pixel_height: -2.9594497971230977e-06
2024-12-26 21:01:29,305 - DEBUG - Computed pixel coordinates before clamping - x_pixel: 83, y_pixel: 235
2024-12-26 21:01:29,305 - DEBUG - Clamped pixel coordinates - x_pixel: 83, y_pixel: 235
2024-12-26 21:01:29,305 - DEBUG - Converting geo-coordinates to pixel coordinates:
2024-12-26 21:01:29,305 - DEBUG - Inputs - lon: 12.26500348854203, lat: 41.79540125081432, geo_transform: [12.264864841509898, 2.9594497971230977e-06, 0.0, 41.79629915476529, 0.0, -2.9594497971230977e-06], image_width: 512, image_height: 512
2024-12-26 21:01:29,305 - DEBUG - Parsed GeoTransform - x_origin: 12.264864841509898, pixel_width: 2.9594497971230977e-06, y_origin: 41.79629915476529, pixel_height: -2.9594497971230977e-06
2024-12-26 21:01:29,305 - DEBUG - Computed pixel coordinates before clamping - x_pixel: 46, y_pixel: 303
2024-12-26 21:01:29,305 - DEBUG - Clamped pixel coordinates - x_pixel: 46, y_pixel: 303
2024-12-26 21:01:29,305 - DEBUG - Converting geo-coordinates to pixel coordinates:
2024-12-26 21:01:29,305 - DEBUG - Inputs - lon: 12.264864841509898, lat: 41.79540533960079, geo_transform: [12.264864841509898, 2.9594497971230977e-06, 0.0, 41.79629915476529, 0.0, -2.9594497971230977e-06], image_width: 512, image_height: 512
2024-12-26 21:01:29,305 - DEBUG - Parsed GeoTransform - x_origin: 12.264864841509898, pixel_width: 2.9594497971230977e-06, y_origin: 41.79629915476529, pixel_height: -2.9594497971230977e-06
2024-12-26 21:01:29,305 - DEBUG - Computed pixel coordinates before clamping - x_pixel: 0, y_pixel: 302
2024-12-26 21:01:29,305 - DEBUG - Clamped pixel coordinates - x_pixel: 0, y_pixel: 302
2024-12-26 21:01:29,305 - DEBUG - Converting geo-coordinates to pixel coordinates:
2024-12-26 21:01:29,305 - DEBUG - Inputs - lon: 12.264864841509898, lat: 41.79565426164339, geo_transform: [12.264864841509898, 2.9594497971230977e-06, 0.0, 41.79629915476529, 0.0, -2.9594497971230977e-06], image_width: 512, image_height: 512
2024-12-26 21:01:29,305 - DEBUG - Parsed GeoTransform - x_origin: 12.264864841509898, pixel_width: 2.9594497971230977e-06, y_origin: 41.79629915476529, pixel_height: -2.9594497971230977e-06
2024-12-26 21:01:29,306 - DEBUG - Computed pixel coordinates before clamping - x_pixel: 0, y_pixel: 217
2024-12-26 21:01:29,306 - DEBUG - Clamped pixel coordinates - x_pixel: 0, y_pixel: 217
2024-12-26 21:01:29,306 - DEBUG - Pixel Coordinates: [(0, 217), (83, 235), (46, 303), (0, 302), (0, 217)] ... (showing first 5 for brevity)
2024-12-26 21:01:29,306 - DEBUG - Pixel Bounding Box: x_min=0, x_max=83, y_min=217, y_max=303
2024-12-26 21:01:29,306 - DEBUG - Pixel bounding box: (0, 217, 83, 303)
2024-12-26 21:01:29,306 - DEBUG - Input is a list. Converting to tensor.
2024-12-26 21:01:29,306 - DEBUG - Input Bounding Boxes (Corner Format): tensor([[  0., 217.,  83., 303.]])
2024-12-26 21:01:29,306 - DEBUG - x_min: 0.0, y_min: 217.0, x_max: 83.0, y_max: 303.0
2024-12-26 21:01:29,307 - DEBUG - Converted Bounding Boxes (Center Format): tensor([[ 41.5000, 260.0000,  83.0000,  86.0000]])
2024-12-26 21:01:29,307 - DEBUG - Normalized bounding box (cx, cy, w, h): tensor([[ 41.5000, 260.0000,  83.0000,  86.0000]])
2024-12-26 21:01:29,308 - DEBUG - Processed image tensor shape: torch.Size([3, 512, 512])
2024-12-26 21:01:29,308 - DEBUG - Processed bounding box tensor: tensor([[ 41.5000, 260.0000,  83.0000,  86.0000]])
2024-12-26 21:01:29,308 - DEBUG - Processing index 5769:
2024-12-26 21:01:29,308 - DEBUG - Image path: ./data/raw/train/PS-RGB_tiled/9_10400100310B0100_tile_141.png
2024-12-26 21:01:29,308 - DEBUG - Label path: ./data/raw/train/geojson_aircraft_tiled/9_10400100310B0100_tile_141.geojson
2024-12-26 21:01:29,308 - DEBUG - Auxiliary path: ./data/raw/train/PS-RGB_tiled/9_10400100310B0100_tile_141.png.aux.xml
2024-12-26 21:01:29,308 - DEBUG - Parsing GeoTransform from: ./data/raw/train/PS-RGB_tiled/9_10400100310B0100_tile_141.png.aux.xml
2024-12-26 21:01:29,309 - DEBUG - GeoTransform parsed: [2.1109351213457614, 3.364190739027608e-06, 0.0, 48.75029431921655, 0.0, -3.364190739027608e-06]
2024-12-26 21:01:29,309 - DEBUG - Reading GeoJSON from: ./data/raw/train/geojson_aircraft_tiled/9_10400100310B0100_tile_141.geojson
2024-12-26 21:01:29,309 - DEBUG - First feature coordinates: [[[2.110935121345761, 48.74980229515743], [2.111027982862911, 48.74978086557655], [2.110970425251327, 48.74970264625824], [2.110935121345761, 48.749718738271014], [2.110935121345761, 48.74980229515743]]]
2024-12-26 21:01:29,309 - DEBUG - Feature properties: {'loc_id': 9, 'cat_id': '10400100310B0100', 'location': 'Aérodrome de Toussus-le-Noble, Rue Robert Esnault-Pelterie, Ferme du Trou Salé, Toussus-le-Noble, Versailles, Yvelines, Ile-de-France, Metropolitan France, 78117, France', 'role': 'Small Civil Transport/Utility', 'role_id': 1, 'is_plane': 1, 'num_engines': 2, 'propulsion': 'propeller', 'canards': 'no', 'num_tail_fins': 1, 'wing_position': 'mid/low mounted', 'wing_type': 'straight', 'length': 11.507378458441735, 'wingspan': 12.46125400025746, 'area': 71.67862335704547, 'faa_wingspan_class': 1, 'Public_Train': 1, 'Public_Test': 0, 'partialDec': 0.6525283138461622, 'truncated': 1, 'new_area': 46.77233123798702}
2024-12-26 21:01:29,309 - DEBUG - GeoJSON Coords: [(2.110935121345761, 48.74980229515743), (2.111027982862911, 48.74978086557655), (2.110970425251327, 48.74970264625824), (2.110935121345761, 48.749718738271014), (2.110935121345761, 48.74980229515743)]
2024-12-26 21:01:29,309 - DEBUG - GeoJSON Features: [11.507378458441735, 12.46125400025746, 71.67862335704547, 0, 1, 0, 2, 1, 1]
2024-12-26 21:01:29,310 - DEBUG - Parsed GeoTransform: [2.1109351213457614, 3.364190739027608e-06, 0.0, 48.75029431921655, 0.0, -3.364190739027608e-06]
2024-12-26 21:01:29,310 - DEBUG - Parsed GeoJSON coordinates: [(2.110935121345761, 48.74980229515743), (2.111027982862911, 48.74978086557655), (2.110970425251327, 48.74970264625824), (2.110935121345761, 48.749718738271014), (2.110935121345761, 48.74980229515743)]
2024-12-26 21:01:29,310 - DEBUG - STREAM b'IHDR' 16 13
2024-12-26 21:01:29,310 - DEBUG - STREAM b'tRNS' 41 6
2024-12-26 21:01:29,310 - DEBUG - STREAM b'IDAT' 59 8192
2024-12-26 21:01:29,320 - DEBUG - Loaded image size: 512x512
2024-12-26 21:01:29,320 - DEBUG - Converting GeoJSON to pixel bounding boxes.
2024-12-26 21:01:29,321 - DEBUG - Input Coordinates: [(2.110935121345761, 48.74980229515743), (2.111027982862911, 48.74978086557655), (2.110970425251327, 48.74970264625824), (2.110935121345761, 48.749718738271014), (2.110935121345761, 48.74980229515743)] ... (showing first 5 for brevity)
2024-12-26 21:01:29,321 - DEBUG - GeoTransform: [2.1109351213457614, 3.364190739027608e-06, 0.0, 48.75029431921655, 0.0, -3.364190739027608e-06]
2024-12-26 21:01:29,321 - DEBUG - Image Dimensions: width=512, height=512
2024-12-26 21:01:29,321 - DEBUG - Converting geo-coordinates to pixel coordinates:
2024-12-26 21:01:29,321 - DEBUG - Inputs - lon: 2.110935121345761, lat: 48.74980229515743, geo_transform: [2.1109351213457614, 3.364190739027608e-06, 0.0, 48.75029431921655, 0.0, -3.364190739027608e-06], image_width: 512, image_height: 512
2024-12-26 21:01:29,321 - DEBUG - Parsed GeoTransform - x_origin: 2.1109351213457614, pixel_width: 3.364190739027608e-06, y_origin: 48.75029431921655, pixel_height: -3.364190739027608e-06
2024-12-26 21:01:29,321 - DEBUG - Computed pixel coordinates before clamping - x_pixel: 0, y_pixel: 146
2024-12-26 21:01:29,321 - DEBUG - Clamped pixel coordinates - x_pixel: 0, y_pixel: 146
2024-12-26 21:01:29,321 - DEBUG - Converting geo-coordinates to pixel coordinates:
2024-12-26 21:01:29,321 - DEBUG - Inputs - lon: 2.111027982862911, lat: 48.74978086557655, geo_transform: [2.1109351213457614, 3.364190739027608e-06, 0.0, 48.75029431921655, 0.0, -3.364190739027608e-06], image_width: 512, image_height: 512
2024-12-26 21:01:29,321 - DEBUG - Parsed GeoTransform - x_origin: 2.1109351213457614, pixel_width: 3.364190739027608e-06, y_origin: 48.75029431921655, pixel_height: -3.364190739027608e-06
2024-12-26 21:01:29,321 - DEBUG - Computed pixel coordinates before clamping - x_pixel: 27, y_pixel: 152
2024-12-26 21:01:29,321 - DEBUG - Clamped pixel coordinates - x_pixel: 27, y_pixel: 152
2024-12-26 21:01:29,321 - DEBUG - Converting geo-coordinates to pixel coordinates:
2024-12-26 21:01:29,321 - DEBUG - Inputs - lon: 2.110970425251327, lat: 48.74970264625824, geo_transform: [2.1109351213457614, 3.364190739027608e-06, 0.0, 48.75029431921655, 0.0, -3.364190739027608e-06], image_width: 512, image_height: 512
2024-12-26 21:01:29,322 - DEBUG - Parsed GeoTransform - x_origin: 2.1109351213457614, pixel_width: 3.364190739027608e-06, y_origin: 48.75029431921655, pixel_height: -3.364190739027608e-06
2024-12-26 21:01:29,322 - DEBUG - Computed pixel coordinates before clamping - x_pixel: 10, y_pixel: 175
2024-12-26 21:01:29,322 - DEBUG - Clamped pixel coordinates - x_pixel: 10, y_pixel: 175
2024-12-26 21:01:29,322 - DEBUG - Converting geo-coordinates to pixel coordinates:
2024-12-26 21:01:29,322 - DEBUG - Inputs - lon: 2.110935121345761, lat: 48.749718738271014, geo_transform: [2.1109351213457614, 3.364190739027608e-06, 0.0, 48.75029431921655, 0.0, -3.364190739027608e-06], image_width: 512, image_height: 512
2024-12-26 21:01:29,322 - DEBUG - Parsed GeoTransform - x_origin: 2.1109351213457614, pixel_width: 3.364190739027608e-06, y_origin: 48.75029431921655, pixel_height: -3.364190739027608e-06
2024-12-26 21:01:29,322 - DEBUG - Computed pixel coordinates before clamping - x_pixel: 0, y_pixel: 171
2024-12-26 21:01:29,322 - DEBUG - Clamped pixel coordinates - x_pixel: 0, y_pixel: 171
2024-12-26 21:01:29,322 - DEBUG - Converting geo-coordinates to pixel coordinates:
2024-12-26 21:01:29,322 - DEBUG - Inputs - lon: 2.110935121345761, lat: 48.74980229515743, geo_transform: [2.1109351213457614, 3.364190739027608e-06, 0.0, 48.75029431921655, 0.0, -3.364190739027608e-06], image_width: 512, image_height: 512
2024-12-26 21:01:29,322 - DEBUG - Parsed GeoTransform - x_origin: 2.1109351213457614, pixel_width: 3.364190739027608e-06, y_origin: 48.75029431921655, pixel_height: -3.364190739027608e-06
2024-12-26 21:01:29,322 - DEBUG - Computed pixel coordinates before clamping - x_pixel: 0, y_pixel: 146
2024-12-26 21:01:29,322 - DEBUG - Clamped pixel coordinates - x_pixel: 0, y_pixel: 146
2024-12-26 21:01:29,322 - DEBUG - Pixel Coordinates: [(0, 146), (27, 152), (10, 175), (0, 171), (0, 146)] ... (showing first 5 for brevity)
2024-12-26 21:01:29,322 - DEBUG - Pixel Bounding Box: x_min=0, x_max=27, y_min=146, y_max=175
2024-12-26 21:01:29,323 - DEBUG - Pixel bounding box: (0, 146, 27, 175)
2024-12-26 21:01:29,323 - DEBUG - Input is a list. Converting to tensor.
2024-12-26 21:01:29,323 - DEBUG - Input Bounding Boxes (Corner Format): tensor([[  0., 146.,  27., 175.]])
2024-12-26 21:01:29,323 - DEBUG - x_min: 0.0, y_min: 146.0, x_max: 27.0, y_max: 175.0
2024-12-26 21:01:29,323 - DEBUG - Converted Bounding Boxes (Center Format): tensor([[ 13.5000, 160.5000,  27.0000,  29.0000]])
2024-12-26 21:01:29,323 - DEBUG - Normalized bounding box (cx, cy, w, h): tensor([[ 13.5000, 160.5000,  27.0000,  29.0000]])
2024-12-26 21:01:29,324 - DEBUG - Processed image tensor shape: torch.Size([3, 512, 512])
2024-12-26 21:01:29,324 - DEBUG - Processed bounding box tensor: tensor([[ 13.5000, 160.5000,  27.0000,  29.0000]])
2024-12-26 21:01:29,325 - DEBUG - Processing index 4774:
2024-12-26 21:01:29,325 - DEBUG - Image path: ./data/raw/train/PS-RGB_tiled/86_1040010043890900_tile_231.png
2024-12-26 21:01:29,325 - DEBUG - Label path: ./data/raw/train/geojson_aircraft_tiled/86_1040010043890900_tile_231.geojson
2024-12-26 21:01:29,325 - DEBUG - Auxiliary path: ./data/raw/train/PS-RGB_tiled/86_1040010043890900_tile_231.png.aux.xml
2024-12-26 21:01:29,325 - DEBUG - Parsing GeoTransform from: ./data/raw/train/PS-RGB_tiled/86_1040010043890900_tile_231.png.aux.xml
2024-12-26 21:01:29,325 - DEBUG - GeoTransform parsed: [-80.09236132597097, 2.9824067432768117e-06, 0.0, 26.6869710369775, 0.0, -2.9824067432768117e-06]
2024-12-26 21:01:29,325 - DEBUG - Reading GeoJSON from: ./data/raw/train/geojson_aircraft_tiled/86_1040010043890900_tile_231.geojson
2024-12-26 21:01:29,326 - DEBUG - First feature coordinates: [[[-80.09222639288456, 26.685938379013347], [-80.09215156154703, 26.686130374845053], [-80.09197410437518, 26.686136361352055], [-80.09200147126433, 26.685974725663], [-80.09222639288456, 26.685938379013347]]]
2024-12-26 21:01:29,326 - DEBUG - Feature properties: {'loc_id': 86, 'cat_id': '1040010043890900', 'location': 'Palm Beach International Airport, Arrivals, West Gate, Palm Beach County, Florida, 33406-1507, USA', 'role': 'Medium Civil Transport/Utility', 'role_id': 2, 'is_plane': 1, 'num_engines': 2, 'propulsion': 'jet', 'canards': 'no', 'num_tail_fins': 1, 'wing_position': 'mid/low mounted', 'wing_type': 'swept', 'length': 33.33232604342355, 'wingspan': 22.809144570896173, 'area': 380.13755364926953, 'faa_wingspan_class': 2, 'Public_Train': 1, 'Public_Test': 0, 'partialDec': 1.0, 'truncated': 0, 'new_area': 380.13755364926953}
2024-12-26 21:01:29,326 - DEBUG - GeoJSON Coords: [(-80.09222639288456, 26.685938379013347), (-80.09215156154703, 26.686130374845053), (-80.09197410437518, 26.686136361352055), (-80.09200147126433, 26.685974725663), (-80.09222639288456, 26.685938379013347)]
2024-12-26 21:01:29,326 - DEBUG - GeoJSON Features: [33.33232604342355, 22.809144570896173, 380.13755364926953, 1, 1, 0, 2, 1, 2]
2024-12-26 21:01:29,326 - DEBUG - Parsed GeoTransform: [-80.09236132597097, 2.9824067432768117e-06, 0.0, 26.6869710369775, 0.0, -2.9824067432768117e-06]
2024-12-26 21:01:29,326 - DEBUG - Parsed GeoJSON coordinates: [(-80.09222639288456, 26.685938379013347), (-80.09215156154703, 26.686130374845053), (-80.09197410437518, 26.686136361352055), (-80.09200147126433, 26.685974725663), (-80.09222639288456, 26.685938379013347)]
2024-12-26 21:01:29,327 - DEBUG - STREAM b'IHDR' 16 13
2024-12-26 21:01:29,327 - DEBUG - STREAM b'tRNS' 41 6
2024-12-26 21:01:29,327 - DEBUG - STREAM b'IDAT' 59 8192
2024-12-26 21:01:29,336 - DEBUG - Loaded image size: 512x512
2024-12-26 21:01:29,336 - DEBUG - Converting GeoJSON to pixel bounding boxes.
2024-12-26 21:01:29,336 - DEBUG - Input Coordinates: [(-80.09222639288456, 26.685938379013347), (-80.09215156154703, 26.686130374845053), (-80.09197410437518, 26.686136361352055), (-80.09200147126433, 26.685974725663), (-80.09222639288456, 26.685938379013347)] ... (showing first 5 for brevity)
2024-12-26 21:01:29,336 - DEBUG - GeoTransform: [-80.09236132597097, 2.9824067432768117e-06, 0.0, 26.6869710369775, 0.0, -2.9824067432768117e-06]
2024-12-26 21:01:29,336 - DEBUG - Image Dimensions: width=512, height=512
2024-12-26 21:01:29,336 - DEBUG - Converting geo-coordinates to pixel coordinates:
2024-12-26 21:01:29,336 - DEBUG - Inputs - lon: -80.09222639288456, lat: 26.685938379013347, geo_transform: [-80.09236132597097, 2.9824067432768117e-06, 0.0, 26.6869710369775, 0.0, -2.9824067432768117e-06], image_width: 512, image_height: 512
2024-12-26 21:01:29,336 - DEBUG - Parsed GeoTransform - x_origin: -80.09236132597097, pixel_width: 2.9824067432768117e-06, y_origin: 26.6869710369775, pixel_height: -2.9824067432768117e-06
2024-12-26 21:01:29,337 - DEBUG - Computed pixel coordinates before clamping - x_pixel: 45, y_pixel: 346
2024-12-26 21:01:29,337 - DEBUG - Clamped pixel coordinates - x_pixel: 45, y_pixel: 346
2024-12-26 21:01:29,337 - DEBUG - Converting geo-coordinates to pixel coordinates:
2024-12-26 21:01:29,337 - DEBUG - Inputs - lon: -80.09215156154703, lat: 26.686130374845053, geo_transform: [-80.09236132597097, 2.9824067432768117e-06, 0.0, 26.6869710369775, 0.0, -2.9824067432768117e-06], image_width: 512, image_height: 512
2024-12-26 21:01:29,337 - DEBUG - Parsed GeoTransform - x_origin: -80.09236132597097, pixel_width: 2.9824067432768117e-06, y_origin: 26.6869710369775, pixel_height: -2.9824067432768117e-06
2024-12-26 21:01:29,337 - DEBUG - Computed pixel coordinates before clamping - x_pixel: 70, y_pixel: 281
2024-12-26 21:01:29,337 - DEBUG - Clamped pixel coordinates - x_pixel: 70, y_pixel: 281
2024-12-26 21:01:29,337 - DEBUG - Converting geo-coordinates to pixel coordinates:
2024-12-26 21:01:29,337 - DEBUG - Inputs - lon: -80.09197410437518, lat: 26.686136361352055, geo_transform: [-80.09236132597097, 2.9824067432768117e-06, 0.0, 26.6869710369775, 0.0, -2.9824067432768117e-06], image_width: 512, image_height: 512
2024-12-26 21:01:29,337 - DEBUG - Parsed GeoTransform - x_origin: -80.09236132597097, pixel_width: 2.9824067432768117e-06, y_origin: 26.6869710369775, pixel_height: -2.9824067432768117e-06
2024-12-26 21:01:29,337 - DEBUG - Computed pixel coordinates before clamping - x_pixel: 129, y_pixel: 279
2024-12-26 21:01:29,337 - DEBUG - Clamped pixel coordinates - x_pixel: 129, y_pixel: 279
2024-12-26 21:01:29,337 - DEBUG - Converting geo-coordinates to pixel coordinates:
2024-12-26 21:01:29,337 - DEBUG - Inputs - lon: -80.09200147126433, lat: 26.685974725663, geo_transform: [-80.09236132597097, 2.9824067432768117e-06, 0.0, 26.6869710369775, 0.0, -2.9824067432768117e-06], image_width: 512, image_height: 512
2024-12-26 21:01:29,338 - DEBUG - Parsed GeoTransform - x_origin: -80.09236132597097, pixel_width: 2.9824067432768117e-06, y_origin: 26.6869710369775, pixel_height: -2.9824067432768117e-06
2024-12-26 21:01:29,338 - DEBUG - Computed pixel coordinates before clamping - x_pixel: 120, y_pixel: 334
2024-12-26 21:01:29,338 - DEBUG - Clamped pixel coordinates - x_pixel: 120, y_pixel: 334
2024-12-26 21:01:29,338 - DEBUG - Converting geo-coordinates to pixel coordinates:
2024-12-26 21:01:29,338 - DEBUG - Inputs - lon: -80.09222639288456, lat: 26.685938379013347, geo_transform: [-80.09236132597097, 2.9824067432768117e-06, 0.0, 26.6869710369775, 0.0, -2.9824067432768117e-06], image_width: 512, image_height: 512
2024-12-26 21:01:29,338 - DEBUG - Parsed GeoTransform - x_origin: -80.09236132597097, pixel_width: 2.9824067432768117e-06, y_origin: 26.6869710369775, pixel_height: -2.9824067432768117e-06
2024-12-26 21:01:29,338 - DEBUG - Computed pixel coordinates before clamping - x_pixel: 45, y_pixel: 346
2024-12-26 21:01:29,338 - DEBUG - Clamped pixel coordinates - x_pixel: 45, y_pixel: 346
2024-12-26 21:01:29,338 - DEBUG - Pixel Coordinates: [(45, 346), (70, 281), (129, 279), (120, 334), (45, 346)] ... (showing first 5 for brevity)
2024-12-26 21:01:29,338 - DEBUG - Pixel Bounding Box: x_min=45, x_max=129, y_min=279, y_max=346
2024-12-26 21:01:29,338 - DEBUG - Pixel bounding box: (45, 279, 129, 346)
2024-12-26 21:01:29,338 - DEBUG - Input is a list. Converting to tensor.
2024-12-26 21:01:29,339 - DEBUG - Input Bounding Boxes (Corner Format): tensor([[ 45., 279., 129., 346.]])
2024-12-26 21:01:29,339 - DEBUG - x_min: 45.0, y_min: 279.0, x_max: 129.0, y_max: 346.0
2024-12-26 21:01:29,339 - DEBUG - Converted Bounding Boxes (Center Format): tensor([[ 87.0000, 312.5000,  84.0000,  67.0000]])
2024-12-26 21:01:29,339 - DEBUG - Normalized bounding box (cx, cy, w, h): tensor([[ 87.0000, 312.5000,  84.0000,  67.0000]])
2024-12-26 21:01:29,340 - DEBUG - Processed image tensor shape: torch.Size([3, 512, 512])
2024-12-26 21:01:29,340 - DEBUG - Processed bounding box tensor: tensor([[ 87.0000, 312.5000,  84.0000,  67.0000]])
2024-12-26 21:01:29,340 - DEBUG - Processing index 4443:
2024-12-26 21:01:29,340 - DEBUG - Image path: ./data/raw/train/PS-RGB_tiled/84_10400100290F5300_tile_27.png
2024-12-26 21:01:29,341 - DEBUG - Label path: ./data/raw/train/geojson_aircraft_tiled/84_10400100290F5300_tile_27.geojson
2024-12-26 21:01:29,341 - DEBUG - Auxiliary path: ./data/raw/train/PS-RGB_tiled/84_10400100290F5300_tile_27.png.aux.xml
2024-12-26 21:01:29,341 - DEBUG - Parsing GeoTransform from: ./data/raw/train/PS-RGB_tiled/84_10400100290F5300_tile_27.png.aux.xml
2024-12-26 21:01:29,341 - DEBUG - GeoTransform parsed: [-80.16494991499067, 3.443814139214196e-06, 0.0, 26.081201760156357, 0.0, -3.443814139214196e-06]
2024-12-26 21:01:29,341 - DEBUG - Reading GeoJSON from: ./data/raw/train/geojson_aircraft_tiled/84_10400100290F5300_tile_27.geojson
2024-12-26 21:01:29,342 - DEBUG - First feature coordinates: [[[-80.16394341788816, 26.07943852731708], [-80.16396907605792, 26.079573111679256], [-80.16367662484195, 26.079604558046565], [-80.16358590248049, 26.07943852731708], [-80.16394341788816, 26.07943852731708]]]
2024-12-26 21:01:29,342 - DEBUG - Feature properties: {'loc_id': 84, 'cat_id': '10400100290F5300', 'location': 'Fort Lauderdale-Hollywood International Airport, 100, Terminal Drive, Dania Beach, Port Laudania, Broward County, Florida, 33315, USA', 'role': 'Large Civil Transport/Utility', 'role_id': 3, 'is_plane': 1, 'num_engines': 2, 'propulsion': 'jet', 'canards': 'no', 'num_tail_fins': 1, 'wing_position': 'mid/low mounted', 'wing_type': 'swept', 'length': 47.87296850762605, 'wingspan': 47.96271048586871, 'area': 1148.0511788130082, 'faa_wingspan_class': 4, 'Public_Train': 1, 'Public_Test': 0, 'partialDec': 0.4801568734965039, 'truncated': 1, 'new_area': 551.2446646328298}
2024-12-26 21:01:29,342 - DEBUG - GeoJSON Coords: [(-80.16394341788816, 26.07943852731708), (-80.16396907605792, 26.079573111679256), (-80.16367662484195, 26.079604558046565), (-80.16358590248049, 26.07943852731708), (-80.16394341788816, 26.07943852731708)]
2024-12-26 21:01:29,342 - DEBUG - GeoJSON Features: [47.87296850762605, 47.96271048586871, 1148.0511788130082, 1, 1, 0, 2, 1, 4]
2024-12-26 21:01:29,342 - DEBUG - Parsed GeoTransform: [-80.16494991499067, 3.443814139214196e-06, 0.0, 26.081201760156357, 0.0, -3.443814139214196e-06]
2024-12-26 21:01:29,342 - DEBUG - Parsed GeoJSON coordinates: [(-80.16394341788816, 26.07943852731708), (-80.16396907605792, 26.079573111679256), (-80.16367662484195, 26.079604558046565), (-80.16358590248049, 26.07943852731708), (-80.16394341788816, 26.07943852731708)]
2024-12-26 21:01:29,343 - DEBUG - STREAM b'IHDR' 16 13
2024-12-26 21:01:29,343 - DEBUG - STREAM b'tRNS' 41 6
2024-12-26 21:01:29,343 - DEBUG - STREAM b'IDAT' 59 8192
2024-12-26 21:01:29,352 - DEBUG - Loaded image size: 512x512
2024-12-26 21:01:29,352 - DEBUG - Converting GeoJSON to pixel bounding boxes.
2024-12-26 21:01:29,352 - DEBUG - Input Coordinates: [(-80.16394341788816, 26.07943852731708), (-80.16396907605792, 26.079573111679256), (-80.16367662484195, 26.079604558046565), (-80.16358590248049, 26.07943852731708), (-80.16394341788816, 26.07943852731708)] ... (showing first 5 for brevity)
2024-12-26 21:01:29,352 - DEBUG - GeoTransform: [-80.16494991499067, 3.443814139214196e-06, 0.0, 26.081201760156357, 0.0, -3.443814139214196e-06]
2024-12-26 21:01:29,353 - DEBUG - Image Dimensions: width=512, height=512
2024-12-26 21:01:29,353 - DEBUG - Converting geo-coordinates to pixel coordinates:
2024-12-26 21:01:29,353 - DEBUG - Inputs - lon: -80.16394341788816, lat: 26.07943852731708, geo_transform: [-80.16494991499067, 3.443814139214196e-06, 0.0, 26.081201760156357, 0.0, -3.443814139214196e-06], image_width: 512, image_height: 512
2024-12-26 21:01:29,353 - DEBUG - Parsed GeoTransform - x_origin: -80.16494991499067, pixel_width: 3.443814139214196e-06, y_origin: 26.081201760156357, pixel_height: -3.443814139214196e-06
2024-12-26 21:01:29,353 - DEBUG - Computed pixel coordinates before clamping - x_pixel: 292, y_pixel: 511
2024-12-26 21:01:29,353 - DEBUG - Clamped pixel coordinates - x_pixel: 292, y_pixel: 511
2024-12-26 21:01:29,353 - DEBUG - Converting geo-coordinates to pixel coordinates:
2024-12-26 21:01:29,353 - DEBUG - Inputs - lon: -80.16396907605792, lat: 26.079573111679256, geo_transform: [-80.16494991499067, 3.443814139214196e-06, 0.0, 26.081201760156357, 0.0, -3.443814139214196e-06], image_width: 512, image_height: 512
2024-12-26 21:01:29,353 - DEBUG - Parsed GeoTransform - x_origin: -80.16494991499067, pixel_width: 3.443814139214196e-06, y_origin: 26.081201760156357, pixel_height: -3.443814139214196e-06
2024-12-26 21:01:29,353 - DEBUG - Computed pixel coordinates before clamping - x_pixel: 284, y_pixel: 472
2024-12-26 21:01:29,353 - DEBUG - Clamped pixel coordinates - x_pixel: 284, y_pixel: 472
2024-12-26 21:01:29,353 - DEBUG - Converting geo-coordinates to pixel coordinates:
2024-12-26 21:01:29,353 - DEBUG - Inputs - lon: -80.16367662484195, lat: 26.079604558046565, geo_transform: [-80.16494991499067, 3.443814139214196e-06, 0.0, 26.081201760156357, 0.0, -3.443814139214196e-06], image_width: 512, image_height: 512
2024-12-26 21:01:29,353 - DEBUG - Parsed GeoTransform - x_origin: -80.16494991499067, pixel_width: 3.443814139214196e-06, y_origin: 26.081201760156357, pixel_height: -3.443814139214196e-06
2024-12-26 21:01:29,354 - DEBUG - Computed pixel coordinates before clamping - x_pixel: 369, y_pixel: 463
2024-12-26 21:01:29,354 - DEBUG - Clamped pixel coordinates - x_pixel: 369, y_pixel: 463
2024-12-26 21:01:29,354 - DEBUG - Converting geo-coordinates to pixel coordinates:
2024-12-26 21:01:29,354 - DEBUG - Inputs - lon: -80.16358590248049, lat: 26.07943852731708, geo_transform: [-80.16494991499067, 3.443814139214196e-06, 0.0, 26.081201760156357, 0.0, -3.443814139214196e-06], image_width: 512, image_height: 512
2024-12-26 21:01:29,354 - DEBUG - Parsed GeoTransform - x_origin: -80.16494991499067, pixel_width: 3.443814139214196e-06, y_origin: 26.081201760156357, pixel_height: -3.443814139214196e-06
2024-12-26 21:01:29,354 - DEBUG - Computed pixel coordinates before clamping - x_pixel: 396, y_pixel: 511
2024-12-26 21:01:29,354 - DEBUG - Clamped pixel coordinates - x_pixel: 396, y_pixel: 511
2024-12-26 21:01:29,354 - DEBUG - Converting geo-coordinates to pixel coordinates:
2024-12-26 21:01:29,354 - DEBUG - Inputs - lon: -80.16394341788816, lat: 26.07943852731708, geo_transform: [-80.16494991499067, 3.443814139214196e-06, 0.0, 26.081201760156357, 0.0, -3.443814139214196e-06], image_width: 512, image_height: 512
2024-12-26 21:01:29,354 - DEBUG - Parsed GeoTransform - x_origin: -80.16494991499067, pixel_width: 3.443814139214196e-06, y_origin: 26.081201760156357, pixel_height: -3.443814139214196e-06
2024-12-26 21:01:29,354 - DEBUG - Computed pixel coordinates before clamping - x_pixel: 292, y_pixel: 511
2024-12-26 21:01:29,354 - DEBUG - Clamped pixel coordinates - x_pixel: 292, y_pixel: 511
2024-12-26 21:01:29,354 - DEBUG - Pixel Coordinates: [(292, 511), (284, 472), (369, 463), (396, 511), (292, 511)] ... (showing first 5 for brevity)
2024-12-26 21:01:29,354 - DEBUG - Pixel Bounding Box: x_min=284, x_max=396, y_min=463, y_max=511
2024-12-26 21:01:29,355 - DEBUG - Pixel bounding box: (284, 463, 396, 511)
2024-12-26 21:01:29,355 - DEBUG - Input is a list. Converting to tensor.
2024-12-26 21:01:29,355 - DEBUG - Input Bounding Boxes (Corner Format): tensor([[284., 463., 396., 511.]])
2024-12-26 21:01:29,355 - DEBUG - x_min: 284.0, y_min: 463.0, x_max: 396.0, y_max: 511.0
2024-12-26 21:01:29,355 - DEBUG - Converted Bounding Boxes (Center Format): tensor([[340., 487., 112.,  48.]])
2024-12-26 21:01:29,355 - DEBUG - Normalized bounding box (cx, cy, w, h): tensor([[340., 487., 112.,  48.]])
2024-12-26 21:01:29,356 - DEBUG - Processed image tensor shape: torch.Size([3, 512, 512])
2024-12-26 21:01:29,357 - DEBUG - Processed bounding box tensor: tensor([[340., 487., 112.,  48.]])
2024-12-26 21:01:29,357 - DEBUG - Processing index 3522:
2024-12-26 21:01:29,357 - DEBUG - Image path: ./data/raw/train/PS-RGB_tiled/54_104001003D4C9C00_tile_628.png
2024-12-26 21:01:29,357 - DEBUG - Label path: ./data/raw/train/geojson_aircraft_tiled/54_104001003D4C9C00_tile_628.geojson
2024-12-26 21:01:29,357 - DEBUG - Auxiliary path: ./data/raw/train/PS-RGB_tiled/54_104001003D4C9C00_tile_628.png.aux.xml
2024-12-26 21:01:29,357 - DEBUG - Parsing GeoTransform from: ./data/raw/train/PS-RGB_tiled/54_104001003D4C9C00_tile_628.png.aux.xml
2024-12-26 21:01:29,357 - DEBUG - GeoTransform parsed: [-80.2789722539807, 3.159262564837841e-06, 0.0, 25.799070743095264, 0.0, -3.159262564837841e-06]
2024-12-26 21:01:29,357 - DEBUG - Reading GeoJSON from: ./data/raw/train/geojson_aircraft_tiled/54_104001003D4C9C00_tile_628.geojson
2024-12-26 21:01:29,358 - DEBUG - First feature coordinates: [[[-80.27828895383576, 25.79767133598902], [-80.27845623862736, 25.797878427926495], [-80.27828137152225, 25.79801111841275], [-80.27811598230903, 25.797875584558934], [-80.27828895383576, 25.79767133598902]]]
2024-12-26 21:01:29,358 - DEBUG - Feature properties: {'loc_id': 54, 'cat_id': '104001003D4C9C00', 'location': 'Miami International Airport, 2100, Northwest 18th Street, Miami Springs, Alameda, Miami-Dade County, Florida, 33142, USA', 'role': 'Medium Civil Transport/Utility', 'role_id': 2, 'is_plane': 1, 'num_engines': 2, 'propulsion': 'jet', 'canards': 'no', 'num_tail_fins': 1, 'wing_position': 'mid/low mounted', 'wing_type': 'swept', 'length': 37.63781641840286, 'wingspan': 34.11377812459067, 'area': 641.9454503471785, 'faa_wingspan_class': 3, 'Public_Train': 1, 'Public_Test': 0, 'partialDec': 1.0, 'truncated': 0, 'new_area': 641.9454503471785}
2024-12-26 21:01:29,358 - DEBUG - GeoJSON Coords: [(-80.27828895383576, 25.79767133598902), (-80.27845623862736, 25.797878427926495), (-80.27828137152225, 25.79801111841275), (-80.27811598230903, 25.797875584558934), (-80.27828895383576, 25.79767133598902)]
2024-12-26 21:01:29,358 - DEBUG - GeoJSON Features: [37.63781641840286, 34.11377812459067, 641.9454503471785, 1, 1, 0, 2, 1, 3]
2024-12-26 21:01:29,358 - DEBUG - Parsed GeoTransform: [-80.2789722539807, 3.159262564837841e-06, 0.0, 25.799070743095264, 0.0, -3.159262564837841e-06]
2024-12-26 21:01:29,359 - DEBUG - Parsed GeoJSON coordinates: [(-80.27828895383576, 25.79767133598902), (-80.27845623862736, 25.797878427926495), (-80.27828137152225, 25.79801111841275), (-80.27811598230903, 25.797875584558934), (-80.27828895383576, 25.79767133598902)]
2024-12-26 21:01:29,359 - DEBUG - STREAM b'IHDR' 16 13
2024-12-26 21:01:29,359 - DEBUG - STREAM b'tRNS' 41 6
2024-12-26 21:01:29,359 - DEBUG - STREAM b'IDAT' 59 8192
2024-12-26 21:01:29,369 - DEBUG - Loaded image size: 512x512
2024-12-26 21:01:29,369 - DEBUG - Converting GeoJSON to pixel bounding boxes.
2024-12-26 21:01:29,370 - DEBUG - Input Coordinates: [(-80.27828895383576, 25.79767133598902), (-80.27845623862736, 25.797878427926495), (-80.27828137152225, 25.79801111841275), (-80.27811598230903, 25.797875584558934), (-80.27828895383576, 25.79767133598902)] ... (showing first 5 for brevity)
2024-12-26 21:01:29,370 - DEBUG - GeoTransform: [-80.2789722539807, 3.159262564837841e-06, 0.0, 25.799070743095264, 0.0, -3.159262564837841e-06]
2024-12-26 21:01:29,370 - DEBUG - Image Dimensions: width=512, height=512
2024-12-26 21:01:29,370 - DEBUG - Converting geo-coordinates to pixel coordinates:
2024-12-26 21:01:29,370 - DEBUG - Inputs - lon: -80.27828895383576, lat: 25.79767133598902, geo_transform: [-80.2789722539807, 3.159262564837841e-06, 0.0, 25.799070743095264, 0.0, -3.159262564837841e-06], image_width: 512, image_height: 512
2024-12-26 21:01:29,370 - DEBUG - Parsed GeoTransform - x_origin: -80.2789722539807, pixel_width: 3.159262564837841e-06, y_origin: 25.799070743095264, pixel_height: -3.159262564837841e-06
2024-12-26 21:01:29,370 - DEBUG - Computed pixel coordinates before clamping - x_pixel: 216, y_pixel: 442
2024-12-26 21:01:29,370 - DEBUG - Clamped pixel coordinates - x_pixel: 216, y_pixel: 442
2024-12-26 21:01:29,370 - DEBUG - Converting geo-coordinates to pixel coordinates:
2024-12-26 21:01:29,370 - DEBUG - Inputs - lon: -80.27845623862736, lat: 25.797878427926495, geo_transform: [-80.2789722539807, 3.159262564837841e-06, 0.0, 25.799070743095264, 0.0, -3.159262564837841e-06], image_width: 512, image_height: 512
2024-12-26 21:01:29,370 - DEBUG - Parsed GeoTransform - x_origin: -80.2789722539807, pixel_width: 3.159262564837841e-06, y_origin: 25.799070743095264, pixel_height: -3.159262564837841e-06
2024-12-26 21:01:29,370 - DEBUG - Computed pixel coordinates before clamping - x_pixel: 163, y_pixel: 377
2024-12-26 21:01:29,370 - DEBUG - Clamped pixel coordinates - x_pixel: 163, y_pixel: 377
2024-12-26 21:01:29,370 - DEBUG - Converting geo-coordinates to pixel coordinates:
2024-12-26 21:01:29,370 - DEBUG - Inputs - lon: -80.27828137152225, lat: 25.79801111841275, geo_transform: [-80.2789722539807, 3.159262564837841e-06, 0.0, 25.799070743095264, 0.0, -3.159262564837841e-06], image_width: 512, image_height: 512
2024-12-26 21:01:29,371 - DEBUG - Parsed GeoTransform - x_origin: -80.2789722539807, pixel_width: 3.159262564837841e-06, y_origin: 25.799070743095264, pixel_height: -3.159262564837841e-06
2024-12-26 21:01:29,371 - DEBUG - Computed pixel coordinates before clamping - x_pixel: 218, y_pixel: 335
2024-12-26 21:01:29,371 - DEBUG - Clamped pixel coordinates - x_pixel: 218, y_pixel: 335
2024-12-26 21:01:29,371 - DEBUG - Converting geo-coordinates to pixel coordinates:
2024-12-26 21:01:29,371 - DEBUG - Inputs - lon: -80.27811598230903, lat: 25.797875584558934, geo_transform: [-80.2789722539807, 3.159262564837841e-06, 0.0, 25.799070743095264, 0.0, -3.159262564837841e-06], image_width: 512, image_height: 512
2024-12-26 21:01:29,371 - DEBUG - Parsed GeoTransform - x_origin: -80.2789722539807, pixel_width: 3.159262564837841e-06, y_origin: 25.799070743095264, pixel_height: -3.159262564837841e-06
2024-12-26 21:01:29,371 - DEBUG - Computed pixel coordinates before clamping - x_pixel: 271, y_pixel: 378
2024-12-26 21:01:29,371 - DEBUG - Clamped pixel coordinates - x_pixel: 271, y_pixel: 378
2024-12-26 21:01:29,371 - DEBUG - Converting geo-coordinates to pixel coordinates:
2024-12-26 21:01:29,371 - DEBUG - Inputs - lon: -80.27828895383576, lat: 25.79767133598902, geo_transform: [-80.2789722539807, 3.159262564837841e-06, 0.0, 25.799070743095264, 0.0, -3.159262564837841e-06], image_width: 512, image_height: 512
2024-12-26 21:01:29,371 - DEBUG - Parsed GeoTransform - x_origin: -80.2789722539807, pixel_width: 3.159262564837841e-06, y_origin: 25.799070743095264, pixel_height: -3.159262564837841e-06
2024-12-26 21:01:29,371 - DEBUG - Computed pixel coordinates before clamping - x_pixel: 216, y_pixel: 442
2024-12-26 21:01:29,371 - DEBUG - Clamped pixel coordinates - x_pixel: 216, y_pixel: 442
2024-12-26 21:01:29,371 - DEBUG - Pixel Coordinates: [(216, 442), (163, 377), (218, 335), (271, 378), (216, 442)] ... (showing first 5 for brevity)
2024-12-26 21:01:29,371 - DEBUG - Pixel Bounding Box: x_min=163, x_max=271, y_min=335, y_max=442
2024-12-26 21:01:29,372 - DEBUG - Pixel bounding box: (163, 335, 271, 442)
2024-12-26 21:01:29,372 - DEBUG - Input is a list. Converting to tensor.
2024-12-26 21:01:29,372 - DEBUG - Input Bounding Boxes (Corner Format): tensor([[163., 335., 271., 442.]])
2024-12-26 21:01:29,372 - DEBUG - x_min: 163.0, y_min: 335.0, x_max: 271.0, y_max: 442.0
2024-12-26 21:01:29,372 - DEBUG - Converted Bounding Boxes (Center Format): tensor([[217.0000, 388.5000, 108.0000, 107.0000]])
2024-12-26 21:01:29,372 - DEBUG - Normalized bounding box (cx, cy, w, h): tensor([[217.0000, 388.5000, 108.0000, 107.0000]])
2024-12-26 21:01:29,373 - DEBUG - Processed image tensor shape: torch.Size([3, 512, 512])
2024-12-26 21:01:29,374 - DEBUG - Processed bounding box tensor: tensor([[217.0000, 388.5000, 108.0000, 107.0000]])
2024-12-26 21:01:29,374 - DEBUG - Processing index 4074:
2024-12-26 21:01:29,374 - DEBUG - Image path: ./data/raw/train/PS-RGB_tiled/63_10400100484AA300_tile_60.png
2024-12-26 21:01:29,374 - DEBUG - Label path: ./data/raw/train/geojson_aircraft_tiled/63_10400100484AA300_tile_60.geojson
2024-12-26 21:01:29,374 - DEBUG - Auxiliary path: ./data/raw/train/PS-RGB_tiled/63_10400100484AA300_tile_60.png.aux.xml
2024-12-26 21:01:29,374 - DEBUG - Parsing GeoTransform from: ./data/raw/train/PS-RGB_tiled/63_10400100484AA300_tile_60.png.aux.xml
2024-12-26 21:01:29,375 - DEBUG - GeoTransform parsed: [-73.88437322551752, 3.4186511031273537e-06, 0.0, 41.62567129083651, 0.0, -3.4186511031273537e-06]
2024-12-26 21:01:29,375 - DEBUG - Reading GeoJSON from: ./data/raw/train/geojson_aircraft_tiled/63_10400100484AA300_tile_60.geojson
2024-12-26 21:01:29,375 - DEBUG - First feature coordinates: [[[-73.88268792062647, 41.62478589323125], [-73.88267711469548, 41.62471494994515], [-73.88280537639815, 41.62471166118355], [-73.88277765683604, 41.62480609562398], [-73.88268792062647, 41.62478589323125]]]
2024-12-26 21:01:29,375 - DEBUG - Feature properties: {'loc_id': 63, 'cat_id': '10400100484AA300', 'location': 'Dutchess County Airport, 263, New Hackensack Road, Wappingers Falls, Town of Wappinger, Dutchess County, New York, 12590, USA', 'role': 'Small Civil Transport/Utility', 'role_id': 1, 'is_plane': 1, 'num_engines': 1, 'propulsion': 'propeller', 'canards': 'no', 'num_tail_fins': 1, 'wing_position': 'mid/low mounted', 'wing_type': 'straight', 'length': 12.794075554432101, 'wingspan': 13.137011356434048, 'area': 84.03483971094137, 'faa_wingspan_class': 1, 'Public_Train': 1, 'Public_Test': 0, 'partialDec': 1.0, 'truncated': 0, 'new_area': 84.03483971094137}
2024-12-26 21:01:29,375 - DEBUG - GeoJSON Coords: [(-73.88268792062647, 41.62478589323125), (-73.88267711469548, 41.62471494994515), (-73.88280537639815, 41.62471166118355), (-73.88277765683604, 41.62480609562398), (-73.88268792062647, 41.62478589323125)]
2024-12-26 21:01:29,375 - DEBUG - GeoJSON Features: [12.794075554432101, 13.137011356434048, 84.03483971094137, 0, 1, 0, 1, 1, 1]
2024-12-26 21:01:29,376 - DEBUG - Parsed GeoTransform: [-73.88437322551752, 3.4186511031273537e-06, 0.0, 41.62567129083651, 0.0, -3.4186511031273537e-06]
2024-12-26 21:01:29,376 - DEBUG - Parsed GeoJSON coordinates: [(-73.88268792062647, 41.62478589323125), (-73.88267711469548, 41.62471494994515), (-73.88280537639815, 41.62471166118355), (-73.88277765683604, 41.62480609562398), (-73.88268792062647, 41.62478589323125)]
2024-12-26 21:01:29,376 - DEBUG - STREAM b'IHDR' 16 13
2024-12-26 21:01:29,376 - DEBUG - STREAM b'tRNS' 41 6
2024-12-26 21:01:29,376 - DEBUG - STREAM b'IDAT' 59 8192
2024-12-26 21:01:29,386 - DEBUG - Loaded image size: 512x512
2024-12-26 21:01:29,386 - DEBUG - Converting GeoJSON to pixel bounding boxes.
2024-12-26 21:01:29,387 - DEBUG - Input Coordinates: [(-73.88268792062647, 41.62478589323125), (-73.88267711469548, 41.62471494994515), (-73.88280537639815, 41.62471166118355), (-73.88277765683604, 41.62480609562398), (-73.88268792062647, 41.62478589323125)] ... (showing first 5 for brevity)
2024-12-26 21:01:29,387 - DEBUG - GeoTransform: [-73.88437322551752, 3.4186511031273537e-06, 0.0, 41.62567129083651, 0.0, -3.4186511031273537e-06]
2024-12-26 21:01:29,387 - DEBUG - Image Dimensions: width=512, height=512
2024-12-26 21:01:29,387 - DEBUG - Converting geo-coordinates to pixel coordinates:
2024-12-26 21:01:29,387 - DEBUG - Inputs - lon: -73.88268792062647, lat: 41.62478589323125, geo_transform: [-73.88437322551752, 3.4186511031273537e-06, 0.0, 41.62567129083651, 0.0, -3.4186511031273537e-06], image_width: 512, image_height: 512
2024-12-26 21:01:29,387 - DEBUG - Parsed GeoTransform - x_origin: -73.88437322551752, pixel_width: 3.4186511031273537e-06, y_origin: 41.62567129083651, pixel_height: -3.4186511031273537e-06
2024-12-26 21:01:29,387 - DEBUG - Computed pixel coordinates before clamping - x_pixel: 492, y_pixel: 258
2024-12-26 21:01:29,387 - DEBUG - Clamped pixel coordinates - x_pixel: 492, y_pixel: 258
2024-12-26 21:01:29,387 - DEBUG - Converting geo-coordinates to pixel coordinates:
2024-12-26 21:01:29,387 - DEBUG - Inputs - lon: -73.88267711469548, lat: 41.62471494994515, geo_transform: [-73.88437322551752, 3.4186511031273537e-06, 0.0, 41.62567129083651, 0.0, -3.4186511031273537e-06], image_width: 512, image_height: 512
2024-12-26 21:01:29,387 - DEBUG - Parsed GeoTransform - x_origin: -73.88437322551752, pixel_width: 3.4186511031273537e-06, y_origin: 41.62567129083651, pixel_height: -3.4186511031273537e-06
2024-12-26 21:01:29,387 - DEBUG - Computed pixel coordinates before clamping - x_pixel: 496, y_pixel: 279
2024-12-26 21:01:29,387 - DEBUG - Clamped pixel coordinates - x_pixel: 496, y_pixel: 279
2024-12-26 21:01:29,387 - DEBUG - Converting geo-coordinates to pixel coordinates:
2024-12-26 21:01:29,387 - DEBUG - Inputs - lon: -73.88280537639815, lat: 41.62471166118355, geo_transform: [-73.88437322551752, 3.4186511031273537e-06, 0.0, 41.62567129083651, 0.0, -3.4186511031273537e-06], image_width: 512, image_height: 512
2024-12-26 21:01:29,388 - DEBUG - Parsed GeoTransform - x_origin: -73.88437322551752, pixel_width: 3.4186511031273537e-06, y_origin: 41.62567129083651, pixel_height: -3.4186511031273537e-06
2024-12-26 21:01:29,388 - DEBUG - Computed pixel coordinates before clamping - x_pixel: 458, y_pixel: 280
2024-12-26 21:01:29,388 - DEBUG - Clamped pixel coordinates - x_pixel: 458, y_pixel: 280
2024-12-26 21:01:29,388 - DEBUG - Converting geo-coordinates to pixel coordinates:
2024-12-26 21:01:29,388 - DEBUG - Inputs - lon: -73.88277765683604, lat: 41.62480609562398, geo_transform: [-73.88437322551752, 3.4186511031273537e-06, 0.0, 41.62567129083651, 0.0, -3.4186511031273537e-06], image_width: 512, image_height: 512
2024-12-26 21:01:29,388 - DEBUG - Parsed GeoTransform - x_origin: -73.88437322551752, pixel_width: 3.4186511031273537e-06, y_origin: 41.62567129083651, pixel_height: -3.4186511031273537e-06
2024-12-26 21:01:29,388 - DEBUG - Computed pixel coordinates before clamping - x_pixel: 466, y_pixel: 253
2024-12-26 21:01:29,388 - DEBUG - Clamped pixel coordinates - x_pixel: 466, y_pixel: 253
2024-12-26 21:01:29,388 - DEBUG - Converting geo-coordinates to pixel coordinates:
2024-12-26 21:01:29,388 - DEBUG - Inputs - lon: -73.88268792062647, lat: 41.62478589323125, geo_transform: [-73.88437322551752, 3.4186511031273537e-06, 0.0, 41.62567129083651, 0.0, -3.4186511031273537e-06], image_width: 512, image_height: 512
2024-12-26 21:01:29,388 - DEBUG - Parsed GeoTransform - x_origin: -73.88437322551752, pixel_width: 3.4186511031273537e-06, y_origin: 41.62567129083651, pixel_height: -3.4186511031273537e-06
2024-12-26 21:01:29,388 - DEBUG - Computed pixel coordinates before clamping - x_pixel: 492, y_pixel: 258
2024-12-26 21:01:29,388 - DEBUG - Clamped pixel coordinates - x_pixel: 492, y_pixel: 258
2024-12-26 21:01:29,388 - DEBUG - Pixel Coordinates: [(492, 258), (496, 279), (458, 280), (466, 253), (492, 258)] ... (showing first 5 for brevity)
2024-12-26 21:01:29,388 - DEBUG - Pixel Bounding Box: x_min=458, x_max=496, y_min=253, y_max=280
2024-12-26 21:01:29,388 - DEBUG - Pixel bounding box: (458, 253, 496, 280)
2024-12-26 21:01:29,389 - DEBUG - Input is a list. Converting to tensor.
2024-12-26 21:01:29,389 - DEBUG - Input Bounding Boxes (Corner Format): tensor([[458., 253., 496., 280.]])
2024-12-26 21:01:29,389 - DEBUG - x_min: 458.0, y_min: 253.0, x_max: 496.0, y_max: 280.0
2024-12-26 21:01:29,389 - DEBUG - Converted Bounding Boxes (Center Format): tensor([[477.0000, 266.5000,  38.0000,  27.0000]])
2024-12-26 21:01:29,389 - DEBUG - Normalized bounding box (cx, cy, w, h): tensor([[477.0000, 266.5000,  38.0000,  27.0000]])
2024-12-26 21:01:29,391 - DEBUG - Processed image tensor shape: torch.Size([3, 512, 512])
2024-12-26 21:01:29,391 - DEBUG - Processed bounding box tensor: tensor([[477.0000, 266.5000,  38.0000,  27.0000]])
2024-12-26 21:01:29,391 - DEBUG - Processing index 5300:
2024-12-26 21:01:29,391 - DEBUG - Image path: ./data/raw/train/PS-RGB_tiled/96_104001000896F900_tile_1172.png
2024-12-26 21:01:29,391 - DEBUG - Label path: ./data/raw/train/geojson_aircraft_tiled/96_104001000896F900_tile_1172.geojson
2024-12-26 21:01:29,391 - DEBUG - Auxiliary path: ./data/raw/train/PS-RGB_tiled/96_104001000896F900_tile_1172.png.aux.xml
2024-12-26 21:01:29,391 - DEBUG - Parsing GeoTransform from: ./data/raw/train/PS-RGB_tiled/96_104001000896F900_tile_1172.png.aux.xml
2024-12-26 21:01:29,392 - DEBUG - GeoTransform parsed: [-147.84215636297614, 3.3372412805040225e-06, 0.0, 64.81890969586907, 0.0, -3.3372412805040225e-06]
2024-12-26 21:01:29,392 - DEBUG - Reading GeoJSON from: ./data/raw/train/geojson_aircraft_tiled/96_104001000896F900_tile_1172.geojson
2024-12-26 21:01:29,393 - DEBUG - First feature coordinates: [[[-147.8404748322193, 64.817228099531], [-147.84045369768788, 64.81720102833344], [-147.84059415277412, 64.81720102833344], [-147.8406041632044, 64.8172290575383], [-147.8404748322193, 64.817228099531]]]
2024-12-26 21:01:29,393 - DEBUG - Feature properties: {'loc_id': 96, 'cat_id': '104001000896F900', 'location': 'Fairbanks International Airport, Old Airport Way, Broadmoor, Fairbanks North Star, Alaska, 99709, USA', 'role': 'Small Civil Transport/Utility', 'role_id': 1, 'is_plane': 1, 'num_engines': 1, 'propulsion': 'propeller', 'canards': 'no', 'num_tail_fins': 1, 'wing_position': 'mid/low mounted', 'wing_type': 'straight', 'length': 8.905415029522436, 'wingspan': 10.247416836044694, 'area': 45.56641879893483, 'faa_wingspan_class': 1, 'Public_Train': 1, 'Public_Test': 0, 'partialDec': 0.4306990847167327, 'truncated': 1, 'new_area': 19.625414870520554}
2024-12-26 21:01:29,393 - DEBUG - GeoJSON Coords: [(-147.8404748322193, 64.817228099531), (-147.84045369768788, 64.81720102833344), (-147.84059415277412, 64.81720102833344), (-147.8406041632044, 64.8172290575383), (-147.8404748322193, 64.817228099531)]
2024-12-26 21:01:29,393 - DEBUG - GeoJSON Features: [8.905415029522436, 10.247416836044694, 45.56641879893483, 0, 1, 0, 1, 1, 1]
2024-12-26 21:01:29,393 - DEBUG - Parsed GeoTransform: [-147.84215636297614, 3.3372412805040225e-06, 0.0, 64.81890969586907, 0.0, -3.3372412805040225e-06]
2024-12-26 21:01:29,393 - DEBUG - Parsed GeoJSON coordinates: [(-147.8404748322193, 64.817228099531), (-147.84045369768788, 64.81720102833344), (-147.84059415277412, 64.81720102833344), (-147.8406041632044, 64.8172290575383), (-147.8404748322193, 64.817228099531)]
2024-12-26 21:01:29,394 - DEBUG - STREAM b'IHDR' 16 13
2024-12-26 21:01:29,394 - DEBUG - STREAM b'tRNS' 41 6
2024-12-26 21:01:29,394 - DEBUG - STREAM b'IDAT' 59 8192
2024-12-26 21:01:29,404 - DEBUG - Loaded image size: 512x512
2024-12-26 21:01:29,404 - DEBUG - Converting GeoJSON to pixel bounding boxes.
2024-12-26 21:01:29,404 - DEBUG - Input Coordinates: [(-147.8404748322193, 64.817228099531), (-147.84045369768788, 64.81720102833344), (-147.84059415277412, 64.81720102833344), (-147.8406041632044, 64.8172290575383), (-147.8404748322193, 64.817228099531)] ... (showing first 5 for brevity)
2024-12-26 21:01:29,404 - DEBUG - GeoTransform: [-147.84215636297614, 3.3372412805040225e-06, 0.0, 64.81890969586907, 0.0, -3.3372412805040225e-06]
2024-12-26 21:01:29,404 - DEBUG - Image Dimensions: width=512, height=512
2024-12-26 21:01:29,404 - DEBUG - Converting geo-coordinates to pixel coordinates:
2024-12-26 21:01:29,404 - DEBUG - Inputs - lon: -147.8404748322193, lat: 64.817228099531, geo_transform: [-147.84215636297614, 3.3372412805040225e-06, 0.0, 64.81890969586907, 0.0, -3.3372412805040225e-06], image_width: 512, image_height: 512
2024-12-26 21:01:29,404 - DEBUG - Parsed GeoTransform - x_origin: -147.84215636297614, pixel_width: 3.3372412805040225e-06, y_origin: 64.81890969586907, pixel_height: -3.3372412805040225e-06
2024-12-26 21:01:29,404 - DEBUG - Computed pixel coordinates before clamping - x_pixel: 503, y_pixel: 503
2024-12-26 21:01:29,404 - DEBUG - Clamped pixel coordinates - x_pixel: 503, y_pixel: 503
2024-12-26 21:01:29,404 - DEBUG - Converting geo-coordinates to pixel coordinates:
2024-12-26 21:01:29,404 - DEBUG - Inputs - lon: -147.84045369768788, lat: 64.81720102833344, geo_transform: [-147.84215636297614, 3.3372412805040225e-06, 0.0, 64.81890969586907, 0.0, -3.3372412805040225e-06], image_width: 512, image_height: 512
2024-12-26 21:01:29,404 - DEBUG - Parsed GeoTransform - x_origin: -147.84215636297614, pixel_width: 3.3372412805040225e-06, y_origin: 64.81890969586907, pixel_height: -3.3372412805040225e-06
2024-12-26 21:01:29,405 - DEBUG - Computed pixel coordinates before clamping - x_pixel: 510, y_pixel: 512
2024-12-26 21:01:29,405 - DEBUG - Clamped pixel coordinates - x_pixel: 510, y_pixel: 511
2024-12-26 21:01:29,405 - DEBUG - Converting geo-coordinates to pixel coordinates:
2024-12-26 21:01:29,405 - DEBUG - Inputs - lon: -147.84059415277412, lat: 64.81720102833344, geo_transform: [-147.84215636297614, 3.3372412805040225e-06, 0.0, 64.81890969586907, 0.0, -3.3372412805040225e-06], image_width: 512, image_height: 512
2024-12-26 21:01:29,405 - DEBUG - Parsed GeoTransform - x_origin: -147.84215636297614, pixel_width: 3.3372412805040225e-06, y_origin: 64.81890969586907, pixel_height: -3.3372412805040225e-06
2024-12-26 21:01:29,405 - DEBUG - Computed pixel coordinates before clamping - x_pixel: 468, y_pixel: 512
2024-12-26 21:01:29,405 - DEBUG - Clamped pixel coordinates - x_pixel: 468, y_pixel: 511
2024-12-26 21:01:29,405 - DEBUG - Converting geo-coordinates to pixel coordinates:
2024-12-26 21:01:29,405 - DEBUG - Inputs - lon: -147.8406041632044, lat: 64.8172290575383, geo_transform: [-147.84215636297614, 3.3372412805040225e-06, 0.0, 64.81890969586907, 0.0, -3.3372412805040225e-06], image_width: 512, image_height: 512
2024-12-26 21:01:29,405 - DEBUG - Parsed GeoTransform - x_origin: -147.84215636297614, pixel_width: 3.3372412805040225e-06, y_origin: 64.81890969586907, pixel_height: -3.3372412805040225e-06
2024-12-26 21:01:29,405 - DEBUG - Computed pixel coordinates before clamping - x_pixel: 465, y_pixel: 503
2024-12-26 21:01:29,405 - DEBUG - Clamped pixel coordinates - x_pixel: 465, y_pixel: 503
2024-12-26 21:01:29,405 - DEBUG - Converting geo-coordinates to pixel coordinates:
2024-12-26 21:01:29,405 - DEBUG - Inputs - lon: -147.8404748322193, lat: 64.817228099531, geo_transform: [-147.84215636297614, 3.3372412805040225e-06, 0.0, 64.81890969586907, 0.0, -3.3372412805040225e-06], image_width: 512, image_height: 512
2024-12-26 21:01:29,406 - DEBUG - Parsed GeoTransform - x_origin: -147.84215636297614, pixel_width: 3.3372412805040225e-06, y_origin: 64.81890969586907, pixel_height: -3.3372412805040225e-06
2024-12-26 21:01:29,406 - DEBUG - Computed pixel coordinates before clamping - x_pixel: 503, y_pixel: 503
2024-12-26 21:01:29,406 - DEBUG - Clamped pixel coordinates - x_pixel: 503, y_pixel: 503
2024-12-26 21:01:29,406 - DEBUG - Pixel Coordinates: [(503, 503), (510, 511), (468, 511), (465, 503), (503, 503)] ... (showing first 5 for brevity)
2024-12-26 21:01:29,406 - DEBUG - Pixel Bounding Box: x_min=465, x_max=510, y_min=503, y_max=511
2024-12-26 21:01:29,406 - DEBUG - Pixel bounding box: (465, 503, 510, 511)
2024-12-26 21:01:29,406 - DEBUG - Input is a list. Converting to tensor.
2024-12-26 21:01:29,406 - DEBUG - Input Bounding Boxes (Corner Format): tensor([[465., 503., 510., 511.]])
2024-12-26 21:01:29,406 - DEBUG - x_min: 465.0, y_min: 503.0, x_max: 510.0, y_max: 511.0
2024-12-26 21:01:29,407 - DEBUG - Converted Bounding Boxes (Center Format): tensor([[487.5000, 507.0000,  45.0000,   8.0000]])
2024-12-26 21:01:29,407 - DEBUG - Normalized bounding box (cx, cy, w, h): tensor([[487.5000, 507.0000,  45.0000,   8.0000]])
2024-12-26 21:01:29,408 - DEBUG - Processed image tensor shape: torch.Size([3, 512, 512])
2024-12-26 21:01:29,408 - DEBUG - Processed bounding box tensor: tensor([[487.5000, 507.0000,  45.0000,   8.0000]])
2024-12-26 21:01:29,408 - DEBUG - Processing index 633:
2024-12-26 21:01:29,408 - DEBUG - Image path: ./data/raw/train/PS-RGB_tiled/118_104001000A341F00_tile_275.png
2024-12-26 21:01:29,408 - DEBUG - Label path: ./data/raw/train/geojson_aircraft_tiled/118_104001000A341F00_tile_275.geojson
2024-12-26 21:01:29,408 - DEBUG - Auxiliary path: ./data/raw/train/PS-RGB_tiled/118_104001000A341F00_tile_275.png.aux.xml
2024-12-26 21:01:29,408 - DEBUG - Parsing GeoTransform from: ./data/raw/train/PS-RGB_tiled/118_104001000A341F00_tile_275.png.aux.xml
2024-12-26 21:01:29,409 - DEBUG - GeoTransform parsed: [-87.91447121801417, 3.126137188735935e-06, 0.0, 42.94339455997941, 0.0, -3.126137188735935e-06]
2024-12-26 21:01:29,409 - DEBUG - Reading GeoJSON from: ./data/raw/train/geojson_aircraft_tiled/118_104001000A341F00_tile_275.geojson
2024-12-26 21:01:29,409 - DEBUG - First feature coordinates: [[[-87.91447121801417, 42.942981013495], [-87.91413067425988, 42.942771011513194], [-87.91430766777925, 42.94253935823048], [-87.91447121801417, 42.942567151080866], [-87.91447121801417, 42.942981013495]]]
2024-12-26 21:01:29,410 - DEBUG - Feature properties: {'loc_id': 118, 'cat_id': '104001000A341F00', 'location': 'Trituration Building, Bus Parking Only, Milwaukee, Milwaukee County, Wisconsin, 53207-6127, USA', 'role': 'Large Civil Transport/Utility', 'role_id': 3, 'is_plane': 1, 'num_engines': 2, 'propulsion': 'jet', 'canards': 'no', 'num_tail_fins': 1, 'wing_position': 'mid/low mounted', 'wing_type': 'swept', 'length': 62.51330147444164, 'wingspan': 50.34193251563431, 'area': 1573.1998810712107, 'faa_wingspan_class': 4, 'Public_Train': 1, 'Public_Test': 0, 'partialDec': 0.5291422140113474, 'truncated': 1, 'new_area': 832.4464681524089}
2024-12-26 21:01:29,410 - DEBUG - GeoJSON Coords: [(-87.91447121801417, 42.942981013495), (-87.91413067425988, 42.942771011513194), (-87.91430766777925, 42.94253935823048), (-87.91447121801417, 42.942567151080866), (-87.91447121801417, 42.942981013495)]
2024-12-26 21:01:29,410 - DEBUG - GeoJSON Features: [62.51330147444164, 50.34193251563431, 1573.1998810712107, 1, 1, 0, 2, 1, 4]
2024-12-26 21:01:29,410 - DEBUG - Parsed GeoTransform: [-87.91447121801417, 3.126137188735935e-06, 0.0, 42.94339455997941, 0.0, -3.126137188735935e-06]
2024-12-26 21:01:29,410 - DEBUG - Parsed GeoJSON coordinates: [(-87.91447121801417, 42.942981013495), (-87.91413067425988, 42.942771011513194), (-87.91430766777925, 42.94253935823048), (-87.91447121801417, 42.942567151080866), (-87.91447121801417, 42.942981013495)]
2024-12-26 21:01:29,410 - DEBUG - STREAM b'IHDR' 16 13
2024-12-26 21:01:29,410 - DEBUG - STREAM b'tRNS' 41 6
2024-12-26 21:01:29,410 - DEBUG - STREAM b'IDAT' 59 8192
2024-12-26 21:01:29,420 - DEBUG - Loaded image size: 512x512
2024-12-26 21:01:29,420 - DEBUG - Converting GeoJSON to pixel bounding boxes.
2024-12-26 21:01:29,420 - DEBUG - Input Coordinates: [(-87.91447121801417, 42.942981013495), (-87.91413067425988, 42.942771011513194), (-87.91430766777925, 42.94253935823048), (-87.91447121801417, 42.942567151080866), (-87.91447121801417, 42.942981013495)] ... (showing first 5 for brevity)
2024-12-26 21:01:29,421 - DEBUG - GeoTransform: [-87.91447121801417, 3.126137188735935e-06, 0.0, 42.94339455997941, 0.0, -3.126137188735935e-06]
2024-12-26 21:01:29,421 - DEBUG - Image Dimensions: width=512, height=512
2024-12-26 21:01:29,421 - DEBUG - Converting geo-coordinates to pixel coordinates:
2024-12-26 21:01:29,421 - DEBUG - Inputs - lon: -87.91447121801417, lat: 42.942981013495, geo_transform: [-87.91447121801417, 3.126137188735935e-06, 0.0, 42.94339455997941, 0.0, -3.126137188735935e-06], image_width: 512, image_height: 512
2024-12-26 21:01:29,421 - DEBUG - Parsed GeoTransform - x_origin: -87.91447121801417, pixel_width: 3.126137188735935e-06, y_origin: 42.94339455997941, pixel_height: -3.126137188735935e-06
2024-12-26 21:01:29,421 - DEBUG - Computed pixel coordinates before clamping - x_pixel: 0, y_pixel: 132
2024-12-26 21:01:29,421 - DEBUG - Clamped pixel coordinates - x_pixel: 0, y_pixel: 132
2024-12-26 21:01:29,421 - DEBUG - Converting geo-coordinates to pixel coordinates:
2024-12-26 21:01:29,421 - DEBUG - Inputs - lon: -87.91413067425988, lat: 42.942771011513194, geo_transform: [-87.91447121801417, 3.126137188735935e-06, 0.0, 42.94339455997941, 0.0, -3.126137188735935e-06], image_width: 512, image_height: 512
2024-12-26 21:01:29,421 - DEBUG - Parsed GeoTransform - x_origin: -87.91447121801417, pixel_width: 3.126137188735935e-06, y_origin: 42.94339455997941, pixel_height: -3.126137188735935e-06
2024-12-26 21:01:29,421 - DEBUG - Computed pixel coordinates before clamping - x_pixel: 108, y_pixel: 199
2024-12-26 21:01:29,421 - DEBUG - Clamped pixel coordinates - x_pixel: 108, y_pixel: 199
2024-12-26 21:01:29,421 - DEBUG - Converting geo-coordinates to pixel coordinates:
2024-12-26 21:01:29,421 - DEBUG - Inputs - lon: -87.91430766777925, lat: 42.94253935823048, geo_transform: [-87.91447121801417, 3.126137188735935e-06, 0.0, 42.94339455997941, 0.0, -3.126137188735935e-06], image_width: 512, image_height: 512
2024-12-26 21:01:29,421 - DEBUG - Parsed GeoTransform - x_origin: -87.91447121801417, pixel_width: 3.126137188735935e-06, y_origin: 42.94339455997941, pixel_height: -3.126137188735935e-06
2024-12-26 21:01:29,422 - DEBUG - Computed pixel coordinates before clamping - x_pixel: 52, y_pixel: 273
2024-12-26 21:01:29,422 - DEBUG - Clamped pixel coordinates - x_pixel: 52, y_pixel: 273
2024-12-26 21:01:29,422 - DEBUG - Converting geo-coordinates to pixel coordinates:
2024-12-26 21:01:29,422 - DEBUG - Inputs - lon: -87.91447121801417, lat: 42.942567151080866, geo_transform: [-87.91447121801417, 3.126137188735935e-06, 0.0, 42.94339455997941, 0.0, -3.126137188735935e-06], image_width: 512, image_height: 512
2024-12-26 21:01:29,422 - DEBUG - Parsed GeoTransform - x_origin: -87.91447121801417, pixel_width: 3.126137188735935e-06, y_origin: 42.94339455997941, pixel_height: -3.126137188735935e-06
2024-12-26 21:01:29,422 - DEBUG - Computed pixel coordinates before clamping - x_pixel: 0, y_pixel: 264
2024-12-26 21:01:29,422 - DEBUG - Clamped pixel coordinates - x_pixel: 0, y_pixel: 264
2024-12-26 21:01:29,422 - DEBUG - Converting geo-coordinates to pixel coordinates:
2024-12-26 21:01:29,422 - DEBUG - Inputs - lon: -87.91447121801417, lat: 42.942981013495, geo_transform: [-87.91447121801417, 3.126137188735935e-06, 0.0, 42.94339455997941, 0.0, -3.126137188735935e-06], image_width: 512, image_height: 512
2024-12-26 21:01:29,422 - DEBUG - Parsed GeoTransform - x_origin: -87.91447121801417, pixel_width: 3.126137188735935e-06, y_origin: 42.94339455997941, pixel_height: -3.126137188735935e-06
2024-12-26 21:01:29,422 - DEBUG - Computed pixel coordinates before clamping - x_pixel: 0, y_pixel: 132
2024-12-26 21:01:29,422 - DEBUG - Clamped pixel coordinates - x_pixel: 0, y_pixel: 132
2024-12-26 21:01:29,422 - DEBUG - Pixel Coordinates: [(0, 132), (108, 199), (52, 273), (0, 264), (0, 132)] ... (showing first 5 for brevity)
2024-12-26 21:01:29,422 - DEBUG - Pixel Bounding Box: x_min=0, x_max=108, y_min=132, y_max=273
2024-12-26 21:01:29,422 - DEBUG - Pixel bounding box: (0, 132, 108, 273)
2024-12-26 21:01:29,423 - DEBUG - Input is a list. Converting to tensor.
2024-12-26 21:01:29,423 - DEBUG - Input Bounding Boxes (Corner Format): tensor([[  0., 132., 108., 273.]])
2024-12-26 21:01:29,423 - DEBUG - x_min: 0.0, y_min: 132.0, x_max: 108.0, y_max: 273.0
2024-12-26 21:01:29,423 - DEBUG - Converted Bounding Boxes (Center Format): tensor([[ 54.0000, 202.5000, 108.0000, 141.0000]])
2024-12-26 21:01:29,423 - DEBUG - Normalized bounding box (cx, cy, w, h): tensor([[ 54.0000, 202.5000, 108.0000, 141.0000]])
2024-12-26 21:01:29,424 - DEBUG - Processed image tensor shape: torch.Size([3, 512, 512])
2024-12-26 21:01:29,424 - DEBUG - Processed bounding box tensor: tensor([[ 54.0000, 202.5000, 108.0000, 141.0000]])
2024-12-26 21:01:29,424 - DEBUG - Processing index 4323:
2024-12-26 21:01:29,425 - DEBUG - Image path: ./data/raw/train/PS-RGB_tiled/80_104001003B099300_tile_46.png
2024-12-26 21:01:29,425 - DEBUG - Label path: ./data/raw/train/geojson_aircraft_tiled/80_104001003B099300_tile_46.geojson
2024-12-26 21:01:29,425 - DEBUG - Auxiliary path: ./data/raw/train/PS-RGB_tiled/80_104001003B099300_tile_46.png.aux.xml
2024-12-26 21:01:29,425 - DEBUG - Parsing GeoTransform from: ./data/raw/train/PS-RGB_tiled/80_104001003B099300_tile_46.png.aux.xml
2024-12-26 21:01:29,425 - DEBUG - GeoTransform parsed: [-96.91482905593689, 3.2754821047208074e-06, 0.0, 32.45018961456989, 0.0, -3.2754821047208074e-06]
2024-12-26 21:01:29,425 - DEBUG - Reading GeoJSON from: ./data/raw/train/geojson_aircraft_tiled/80_104001003B099300_tile_46.geojson
2024-12-26 21:01:29,426 - DEBUG - First feature coordinates: [[[-96.91323503425343, 32.45018317846289], [-96.9131798420807, 32.45016195070415], [-96.91324116671707, 32.450112419267086], [-96.91329541543385, 32.450169498351705], [-96.91323503425343, 32.45018317846289]]]
2024-12-26 21:01:29,426 - DEBUG - Feature properties: {'loc_id': 80, 'cat_id': '104001003B099300', 'location': 'Mid-Way Regional Airport, Long Branch Road, Waxahachie, Ellis County, Texas, USA', 'role': 'Small Civil Transport/Utility', 'role_id': 1, 'is_plane': 1, 'num_engines': 1, 'propulsion': 'propeller', 'canards': 'no', 'num_tail_fins': 1, 'wing_position': 'high mounted', 'wing_type': 'straight', 'length': 7.868565432433566, 'wingspan': 10.900191776317774, 'area': 42.88417119407432, 'faa_wingspan_class': 1, 'Public_Train': 1, 'Public_Test': 0, 'partialDec': 1.0, 'truncated': 0, 'new_area': 42.88417119407432}
2024-12-26 21:01:29,426 - DEBUG - GeoJSON Coords: [(-96.91323503425343, 32.45018317846289), (-96.9131798420807, 32.45016195070415), (-96.91324116671707, 32.450112419267086), (-96.91329541543385, 32.450169498351705), (-96.91323503425343, 32.45018317846289)]
2024-12-26 21:01:29,426 - DEBUG - GeoJSON Features: [7.868565432433566, 10.900191776317774, 42.88417119407432, 0, 0, 0, 1, 1, 1]
2024-12-26 21:01:29,426 - DEBUG - Parsed GeoTransform: [-96.91482905593689, 3.2754821047208074e-06, 0.0, 32.45018961456989, 0.0, -3.2754821047208074e-06]
2024-12-26 21:01:29,426 - DEBUG - Parsed GeoJSON coordinates: [(-96.91323503425343, 32.45018317846289), (-96.9131798420807, 32.45016195070415), (-96.91324116671707, 32.450112419267086), (-96.91329541543385, 32.450169498351705), (-96.91323503425343, 32.45018317846289)]
2024-12-26 21:01:29,427 - DEBUG - STREAM b'IHDR' 16 13
2024-12-26 21:01:29,427 - DEBUG - STREAM b'tRNS' 41 6
2024-12-26 21:01:29,427 - DEBUG - STREAM b'IDAT' 59 8192
2024-12-26 21:01:29,435 - DEBUG - Loaded image size: 512x512
2024-12-26 21:01:29,435 - DEBUG - Converting GeoJSON to pixel bounding boxes.
2024-12-26 21:01:29,436 - DEBUG - Input Coordinates: [(-96.91323503425343, 32.45018317846289), (-96.9131798420807, 32.45016195070415), (-96.91324116671707, 32.450112419267086), (-96.91329541543385, 32.450169498351705), (-96.91323503425343, 32.45018317846289)] ... (showing first 5 for brevity)
2024-12-26 21:01:29,436 - DEBUG - GeoTransform: [-96.91482905593689, 3.2754821047208074e-06, 0.0, 32.45018961456989, 0.0, -3.2754821047208074e-06]
2024-12-26 21:01:29,436 - DEBUG - Image Dimensions: width=512, height=512
2024-12-26 21:01:29,436 - DEBUG - Converting geo-coordinates to pixel coordinates:
2024-12-26 21:01:29,436 - DEBUG - Inputs - lon: -96.91323503425343, lat: 32.45018317846289, geo_transform: [-96.91482905593689, 3.2754821047208074e-06, 0.0, 32.45018961456989, 0.0, -3.2754821047208074e-06], image_width: 512, image_height: 512
2024-12-26 21:01:29,436 - DEBUG - Parsed GeoTransform - x_origin: -96.91482905593689, pixel_width: 3.2754821047208074e-06, y_origin: 32.45018961456989, pixel_height: -3.2754821047208074e-06
2024-12-26 21:01:29,436 - DEBUG - Computed pixel coordinates before clamping - x_pixel: 486, y_pixel: 1
2024-12-26 21:01:29,436 - DEBUG - Clamped pixel coordinates - x_pixel: 486, y_pixel: 1
2024-12-26 21:01:29,436 - DEBUG - Converting geo-coordinates to pixel coordinates:
2024-12-26 21:01:29,436 - DEBUG - Inputs - lon: -96.9131798420807, lat: 32.45016195070415, geo_transform: [-96.91482905593689, 3.2754821047208074e-06, 0.0, 32.45018961456989, 0.0, -3.2754821047208074e-06], image_width: 512, image_height: 512
2024-12-26 21:01:29,436 - DEBUG - Parsed GeoTransform - x_origin: -96.91482905593689, pixel_width: 3.2754821047208074e-06, y_origin: 32.45018961456989, pixel_height: -3.2754821047208074e-06
2024-12-26 21:01:29,436 - DEBUG - Computed pixel coordinates before clamping - x_pixel: 503, y_pixel: 8
2024-12-26 21:01:29,436 - DEBUG - Clamped pixel coordinates - x_pixel: 503, y_pixel: 8
2024-12-26 21:01:29,436 - DEBUG - Converting geo-coordinates to pixel coordinates:
2024-12-26 21:01:29,436 - DEBUG - Inputs - lon: -96.91324116671707, lat: 32.450112419267086, geo_transform: [-96.91482905593689, 3.2754821047208074e-06, 0.0, 32.45018961456989, 0.0, -3.2754821047208074e-06], image_width: 512, image_height: 512
2024-12-26 21:01:29,437 - DEBUG - Parsed GeoTransform - x_origin: -96.91482905593689, pixel_width: 3.2754821047208074e-06, y_origin: 32.45018961456989, pixel_height: -3.2754821047208074e-06
2024-12-26 21:01:29,437 - DEBUG - Computed pixel coordinates before clamping - x_pixel: 484, y_pixel: 23
2024-12-26 21:01:29,437 - DEBUG - Clamped pixel coordinates - x_pixel: 484, y_pixel: 23
2024-12-26 21:01:29,437 - DEBUG - Converting geo-coordinates to pixel coordinates:
2024-12-26 21:01:29,437 - DEBUG - Inputs - lon: -96.91329541543385, lat: 32.450169498351705, geo_transform: [-96.91482905593689, 3.2754821047208074e-06, 0.0, 32.45018961456989, 0.0, -3.2754821047208074e-06], image_width: 512, image_height: 512
2024-12-26 21:01:29,437 - DEBUG - Parsed GeoTransform - x_origin: -96.91482905593689, pixel_width: 3.2754821047208074e-06, y_origin: 32.45018961456989, pixel_height: -3.2754821047208074e-06
2024-12-26 21:01:29,437 - DEBUG - Computed pixel coordinates before clamping - x_pixel: 468, y_pixel: 6
2024-12-26 21:01:29,437 - DEBUG - Clamped pixel coordinates - x_pixel: 468, y_pixel: 6
2024-12-26 21:01:29,437 - DEBUG - Converting geo-coordinates to pixel coordinates:
2024-12-26 21:01:29,437 - DEBUG - Inputs - lon: -96.91323503425343, lat: 32.45018317846289, geo_transform: [-96.91482905593689, 3.2754821047208074e-06, 0.0, 32.45018961456989, 0.0, -3.2754821047208074e-06], image_width: 512, image_height: 512
2024-12-26 21:01:29,437 - DEBUG - Parsed GeoTransform - x_origin: -96.91482905593689, pixel_width: 3.2754821047208074e-06, y_origin: 32.45018961456989, pixel_height: -3.2754821047208074e-06
2024-12-26 21:01:29,437 - DEBUG - Computed pixel coordinates before clamping - x_pixel: 486, y_pixel: 1
2024-12-26 21:01:29,437 - DEBUG - Clamped pixel coordinates - x_pixel: 486, y_pixel: 1
2024-12-26 21:01:29,437 - DEBUG - Pixel Coordinates: [(486, 1), (503, 8), (484, 23), (468, 6), (486, 1)] ... (showing first 5 for brevity)
2024-12-26 21:01:29,437 - DEBUG - Pixel Bounding Box: x_min=468, x_max=503, y_min=1, y_max=23
2024-12-26 21:01:29,438 - DEBUG - Pixel bounding box: (468, 1, 503, 23)
2024-12-26 21:01:29,438 - DEBUG - Input is a list. Converting to tensor.
2024-12-26 21:01:29,438 - DEBUG - Input Bounding Boxes (Corner Format): tensor([[468.,   1., 503.,  23.]])
2024-12-26 21:01:29,438 - DEBUG - x_min: 468.0, y_min: 1.0, x_max: 503.0, y_max: 23.0
2024-12-26 21:01:29,438 - DEBUG - Converted Bounding Boxes (Center Format): tensor([[485.5000,  12.0000,  35.0000,  22.0000]])
2024-12-26 21:01:29,438 - DEBUG - Normalized bounding box (cx, cy, w, h): tensor([[485.5000,  12.0000,  35.0000,  22.0000]])
2024-12-26 21:01:29,439 - DEBUG - Processed image tensor shape: torch.Size([3, 512, 512])
2024-12-26 21:01:29,439 - DEBUG - Processed bounding box tensor: tensor([[485.5000,  12.0000,  35.0000,  22.0000]])
2024-12-26 21:01:29,440 - DEBUG - Processing index 2171:
2024-12-26 21:01:29,440 - DEBUG - Image path: ./data/raw/train/PS-RGB_tiled/39_104001001D4E6100_tile_873.png
2024-12-26 21:01:29,440 - DEBUG - Label path: ./data/raw/train/geojson_aircraft_tiled/39_104001001D4E6100_tile_873.geojson
2024-12-26 21:01:29,440 - DEBUG - Auxiliary path: ./data/raw/train/PS-RGB_tiled/39_104001001D4E6100_tile_873.png.aux.xml
2024-12-26 21:01:29,440 - DEBUG - Parsing GeoTransform from: ./data/raw/train/PS-RGB_tiled/39_104001001D4E6100_tile_873.png.aux.xml
2024-12-26 21:01:29,440 - DEBUG - GeoTransform parsed: [-97.41844245237372, 2.9350410282935135e-06, 0.0, 37.65336332892803, 0.0, -2.9350410282935135e-06]
2024-12-26 21:01:29,441 - DEBUG - Reading GeoJSON from: ./data/raw/train/geojson_aircraft_tiled/39_104001001D4E6100_tile_873.geojson
2024-12-26 21:01:29,441 - DEBUG - First feature coordinates: [[[-97.41799183645155, 37.65326081352878], [-97.41804816917093, 37.65336332892803], [-97.41786040514512, 37.65336332892803], [-97.41782749232777, 37.65332372651366], [-97.41799183645155, 37.65326081352878]]]
2024-12-26 21:01:29,441 - DEBUG - Feature properties: {'loc_id': 39, 'cat_id': '104001001D4E6100', 'location': 'Wichita Dwight D. Eisenhower National Airport, Eisenhower Airport Parkway, Wichita, Sedgwick County, Kansas, 67209, USA', 'role': 'Medium Civil Transport/Utility', 'role_id': 2, 'is_plane': 1, 'num_engines': 2, 'propulsion': 'jet', 'canards': 'no', 'num_tail_fins': 1, 'wing_position': 'mid/low mounted', 'wing_type': 'straight', 'length': 19.075721966142194, 'wingspan': 22.068169623789586, 'area': 210.05772035435137, 'faa_wingspan_class': 2, 'Public_Train': 1, 'Public_Test': 0, 'partialDec': 0.6485461273282835, 'truncated': 1, 'new_area': 136.23212105122215}
2024-12-26 21:01:29,441 - DEBUG - GeoJSON Coords: [(-97.41799183645155, 37.65326081352878), (-97.41804816917093, 37.65336332892803), (-97.41786040514512, 37.65336332892803), (-97.41782749232777, 37.65332372651366), (-97.41799183645155, 37.65326081352878)]
2024-12-26 21:01:29,441 - DEBUG - GeoJSON Features: [19.075721966142194, 22.068169623789586, 210.05772035435137, 0, 1, 0, 2, 1, 2]
2024-12-26 21:01:29,441 - DEBUG - Parsed GeoTransform: [-97.41844245237372, 2.9350410282935135e-06, 0.0, 37.65336332892803, 0.0, -2.9350410282935135e-06]
2024-12-26 21:01:29,441 - DEBUG - Parsed GeoJSON coordinates: [(-97.41799183645155, 37.65326081352878), (-97.41804816917093, 37.65336332892803), (-97.41786040514512, 37.65336332892803), (-97.41782749232777, 37.65332372651366), (-97.41799183645155, 37.65326081352878)]
2024-12-26 21:01:29,442 - DEBUG - STREAM b'IHDR' 16 13
2024-12-26 21:01:29,442 - DEBUG - STREAM b'tRNS' 41 6
2024-12-26 21:01:29,442 - DEBUG - STREAM b'IDAT' 59 8192
2024-12-26 21:01:29,452 - DEBUG - Loaded image size: 512x512
2024-12-26 21:01:29,452 - DEBUG - Converting GeoJSON to pixel bounding boxes.
2024-12-26 21:01:29,452 - DEBUG - Input Coordinates: [(-97.41799183645155, 37.65326081352878), (-97.41804816917093, 37.65336332892803), (-97.41786040514512, 37.65336332892803), (-97.41782749232777, 37.65332372651366), (-97.41799183645155, 37.65326081352878)] ... (showing first 5 for brevity)
2024-12-26 21:01:29,452 - DEBUG - GeoTransform: [-97.41844245237372, 2.9350410282935135e-06, 0.0, 37.65336332892803, 0.0, -2.9350410282935135e-06]
2024-12-26 21:01:29,452 - DEBUG - Image Dimensions: width=512, height=512
2024-12-26 21:01:29,452 - DEBUG - Converting geo-coordinates to pixel coordinates:
2024-12-26 21:01:29,452 - DEBUG - Inputs - lon: -97.41799183645155, lat: 37.65326081352878, geo_transform: [-97.41844245237372, 2.9350410282935135e-06, 0.0, 37.65336332892803, 0.0, -2.9350410282935135e-06], image_width: 512, image_height: 512
2024-12-26 21:01:29,452 - DEBUG - Parsed GeoTransform - x_origin: -97.41844245237372, pixel_width: 2.9350410282935135e-06, y_origin: 37.65336332892803, pixel_height: -2.9350410282935135e-06
2024-12-26 21:01:29,452 - DEBUG - Computed pixel coordinates before clamping - x_pixel: 153, y_pixel: 34
2024-12-26 21:01:29,453 - DEBUG - Clamped pixel coordinates - x_pixel: 153, y_pixel: 34
2024-12-26 21:01:29,453 - DEBUG - Converting geo-coordinates to pixel coordinates:
2024-12-26 21:01:29,453 - DEBUG - Inputs - lon: -97.41804816917093, lat: 37.65336332892803, geo_transform: [-97.41844245237372, 2.9350410282935135e-06, 0.0, 37.65336332892803, 0.0, -2.9350410282935135e-06], image_width: 512, image_height: 512
2024-12-26 21:01:29,453 - DEBUG - Parsed GeoTransform - x_origin: -97.41844245237372, pixel_width: 2.9350410282935135e-06, y_origin: 37.65336332892803, pixel_height: -2.9350410282935135e-06
2024-12-26 21:01:29,453 - DEBUG - Computed pixel coordinates before clamping - x_pixel: 134, y_pixel: 0
2024-12-26 21:01:29,453 - DEBUG - Clamped pixel coordinates - x_pixel: 134, y_pixel: 0
2024-12-26 21:01:29,453 - DEBUG - Converting geo-coordinates to pixel coordinates:
2024-12-26 21:01:29,453 - DEBUG - Inputs - lon: -97.41786040514512, lat: 37.65336332892803, geo_transform: [-97.41844245237372, 2.9350410282935135e-06, 0.0, 37.65336332892803, 0.0, -2.9350410282935135e-06], image_width: 512, image_height: 512
2024-12-26 21:01:29,453 - DEBUG - Parsed GeoTransform - x_origin: -97.41844245237372, pixel_width: 2.9350410282935135e-06, y_origin: 37.65336332892803, pixel_height: -2.9350410282935135e-06
2024-12-26 21:01:29,453 - DEBUG - Computed pixel coordinates before clamping - x_pixel: 198, y_pixel: 0
2024-12-26 21:01:29,453 - DEBUG - Clamped pixel coordinates - x_pixel: 198, y_pixel: 0
2024-12-26 21:01:29,453 - DEBUG - Converting geo-coordinates to pixel coordinates:
2024-12-26 21:01:29,453 - DEBUG - Inputs - lon: -97.41782749232777, lat: 37.65332372651366, geo_transform: [-97.41844245237372, 2.9350410282935135e-06, 0.0, 37.65336332892803, 0.0, -2.9350410282935135e-06], image_width: 512, image_height: 512
2024-12-26 21:01:29,453 - DEBUG - Parsed GeoTransform - x_origin: -97.41844245237372, pixel_width: 2.9350410282935135e-06, y_origin: 37.65336332892803, pixel_height: -2.9350410282935135e-06
2024-12-26 21:01:29,453 - DEBUG - Computed pixel coordinates before clamping - x_pixel: 209, y_pixel: 13
2024-12-26 21:01:29,454 - DEBUG - Clamped pixel coordinates - x_pixel: 209, y_pixel: 13
2024-12-26 21:01:29,454 - DEBUG - Converting geo-coordinates to pixel coordinates:
2024-12-26 21:01:29,454 - DEBUG - Inputs - lon: -97.41799183645155, lat: 37.65326081352878, geo_transform: [-97.41844245237372, 2.9350410282935135e-06, 0.0, 37.65336332892803, 0.0, -2.9350410282935135e-06], image_width: 512, image_height: 512
2024-12-26 21:01:29,454 - DEBUG - Parsed GeoTransform - x_origin: -97.41844245237372, pixel_width: 2.9350410282935135e-06, y_origin: 37.65336332892803, pixel_height: -2.9350410282935135e-06
2024-12-26 21:01:29,454 - DEBUG - Computed pixel coordinates before clamping - x_pixel: 153, y_pixel: 34
2024-12-26 21:01:29,454 - DEBUG - Clamped pixel coordinates - x_pixel: 153, y_pixel: 34
2024-12-26 21:01:29,454 - DEBUG - Pixel Coordinates: [(153, 34), (134, 0), (198, 0), (209, 13), (153, 34)] ... (showing first 5 for brevity)
2024-12-26 21:01:29,454 - DEBUG - Pixel Bounding Box: x_min=134, x_max=209, y_min=0, y_max=34
2024-12-26 21:01:29,454 - DEBUG - Pixel bounding box: (134, 0, 209, 34)
2024-12-26 21:01:29,454 - DEBUG - Input is a list. Converting to tensor.
2024-12-26 21:01:29,454 - DEBUG - Input Bounding Boxes (Corner Format): tensor([[134.,   0., 209.,  34.]])
2024-12-26 21:01:29,455 - DEBUG - x_min: 134.0, y_min: 0.0, x_max: 209.0, y_max: 34.0
2024-12-26 21:01:29,455 - DEBUG - Converted Bounding Boxes (Center Format): tensor([[171.5000,  17.0000,  75.0000,  34.0000]])
2024-12-26 21:01:29,455 - DEBUG - Normalized bounding box (cx, cy, w, h): tensor([[171.5000,  17.0000,  75.0000,  34.0000]])
2024-12-26 21:01:29,456 - DEBUG - Processed image tensor shape: torch.Size([3, 512, 512])
2024-12-26 21:01:29,456 - DEBUG - Processed bounding box tensor: tensor([[171.5000,  17.0000,  75.0000,  34.0000]])
2024-12-26 21:01:29,456 - DEBUG - Processing index 2708:
2024-12-26 21:01:29,456 - DEBUG - Image path: ./data/raw/train/PS-RGB_tiled/4_10400100101BE000_tile_863.png
2024-12-26 21:01:29,456 - DEBUG - Label path: ./data/raw/train/geojson_aircraft_tiled/4_10400100101BE000_tile_863.geojson
2024-12-26 21:01:29,456 - DEBUG - Auxiliary path: ./data/raw/train/PS-RGB_tiled/4_10400100101BE000_tile_863.png.aux.xml
2024-12-26 21:01:29,456 - DEBUG - Parsing GeoTransform from: ./data/raw/train/PS-RGB_tiled/4_10400100101BE000_tile_863.png.aux.xml
2024-12-26 21:01:29,457 - DEBUG - GeoTransform parsed: [-122.2993965628927, 3.4225812324953764e-06, 0.0, 47.439324378536334, 0.0, -3.4225812324953764e-06]
2024-12-26 21:01:29,457 - DEBUG - Reading GeoJSON from: ./data/raw/train/geojson_aircraft_tiled/4_10400100101BE000_tile_863.geojson
2024-12-26 21:01:29,457 - DEBUG - First feature coordinates: [[[-122.29816909929816, 47.43844661992855], [-122.29863525987373, 47.4381832083855], [-122.2989165133316, 47.4384394831626], [-122.2986414234443, 47.438703867901005], [-122.29816909929816, 47.43844661992855]]]
2024-12-26 21:01:29,457 - DEBUG - Feature properties: {'loc_id': 4, 'cat_id': '10400100101BE000', 'location': 'Seattle-Tacoma International Airport, Seattle-Tacoma Departures, SeaTac, King County, Washington, 98158, USA', 'role': 'Large Civil Transport/Utility', 'role_id': 3, 'is_plane': 1, 'num_engines': 2, 'propulsion': 'jet', 'canards': 'no', 'num_tail_fins': 1, 'wing_position': 'mid/low mounted', 'wing_type': 'swept', 'length': 56.363597350780786, 'wingspan': 57.86730821576003, 'area': 1630.7750576508201, 'faa_wingspan_class': 5, 'Public_Train': 1, 'Public_Test': 0, 'partialDec': 1.0, 'truncated': 0, 'new_area': 1630.7750576508201}
2024-12-26 21:01:29,457 - DEBUG - GeoJSON Coords: [(-122.29816909929816, 47.43844661992855), (-122.29863525987373, 47.4381832083855), (-122.2989165133316, 47.4384394831626), (-122.2986414234443, 47.438703867901005), (-122.29816909929816, 47.43844661992855)]
2024-12-26 21:01:29,458 - DEBUG - GeoJSON Features: [56.363597350780786, 57.86730821576003, 1630.7750576508201, 1, 1, 0, 2, 1, 5]
2024-12-26 21:01:29,458 - DEBUG - Parsed GeoTransform: [-122.2993965628927, 3.4225812324953764e-06, 0.0, 47.439324378536334, 0.0, -3.4225812324953764e-06]
2024-12-26 21:01:29,458 - DEBUG - Parsed GeoJSON coordinates: [(-122.29816909929816, 47.43844661992855), (-122.29863525987373, 47.4381832083855), (-122.2989165133316, 47.4384394831626), (-122.2986414234443, 47.438703867901005), (-122.29816909929816, 47.43844661992855)]
2024-12-26 21:01:29,458 - DEBUG - STREAM b'IHDR' 16 13
2024-12-26 21:01:29,458 - DEBUG - STREAM b'tRNS' 41 6
2024-12-26 21:01:29,458 - DEBUG - STREAM b'IDAT' 59 8192
2024-12-26 21:01:29,469 - DEBUG - Loaded image size: 512x512
2024-12-26 21:01:29,469 - DEBUG - Converting GeoJSON to pixel bounding boxes.
2024-12-26 21:01:29,469 - DEBUG - Input Coordinates: [(-122.29816909929816, 47.43844661992855), (-122.29863525987373, 47.4381832083855), (-122.2989165133316, 47.4384394831626), (-122.2986414234443, 47.438703867901005), (-122.29816909929816, 47.43844661992855)] ... (showing first 5 for brevity)
2024-12-26 21:01:29,469 - DEBUG - GeoTransform: [-122.2993965628927, 3.4225812324953764e-06, 0.0, 47.439324378536334, 0.0, -3.4225812324953764e-06]
2024-12-26 21:01:29,469 - DEBUG - Image Dimensions: width=512, height=512
2024-12-26 21:01:29,469 - DEBUG - Converting geo-coordinates to pixel coordinates:
2024-12-26 21:01:29,469 - DEBUG - Inputs - lon: -122.29816909929816, lat: 47.43844661992855, geo_transform: [-122.2993965628927, 3.4225812324953764e-06, 0.0, 47.439324378536334, 0.0, -3.4225812324953764e-06], image_width: 512, image_height: 512
2024-12-26 21:01:29,469 - DEBUG - Parsed GeoTransform - x_origin: -122.2993965628927, pixel_width: 3.4225812324953764e-06, y_origin: 47.439324378536334, pixel_height: -3.4225812324953764e-06
2024-12-26 21:01:29,469 - DEBUG - Computed pixel coordinates before clamping - x_pixel: 358, y_pixel: 256
2024-12-26 21:01:29,469 - DEBUG - Clamped pixel coordinates - x_pixel: 358, y_pixel: 256
2024-12-26 21:01:29,469 - DEBUG - Converting geo-coordinates to pixel coordinates:
2024-12-26 21:01:29,469 - DEBUG - Inputs - lon: -122.29863525987373, lat: 47.4381832083855, geo_transform: [-122.2993965628927, 3.4225812324953764e-06, 0.0, 47.439324378536334, 0.0, -3.4225812324953764e-06], image_width: 512, image_height: 512
2024-12-26 21:01:29,469 - DEBUG - Parsed GeoTransform - x_origin: -122.2993965628927, pixel_width: 3.4225812324953764e-06, y_origin: 47.439324378536334, pixel_height: -3.4225812324953764e-06
2024-12-26 21:01:29,470 - DEBUG - Computed pixel coordinates before clamping - x_pixel: 222, y_pixel: 333
2024-12-26 21:01:29,470 - DEBUG - Clamped pixel coordinates - x_pixel: 222, y_pixel: 333
2024-12-26 21:01:29,470 - DEBUG - Converting geo-coordinates to pixel coordinates:
2024-12-26 21:01:29,470 - DEBUG - Inputs - lon: -122.2989165133316, lat: 47.4384394831626, geo_transform: [-122.2993965628927, 3.4225812324953764e-06, 0.0, 47.439324378536334, 0.0, -3.4225812324953764e-06], image_width: 512, image_height: 512
2024-12-26 21:01:29,470 - DEBUG - Parsed GeoTransform - x_origin: -122.2993965628927, pixel_width: 3.4225812324953764e-06, y_origin: 47.439324378536334, pixel_height: -3.4225812324953764e-06
2024-12-26 21:01:29,470 - DEBUG - Computed pixel coordinates before clamping - x_pixel: 140, y_pixel: 258
2024-12-26 21:01:29,470 - DEBUG - Clamped pixel coordinates - x_pixel: 140, y_pixel: 258
2024-12-26 21:01:29,470 - DEBUG - Converting geo-coordinates to pixel coordinates:
2024-12-26 21:01:29,470 - DEBUG - Inputs - lon: -122.2986414234443, lat: 47.438703867901005, geo_transform: [-122.2993965628927, 3.4225812324953764e-06, 0.0, 47.439324378536334, 0.0, -3.4225812324953764e-06], image_width: 512, image_height: 512
2024-12-26 21:01:29,470 - DEBUG - Parsed GeoTransform - x_origin: -122.2993965628927, pixel_width: 3.4225812324953764e-06, y_origin: 47.439324378536334, pixel_height: -3.4225812324953764e-06
2024-12-26 21:01:29,470 - DEBUG - Computed pixel coordinates before clamping - x_pixel: 220, y_pixel: 181
2024-12-26 21:01:29,470 - DEBUG - Clamped pixel coordinates - x_pixel: 220, y_pixel: 181
2024-12-26 21:01:29,470 - DEBUG - Converting geo-coordinates to pixel coordinates:
2024-12-26 21:01:29,470 - DEBUG - Inputs - lon: -122.29816909929816, lat: 47.43844661992855, geo_transform: [-122.2993965628927, 3.4225812324953764e-06, 0.0, 47.439324378536334, 0.0, -3.4225812324953764e-06], image_width: 512, image_height: 512
2024-12-26 21:01:29,470 - DEBUG - Parsed GeoTransform - x_origin: -122.2993965628927, pixel_width: 3.4225812324953764e-06, y_origin: 47.439324378536334, pixel_height: -3.4225812324953764e-06
2024-12-26 21:01:29,470 - DEBUG - Computed pixel coordinates before clamping - x_pixel: 358, y_pixel: 256
2024-12-26 21:01:29,471 - DEBUG - Clamped pixel coordinates - x_pixel: 358, y_pixel: 256
2024-12-26 21:01:29,471 - DEBUG - Pixel Coordinates: [(358, 256), (222, 333), (140, 258), (220, 181), (358, 256)] ... (showing first 5 for brevity)
2024-12-26 21:01:29,471 - DEBUG - Pixel Bounding Box: x_min=140, x_max=358, y_min=181, y_max=333
2024-12-26 21:01:29,471 - DEBUG - Pixel bounding box: (140, 181, 358, 333)
2024-12-26 21:01:29,471 - DEBUG - Input is a list. Converting to tensor.
2024-12-26 21:01:29,471 - DEBUG - Input Bounding Boxes (Corner Format): tensor([[140., 181., 358., 333.]])
2024-12-26 21:01:29,471 - DEBUG - x_min: 140.0, y_min: 181.0, x_max: 358.0, y_max: 333.0
2024-12-26 21:01:29,471 - DEBUG - Converted Bounding Boxes (Center Format): tensor([[249., 257., 218., 152.]])
2024-12-26 21:01:29,472 - DEBUG - Normalized bounding box (cx, cy, w, h): tensor([[249., 257., 218., 152.]])
2024-12-26 21:01:29,472 - DEBUG - Processed image tensor shape: torch.Size([3, 512, 512])
2024-12-26 21:01:29,473 - DEBUG - Processed bounding box tensor: tensor([[249., 257., 218., 152.]])
2024-12-26 21:01:29,473 - DEBUG - Processing index 2284:
2024-12-26 21:01:29,473 - DEBUG - Image path: ./data/raw/train/PS-RGB_tiled/42_10400100055EA300_tile_675.png
2024-12-26 21:01:29,473 - DEBUG - Label path: ./data/raw/train/geojson_aircraft_tiled/42_10400100055EA300_tile_675.geojson
2024-12-26 21:01:29,473 - DEBUG - Auxiliary path: ./data/raw/train/PS-RGB_tiled/42_10400100055EA300_tile_675.png.aux.xml
2024-12-26 21:01:29,473 - DEBUG - Parsing GeoTransform from: ./data/raw/train/PS-RGB_tiled/42_10400100055EA300_tile_675.png.aux.xml
2024-12-26 21:01:29,474 - DEBUG - GeoTransform parsed: [-83.36377755302048, 3.2698676341950576e-06, 0.0, 42.20398192881235, 0.0, -3.2698676341950576e-06]
2024-12-26 21:01:29,474 - DEBUG - Reading GeoJSON from: ./data/raw/train/geojson_aircraft_tiled/42_10400100055EA300_tile_675.geojson
2024-12-26 21:01:29,474 - DEBUG - First feature coordinates: [[[-83.36264102259632, 42.202730284840406], [-83.36294389374542, 42.20249120995462], [-83.36327060794244, 42.20260333672046], [-83.36307148627206, 42.20283467872584], [-83.36264102259632, 42.202730284840406]]]
2024-12-26 21:01:29,474 - DEBUG - Feature properties: {'loc_id': 42, 'cat_id': '10400100055EA300', 'location': 'A72, John D. Dingell Drive, Romulus, Wayne County, Michigan, 48174, USA', 'role': 'Large Civil Transport/Utility', 'role_id': 3, 'is_plane': 1, 'num_engines': 2, 'propulsion': 'jet', 'canards': 'no', 'num_tail_fins': 1, 'wing_position': 'mid/low mounted', 'wing_type': 'swept', 'length': 53.8776135483438, 'wingspan': 39.582758031314, 'area': 1066.3007102189138, 'faa_wingspan_class': 4, 'Public_Train': 1, 'Public_Test': 0, 'partialDec': 1.0, 'truncated': 0, 'new_area': 1066.3007102189138}
2024-12-26 21:01:29,474 - DEBUG - GeoJSON Coords: [(-83.36264102259632, 42.202730284840406), (-83.36294389374542, 42.20249120995462), (-83.36327060794244, 42.20260333672046), (-83.36307148627206, 42.20283467872584), (-83.36264102259632, 42.202730284840406)]
2024-12-26 21:01:29,474 - DEBUG - GeoJSON Features: [53.8776135483438, 39.582758031314, 1066.3007102189138, 1, 1, 0, 2, 1, 4]
2024-12-26 21:01:29,474 - DEBUG - Parsed GeoTransform: [-83.36377755302048, 3.2698676341950576e-06, 0.0, 42.20398192881235, 0.0, -3.2698676341950576e-06]
2024-12-26 21:01:29,474 - DEBUG - Parsed GeoJSON coordinates: [(-83.36264102259632, 42.202730284840406), (-83.36294389374542, 42.20249120995462), (-83.36327060794244, 42.20260333672046), (-83.36307148627206, 42.20283467872584), (-83.36264102259632, 42.202730284840406)]
2024-12-26 21:01:29,475 - DEBUG - STREAM b'IHDR' 16 13
2024-12-26 21:01:29,475 - DEBUG - STREAM b'tRNS' 41 6
2024-12-26 21:01:29,475 - DEBUG - STREAM b'IDAT' 59 8192
2024-12-26 21:01:29,485 - DEBUG - Loaded image size: 512x512
2024-12-26 21:01:29,485 - DEBUG - Converting GeoJSON to pixel bounding boxes.
2024-12-26 21:01:29,486 - DEBUG - Input Coordinates: [(-83.36264102259632, 42.202730284840406), (-83.36294389374542, 42.20249120995462), (-83.36327060794244, 42.20260333672046), (-83.36307148627206, 42.20283467872584), (-83.36264102259632, 42.202730284840406)] ... (showing first 5 for brevity)
2024-12-26 21:01:29,486 - DEBUG - GeoTransform: [-83.36377755302048, 3.2698676341950576e-06, 0.0, 42.20398192881235, 0.0, -3.2698676341950576e-06]
2024-12-26 21:01:29,486 - DEBUG - Image Dimensions: width=512, height=512
2024-12-26 21:01:29,486 - DEBUG - Converting geo-coordinates to pixel coordinates:
2024-12-26 21:01:29,486 - DEBUG - Inputs - lon: -83.36264102259632, lat: 42.202730284840406, geo_transform: [-83.36377755302048, 3.2698676341950576e-06, 0.0, 42.20398192881235, 0.0, -3.2698676341950576e-06], image_width: 512, image_height: 512
2024-12-26 21:01:29,486 - DEBUG - Parsed GeoTransform - x_origin: -83.36377755302048, pixel_width: 3.2698676341950576e-06, y_origin: 42.20398192881235, pixel_height: -3.2698676341950576e-06
2024-12-26 21:01:29,486 - DEBUG - Computed pixel coordinates before clamping - x_pixel: 347, y_pixel: 382
2024-12-26 21:01:29,486 - DEBUG - Clamped pixel coordinates - x_pixel: 347, y_pixel: 382
2024-12-26 21:01:29,486 - DEBUG - Converting geo-coordinates to pixel coordinates:
2024-12-26 21:01:29,486 - DEBUG - Inputs - lon: -83.36294389374542, lat: 42.20249120995462, geo_transform: [-83.36377755302048, 3.2698676341950576e-06, 0.0, 42.20398192881235, 0.0, -3.2698676341950576e-06], image_width: 512, image_height: 512
2024-12-26 21:01:29,486 - DEBUG - Parsed GeoTransform - x_origin: -83.36377755302048, pixel_width: 3.2698676341950576e-06, y_origin: 42.20398192881235, pixel_height: -3.2698676341950576e-06
2024-12-26 21:01:29,486 - DEBUG - Computed pixel coordinates before clamping - x_pixel: 254, y_pixel: 455
2024-12-26 21:01:29,486 - DEBUG - Clamped pixel coordinates - x_pixel: 254, y_pixel: 455
2024-12-26 21:01:29,486 - DEBUG - Converting geo-coordinates to pixel coordinates:
2024-12-26 21:01:29,486 - DEBUG - Inputs - lon: -83.36327060794244, lat: 42.20260333672046, geo_transform: [-83.36377755302048, 3.2698676341950576e-06, 0.0, 42.20398192881235, 0.0, -3.2698676341950576e-06], image_width: 512, image_height: 512
2024-12-26 21:01:29,487 - DEBUG - Parsed GeoTransform - x_origin: -83.36377755302048, pixel_width: 3.2698676341950576e-06, y_origin: 42.20398192881235, pixel_height: -3.2698676341950576e-06
2024-12-26 21:01:29,487 - DEBUG - Computed pixel coordinates before clamping - x_pixel: 155, y_pixel: 421
2024-12-26 21:01:29,487 - DEBUG - Clamped pixel coordinates - x_pixel: 155, y_pixel: 421
2024-12-26 21:01:29,487 - DEBUG - Converting geo-coordinates to pixel coordinates:
2024-12-26 21:01:29,487 - DEBUG - Inputs - lon: -83.36307148627206, lat: 42.20283467872584, geo_transform: [-83.36377755302048, 3.2698676341950576e-06, 0.0, 42.20398192881235, 0.0, -3.2698676341950576e-06], image_width: 512, image_height: 512
2024-12-26 21:01:29,487 - DEBUG - Parsed GeoTransform - x_origin: -83.36377755302048, pixel_width: 3.2698676341950576e-06, y_origin: 42.20398192881235, pixel_height: -3.2698676341950576e-06
2024-12-26 21:01:29,487 - DEBUG - Computed pixel coordinates before clamping - x_pixel: 215, y_pixel: 350
2024-12-26 21:01:29,487 - DEBUG - Clamped pixel coordinates - x_pixel: 215, y_pixel: 350
2024-12-26 21:01:29,487 - DEBUG - Converting geo-coordinates to pixel coordinates:
2024-12-26 21:01:29,487 - DEBUG - Inputs - lon: -83.36264102259632, lat: 42.202730284840406, geo_transform: [-83.36377755302048, 3.2698676341950576e-06, 0.0, 42.20398192881235, 0.0, -3.2698676341950576e-06], image_width: 512, image_height: 512
2024-12-26 21:01:29,487 - DEBUG - Parsed GeoTransform - x_origin: -83.36377755302048, pixel_width: 3.2698676341950576e-06, y_origin: 42.20398192881235, pixel_height: -3.2698676341950576e-06
2024-12-26 21:01:29,487 - DEBUG - Computed pixel coordinates before clamping - x_pixel: 347, y_pixel: 382
2024-12-26 21:01:29,487 - DEBUG - Clamped pixel coordinates - x_pixel: 347, y_pixel: 382
2024-12-26 21:01:29,487 - DEBUG - Pixel Coordinates: [(347, 382), (254, 455), (155, 421), (215, 350), (347, 382)] ... (showing first 5 for brevity)
2024-12-26 21:01:29,487 - DEBUG - Pixel Bounding Box: x_min=155, x_max=347, y_min=350, y_max=455
2024-12-26 21:01:29,487 - DEBUG - Pixel bounding box: (155, 350, 347, 455)
2024-12-26 21:01:29,488 - DEBUG - Input is a list. Converting to tensor.
2024-12-26 21:01:29,488 - DEBUG - Input Bounding Boxes (Corner Format): tensor([[155., 350., 347., 455.]])
2024-12-26 21:01:29,488 - DEBUG - x_min: 155.0, y_min: 350.0, x_max: 347.0, y_max: 455.0
2024-12-26 21:01:29,488 - DEBUG - Converted Bounding Boxes (Center Format): tensor([[251.0000, 402.5000, 192.0000, 105.0000]])
2024-12-26 21:01:29,488 - DEBUG - Normalized bounding box (cx, cy, w, h): tensor([[251.0000, 402.5000, 192.0000, 105.0000]])
2024-12-26 21:01:29,489 - DEBUG - Processed image tensor shape: torch.Size([3, 512, 512])
2024-12-26 21:01:29,490 - DEBUG - Processed bounding box tensor: tensor([[251.0000, 402.5000, 192.0000, 105.0000]])
2024-12-26 21:01:29,490 - DEBUG - Processing index 3621:
2024-12-26 21:01:29,490 - DEBUG - Image path: ./data/raw/train/PS-RGB_tiled/54_1040010042D13B00_tile_553.png
2024-12-26 21:01:29,490 - DEBUG - Label path: ./data/raw/train/geojson_aircraft_tiled/54_1040010042D13B00_tile_553.geojson
2024-12-26 21:01:29,490 - DEBUG - Auxiliary path: ./data/raw/train/PS-RGB_tiled/54_1040010042D13B00_tile_553.png.aux.xml
2024-12-26 21:01:29,490 - DEBUG - Parsing GeoTransform from: ./data/raw/train/PS-RGB_tiled/54_1040010042D13B00_tile_553.png.aux.xml
2024-12-26 21:01:29,490 - DEBUG - GeoTransform parsed: [-80.27981820736959, 3.3058002455598393e-06, 0.0, 25.806764261032793, 0.0, -3.3058002455598393e-06]
2024-12-26 21:01:29,490 - DEBUG - Reading GeoJSON from: ./data/raw/train/geojson_aircraft_tiled/54_1040010042D13B00_tile_553.geojson
2024-12-26 21:01:29,491 - DEBUG - First feature coordinates: [[[-80.27938480930223, 25.806100056877508], [-80.27966419169229, 25.805962558145183], [-80.27981820736959, 25.806108859738465], [-80.27981820736959, 25.806151823580176], [-80.27966325206542, 25.806248204714382], [-80.27938480930223, 25.806100056877508]]]
2024-12-26 21:01:29,491 - DEBUG - Feature properties: {'loc_id': 54, 'cat_id': '1040010042D13B00', 'location': 'Miami International Airport, 2100, Northwest 18th Street, Miami Springs, Alameda, Miami-Dade County, Florida, 33142, USA', 'role': 'Medium Civil Transport/Utility', 'role_id': 2, 'is_plane': 1, 'num_engines': 2, 'propulsion': 'jet', 'canards': 'no', 'num_tail_fins': 1, 'wing_position': 'mid/low mounted', 'wing_type': 'swept', 'length': 46.34742681436133, 'wingspan': 31.634883172140466, 'area': 730.7417798942826, 'faa_wingspan_class': 3, 'Public_Train': 1, 'Public_Test': 0, 'partialDec': 0.9910793646975188, 'truncated': 1, 'new_area': 724.2230989755597}
2024-12-26 21:01:29,491 - DEBUG - GeoJSON Coords: [(-80.27938480930223, 25.806100056877508), (-80.27966419169229, 25.805962558145183), (-80.27981820736959, 25.806108859738465), (-80.27981820736959, 25.806151823580176), (-80.27966325206542, 25.806248204714382), (-80.27938480930223, 25.806100056877508)]
2024-12-26 21:01:29,491 - DEBUG - GeoJSON Features: [46.34742681436133, 31.634883172140466, 730.7417798942826, 1, 1, 0, 2, 1, 3]
2024-12-26 21:01:29,491 - DEBUG - Parsed GeoTransform: [-80.27981820736959, 3.3058002455598393e-06, 0.0, 25.806764261032793, 0.0, -3.3058002455598393e-06]
2024-12-26 21:01:29,491 - DEBUG - Parsed GeoJSON coordinates: [(-80.27938480930223, 25.806100056877508), (-80.27966419169229, 25.805962558145183), (-80.27981820736959, 25.806108859738465), (-80.27981820736959, 25.806151823580176), (-80.27966325206542, 25.806248204714382), (-80.27938480930223, 25.806100056877508)]
2024-12-26 21:01:29,492 - DEBUG - STREAM b'IHDR' 16 13
2024-12-26 21:01:29,492 - DEBUG - STREAM b'tRNS' 41 6
2024-12-26 21:01:29,492 - DEBUG - STREAM b'IDAT' 59 8192
2024-12-26 21:01:29,503 - DEBUG - Loaded image size: 512x512
2024-12-26 21:01:29,503 - DEBUG - Converting GeoJSON to pixel bounding boxes.
2024-12-26 21:01:29,503 - DEBUG - Input Coordinates: [(-80.27938480930223, 25.806100056877508), (-80.27966419169229, 25.805962558145183), (-80.27981820736959, 25.806108859738465), (-80.27981820736959, 25.806151823580176), (-80.27966325206542, 25.806248204714382)] ... (showing first 5 for brevity)
2024-12-26 21:01:29,503 - DEBUG - GeoTransform: [-80.27981820736959, 3.3058002455598393e-06, 0.0, 25.806764261032793, 0.0, -3.3058002455598393e-06]
2024-12-26 21:01:29,503 - DEBUG - Image Dimensions: width=512, height=512
2024-12-26 21:01:29,503 - DEBUG - Converting geo-coordinates to pixel coordinates:
2024-12-26 21:01:29,503 - DEBUG - Inputs - lon: -80.27938480930223, lat: 25.806100056877508, geo_transform: [-80.27981820736959, 3.3058002455598393e-06, 0.0, 25.806764261032793, 0.0, -3.3058002455598393e-06], image_width: 512, image_height: 512
2024-12-26 21:01:29,503 - DEBUG - Parsed GeoTransform - x_origin: -80.27981820736959, pixel_width: 3.3058002455598393e-06, y_origin: 25.806764261032793, pixel_height: -3.3058002455598393e-06
2024-12-26 21:01:29,503 - DEBUG - Computed pixel coordinates before clamping - x_pixel: 131, y_pixel: 200
2024-12-26 21:01:29,503 - DEBUG - Clamped pixel coordinates - x_pixel: 131, y_pixel: 200
2024-12-26 21:01:29,503 - DEBUG - Converting geo-coordinates to pixel coordinates:
2024-12-26 21:01:29,503 - DEBUG - Inputs - lon: -80.27966419169229, lat: 25.805962558145183, geo_transform: [-80.27981820736959, 3.3058002455598393e-06, 0.0, 25.806764261032793, 0.0, -3.3058002455598393e-06], image_width: 512, image_height: 512
2024-12-26 21:01:29,504 - DEBUG - Parsed GeoTransform - x_origin: -80.27981820736959, pixel_width: 3.3058002455598393e-06, y_origin: 25.806764261032793, pixel_height: -3.3058002455598393e-06
2024-12-26 21:01:29,504 - DEBUG - Computed pixel coordinates before clamping - x_pixel: 46, y_pixel: 242
2024-12-26 21:01:29,504 - DEBUG - Clamped pixel coordinates - x_pixel: 46, y_pixel: 242
2024-12-26 21:01:29,504 - DEBUG - Converting geo-coordinates to pixel coordinates:
2024-12-26 21:01:29,504 - DEBUG - Inputs - lon: -80.27981820736959, lat: 25.806108859738465, geo_transform: [-80.27981820736959, 3.3058002455598393e-06, 0.0, 25.806764261032793, 0.0, -3.3058002455598393e-06], image_width: 512, image_height: 512
2024-12-26 21:01:29,504 - DEBUG - Parsed GeoTransform - x_origin: -80.27981820736959, pixel_width: 3.3058002455598393e-06, y_origin: 25.806764261032793, pixel_height: -3.3058002455598393e-06
2024-12-26 21:01:29,504 - DEBUG - Computed pixel coordinates before clamping - x_pixel: 0, y_pixel: 198
2024-12-26 21:01:29,504 - DEBUG - Clamped pixel coordinates - x_pixel: 0, y_pixel: 198
2024-12-26 21:01:29,504 - DEBUG - Converting geo-coordinates to pixel coordinates:
2024-12-26 21:01:29,504 - DEBUG - Inputs - lon: -80.27981820736959, lat: 25.806151823580176, geo_transform: [-80.27981820736959, 3.3058002455598393e-06, 0.0, 25.806764261032793, 0.0, -3.3058002455598393e-06], image_width: 512, image_height: 512
2024-12-26 21:01:29,504 - DEBUG - Parsed GeoTransform - x_origin: -80.27981820736959, pixel_width: 3.3058002455598393e-06, y_origin: 25.806764261032793, pixel_height: -3.3058002455598393e-06
2024-12-26 21:01:29,504 - DEBUG - Computed pixel coordinates before clamping - x_pixel: 0, y_pixel: 185
2024-12-26 21:01:29,504 - DEBUG - Clamped pixel coordinates - x_pixel: 0, y_pixel: 185
2024-12-26 21:01:29,504 - DEBUG - Converting geo-coordinates to pixel coordinates:
2024-12-26 21:01:29,504 - DEBUG - Inputs - lon: -80.27966325206542, lat: 25.806248204714382, geo_transform: [-80.27981820736959, 3.3058002455598393e-06, 0.0, 25.806764261032793, 0.0, -3.3058002455598393e-06], image_width: 512, image_height: 512
2024-12-26 21:01:29,505 - DEBUG - Parsed GeoTransform - x_origin: -80.27981820736959, pixel_width: 3.3058002455598393e-06, y_origin: 25.806764261032793, pixel_height: -3.3058002455598393e-06
2024-12-26 21:01:29,505 - DEBUG - Computed pixel coordinates before clamping - x_pixel: 46, y_pixel: 156
2024-12-26 21:01:29,505 - DEBUG - Clamped pixel coordinates - x_pixel: 46, y_pixel: 156
2024-12-26 21:01:29,505 - DEBUG - Converting geo-coordinates to pixel coordinates:
2024-12-26 21:01:29,505 - DEBUG - Inputs - lon: -80.27938480930223, lat: 25.806100056877508, geo_transform: [-80.27981820736959, 3.3058002455598393e-06, 0.0, 25.806764261032793, 0.0, -3.3058002455598393e-06], image_width: 512, image_height: 512
2024-12-26 21:01:29,505 - DEBUG - Parsed GeoTransform - x_origin: -80.27981820736959, pixel_width: 3.3058002455598393e-06, y_origin: 25.806764261032793, pixel_height: -3.3058002455598393e-06
2024-12-26 21:01:29,505 - DEBUG - Computed pixel coordinates before clamping - x_pixel: 131, y_pixel: 200
2024-12-26 21:01:29,505 - DEBUG - Clamped pixel coordinates - x_pixel: 131, y_pixel: 200
2024-12-26 21:01:29,505 - DEBUG - Pixel Coordinates: [(131, 200), (46, 242), (0, 198), (0, 185), (46, 156)] ... (showing first 5 for brevity)
2024-12-26 21:01:29,505 - DEBUG - Pixel Bounding Box: x_min=0, x_max=131, y_min=156, y_max=242
2024-12-26 21:01:29,505 - DEBUG - Pixel bounding box: (0, 156, 131, 242)
2024-12-26 21:01:29,505 - DEBUG - Input is a list. Converting to tensor.
2024-12-26 21:01:29,506 - DEBUG - Input Bounding Boxes (Corner Format): tensor([[  0., 156., 131., 242.]])
2024-12-26 21:01:29,506 - DEBUG - x_min: 0.0, y_min: 156.0, x_max: 131.0, y_max: 242.0
2024-12-26 21:01:29,506 - DEBUG - Converted Bounding Boxes (Center Format): tensor([[ 65.5000, 199.0000, 131.0000,  86.0000]])
2024-12-26 21:01:29,506 - DEBUG - Normalized bounding box (cx, cy, w, h): tensor([[ 65.5000, 199.0000, 131.0000,  86.0000]])
2024-12-26 21:01:29,507 - DEBUG - Processed image tensor shape: torch.Size([3, 512, 512])
2024-12-26 21:01:29,508 - DEBUG - Processed bounding box tensor: tensor([[ 65.5000, 199.0000, 131.0000,  86.0000]])
2024-12-26 21:01:29,508 - DEBUG - Processing index 4487:
2024-12-26 21:01:29,508 - DEBUG - Image path: ./data/raw/train/PS-RGB_tiled/84_10400100460EF400_tile_165.png
2024-12-26 21:01:29,508 - DEBUG - Label path: ./data/raw/train/geojson_aircraft_tiled/84_10400100460EF400_tile_165.geojson
2024-12-26 21:01:29,508 - DEBUG - Auxiliary path: ./data/raw/train/PS-RGB_tiled/84_10400100460EF400_tile_165.png.aux.xml
2024-12-26 21:01:29,508 - DEBUG - Parsing GeoTransform from: ./data/raw/train/PS-RGB_tiled/84_10400100460EF400_tile_165.png.aux.xml
2024-12-26 21:01:29,509 - DEBUG - GeoTransform parsed: [-80.15089498511179, 3.4372809371413383e-06, 0.0, 26.069955933061763, 0.0, -3.4372809371413383e-06]
2024-12-26 21:01:29,509 - DEBUG - Reading GeoJSON from: ./data/raw/train/geojson_aircraft_tiled/84_10400100460EF400_tile_165.geojson
2024-12-26 21:01:29,509 - DEBUG - First feature coordinates: [[[-80.15047914475251, 26.068712427661197], [-80.1501799123323, 26.068392951187192], [-80.15046079857875, 26.068203795809517], [-80.1507518068521, 26.06839674694728], [-80.15047914475251, 26.068712427661197]]]
2024-12-26 21:01:29,509 - DEBUG - Feature properties: {'loc_id': 84, 'cat_id': '10400100460EF400', 'location': 'Fort Lauderdale-Hollywood International Airport, 100, Terminal Drive, Dania Beach, Port Laudania, Broward County, Florida, 33315, USA', 'role': 'Large Civil Transport/Utility', 'role_id': 3, 'is_plane': 1, 'num_engines': 2, 'propulsion': 'jet', 'canards': 'no', 'num_tail_fins': 1, 'wing_position': 'mid/low mounted', 'wing_type': 'swept', 'length': 56.36320214377333, 'wingspan': 57.20733307286716, 'area': 1610.9102153153879, 'faa_wingspan_class': 5, 'Public_Train': 1, 'Public_Test': 0, 'partialDec': 1.0, 'truncated': 0, 'new_area': 1610.9102153153879}
2024-12-26 21:01:29,509 - DEBUG - GeoJSON Coords: [(-80.15047914475251, 26.068712427661197), (-80.1501799123323, 26.068392951187192), (-80.15046079857875, 26.068203795809517), (-80.1507518068521, 26.06839674694728), (-80.15047914475251, 26.068712427661197)]
2024-12-26 21:01:29,510 - DEBUG - GeoJSON Features: [56.36320214377333, 57.20733307286716, 1610.9102153153879, 1, 1, 0, 2, 1, 5]
2024-12-26 21:01:29,510 - DEBUG - Parsed GeoTransform: [-80.15089498511179, 3.4372809371413383e-06, 0.0, 26.069955933061763, 0.0, -3.4372809371413383e-06]
2024-12-26 21:01:29,510 - DEBUG - Parsed GeoJSON coordinates: [(-80.15047914475251, 26.068712427661197), (-80.1501799123323, 26.068392951187192), (-80.15046079857875, 26.068203795809517), (-80.1507518068521, 26.06839674694728), (-80.15047914475251, 26.068712427661197)]
2024-12-26 21:01:29,510 - DEBUG - STREAM b'IHDR' 16 13
2024-12-26 21:01:29,511 - DEBUG - STREAM b'tRNS' 41 6
2024-12-26 21:01:29,511 - DEBUG - STREAM b'IDAT' 59 8192
2024-12-26 21:01:29,520 - DEBUG - Loaded image size: 512x512
2024-12-26 21:01:29,521 - DEBUG - Converting GeoJSON to pixel bounding boxes.
2024-12-26 21:01:29,521 - DEBUG - Input Coordinates: [(-80.15047914475251, 26.068712427661197), (-80.1501799123323, 26.068392951187192), (-80.15046079857875, 26.068203795809517), (-80.1507518068521, 26.06839674694728), (-80.15047914475251, 26.068712427661197)] ... (showing first 5 for brevity)
2024-12-26 21:01:29,521 - DEBUG - GeoTransform: [-80.15089498511179, 3.4372809371413383e-06, 0.0, 26.069955933061763, 0.0, -3.4372809371413383e-06]
2024-12-26 21:01:29,521 - DEBUG - Image Dimensions: width=512, height=512
2024-12-26 21:01:29,521 - DEBUG - Converting geo-coordinates to pixel coordinates:
2024-12-26 21:01:29,521 - DEBUG - Inputs - lon: -80.15047914475251, lat: 26.068712427661197, geo_transform: [-80.15089498511179, 3.4372809371413383e-06, 0.0, 26.069955933061763, 0.0, -3.4372809371413383e-06], image_width: 512, image_height: 512
2024-12-26 21:01:29,521 - DEBUG - Parsed GeoTransform - x_origin: -80.15089498511179, pixel_width: 3.4372809371413383e-06, y_origin: 26.069955933061763, pixel_height: -3.4372809371413383e-06
2024-12-26 21:01:29,521 - DEBUG - Computed pixel coordinates before clamping - x_pixel: 120, y_pixel: 361
2024-12-26 21:01:29,521 - DEBUG - Clamped pixel coordinates - x_pixel: 120, y_pixel: 361
2024-12-26 21:01:29,521 - DEBUG - Converting geo-coordinates to pixel coordinates:
2024-12-26 21:01:29,521 - DEBUG - Inputs - lon: -80.1501799123323, lat: 26.068392951187192, geo_transform: [-80.15089498511179, 3.4372809371413383e-06, 0.0, 26.069955933061763, 0.0, -3.4372809371413383e-06], image_width: 512, image_height: 512
2024-12-26 21:01:29,521 - DEBUG - Parsed GeoTransform - x_origin: -80.15089498511179, pixel_width: 3.4372809371413383e-06, y_origin: 26.069955933061763, pixel_height: -3.4372809371413383e-06
2024-12-26 21:01:29,521 - DEBUG - Computed pixel coordinates before clamping - x_pixel: 208, y_pixel: 454
2024-12-26 21:01:29,521 - DEBUG - Clamped pixel coordinates - x_pixel: 208, y_pixel: 454
2024-12-26 21:01:29,522 - DEBUG - Converting geo-coordinates to pixel coordinates:
2024-12-26 21:01:29,522 - DEBUG - Inputs - lon: -80.15046079857875, lat: 26.068203795809517, geo_transform: [-80.15089498511179, 3.4372809371413383e-06, 0.0, 26.069955933061763, 0.0, -3.4372809371413383e-06], image_width: 512, image_height: 512
2024-12-26 21:01:29,522 - DEBUG - Parsed GeoTransform - x_origin: -80.15089498511179, pixel_width: 3.4372809371413383e-06, y_origin: 26.069955933061763, pixel_height: -3.4372809371413383e-06
2024-12-26 21:01:29,522 - DEBUG - Computed pixel coordinates before clamping - x_pixel: 126, y_pixel: 509
2024-12-26 21:01:29,522 - DEBUG - Clamped pixel coordinates - x_pixel: 126, y_pixel: 509
2024-12-26 21:01:29,522 - DEBUG - Converting geo-coordinates to pixel coordinates:
2024-12-26 21:01:29,522 - DEBUG - Inputs - lon: -80.1507518068521, lat: 26.06839674694728, geo_transform: [-80.15089498511179, 3.4372809371413383e-06, 0.0, 26.069955933061763, 0.0, -3.4372809371413383e-06], image_width: 512, image_height: 512
2024-12-26 21:01:29,522 - DEBUG - Parsed GeoTransform - x_origin: -80.15089498511179, pixel_width: 3.4372809371413383e-06, y_origin: 26.069955933061763, pixel_height: -3.4372809371413383e-06
2024-12-26 21:01:29,522 - DEBUG - Computed pixel coordinates before clamping - x_pixel: 41, y_pixel: 453
2024-12-26 21:01:29,522 - DEBUG - Clamped pixel coordinates - x_pixel: 41, y_pixel: 453
2024-12-26 21:01:29,522 - DEBUG - Converting geo-coordinates to pixel coordinates:
2024-12-26 21:01:29,522 - DEBUG - Inputs - lon: -80.15047914475251, lat: 26.068712427661197, geo_transform: [-80.15089498511179, 3.4372809371413383e-06, 0.0, 26.069955933061763, 0.0, -3.4372809371413383e-06], image_width: 512, image_height: 512
2024-12-26 21:01:29,522 - DEBUG - Parsed GeoTransform - x_origin: -80.15089498511179, pixel_width: 3.4372809371413383e-06, y_origin: 26.069955933061763, pixel_height: -3.4372809371413383e-06
2024-12-26 21:01:29,522 - DEBUG - Computed pixel coordinates before clamping - x_pixel: 120, y_pixel: 361
2024-12-26 21:01:29,522 - DEBUG - Clamped pixel coordinates - x_pixel: 120, y_pixel: 361
2024-12-26 21:01:29,523 - DEBUG - Pixel Coordinates: [(120, 361), (208, 454), (126, 509), (41, 453), (120, 361)] ... (showing first 5 for brevity)
2024-12-26 21:01:29,523 - DEBUG - Pixel Bounding Box: x_min=41, x_max=208, y_min=361, y_max=509
2024-12-26 21:01:29,523 - DEBUG - Pixel bounding box: (41, 361, 208, 509)
2024-12-26 21:01:29,523 - DEBUG - Input is a list. Converting to tensor.
2024-12-26 21:01:29,523 - DEBUG - Input Bounding Boxes (Corner Format): tensor([[ 41., 361., 208., 509.]])
2024-12-26 21:01:29,523 - DEBUG - x_min: 41.0, y_min: 361.0, x_max: 208.0, y_max: 509.0
2024-12-26 21:01:29,523 - DEBUG - Converted Bounding Boxes (Center Format): tensor([[124.5000, 435.0000, 167.0000, 148.0000]])
2024-12-26 21:01:29,524 - DEBUG - Normalized bounding box (cx, cy, w, h): tensor([[124.5000, 435.0000, 167.0000, 148.0000]])
2024-12-26 21:01:29,525 - DEBUG - Processed image tensor shape: torch.Size([3, 512, 512])
2024-12-26 21:01:29,525 - DEBUG - Processed bounding box tensor: tensor([[124.5000, 435.0000, 167.0000, 148.0000]])
2024-12-26 21:01:29,525 - DEBUG - Processing index 3386:
2024-12-26 21:01:29,525 - DEBUG - Image path: ./data/raw/train/PS-RGB_tiled/54_1040010024086400_tile_581.png
2024-12-26 21:01:29,525 - DEBUG - Label path: ./data/raw/train/geojson_aircraft_tiled/54_1040010024086400_tile_581.geojson
2024-12-26 21:01:29,525 - DEBUG - Auxiliary path: ./data/raw/train/PS-RGB_tiled/54_1040010024086400_tile_581.png.aux.xml
2024-12-26 21:01:29,525 - DEBUG - Parsing GeoTransform from: ./data/raw/train/PS-RGB_tiled/54_1040010024086400_tile_581.png.aux.xml
2024-12-26 21:01:29,526 - DEBUG - GeoTransform parsed: [-80.28175571174714, 3.14247019390011e-06, 0.0, 25.808116296739822, 0.0, -3.14247019390011e-06]
2024-12-26 21:01:29,526 - DEBUG - Reading GeoJSON from: ./data/raw/train/geojson_aircraft_tiled/54_1040010024086400_tile_581.geojson
2024-12-26 21:01:29,526 - DEBUG - First feature coordinates: [[[-80.28169726609758, 25.806546140875987], [-80.28175571174714, 25.806661775279416], [-80.28175571174714, 25.806881112783415], [-80.2816597411061, 25.80696901866471], [-80.28150819787123, 25.80678644514842], [-80.28169726609758, 25.806546140875987]]]
2024-12-26 21:01:29,526 - DEBUG - Feature properties: {'loc_id': 54, 'cat_id': '1040010024086400', 'location': 'Miami International Airport, 2100, Northwest 18th Street, Miami Springs, Alameda, Miami-Dade County, Florida, 33142, USA', 'role': 'Medium Civil Transport/Utility', 'role_id': 2, 'is_plane': 1, 'num_engines': 2, 'propulsion': 'jet', 'canards': 'no', 'num_tail_fins': 1, 'wing_position': 'mid/low mounted', 'wing_type': 'swept', 'length': 46.98362934480634, 'wingspan': 32.52963347488909, 'area': 764.1666238638497, 'faa_wingspan_class': 3, 'Public_Train': 1, 'Public_Test': 0, 'partialDec': 0.8792610085892679, 'truncated': 1, 'new_area': 671.9019164287843}
2024-12-26 21:01:29,526 - DEBUG - GeoJSON Coords: [(-80.28169726609758, 25.806546140875987), (-80.28175571174714, 25.806661775279416), (-80.28175571174714, 25.806881112783415), (-80.2816597411061, 25.80696901866471), (-80.28150819787123, 25.80678644514842), (-80.28169726609758, 25.806546140875987)]
2024-12-26 21:01:29,526 - DEBUG - GeoJSON Features: [46.98362934480634, 32.52963347488909, 764.1666238638497, 1, 1, 0, 2, 1, 3]
2024-12-26 21:01:29,526 - DEBUG - Parsed GeoTransform: [-80.28175571174714, 3.14247019390011e-06, 0.0, 25.808116296739822, 0.0, -3.14247019390011e-06]
2024-12-26 21:01:29,527 - DEBUG - Parsed GeoJSON coordinates: [(-80.28169726609758, 25.806546140875987), (-80.28175571174714, 25.806661775279416), (-80.28175571174714, 25.806881112783415), (-80.2816597411061, 25.80696901866471), (-80.28150819787123, 25.80678644514842), (-80.28169726609758, 25.806546140875987)]
2024-12-26 21:01:29,527 - DEBUG - STREAM b'IHDR' 16 13
2024-12-26 21:01:29,527 - DEBUG - STREAM b'tRNS' 41 6
2024-12-26 21:01:29,527 - DEBUG - STREAM b'IDAT' 59 8192
2024-12-26 21:01:29,538 - DEBUG - Loaded image size: 512x512
2024-12-26 21:01:29,538 - DEBUG - Converting GeoJSON to pixel bounding boxes.
2024-12-26 21:01:29,538 - DEBUG - Input Coordinates: [(-80.28169726609758, 25.806546140875987), (-80.28175571174714, 25.806661775279416), (-80.28175571174714, 25.806881112783415), (-80.2816597411061, 25.80696901866471), (-80.28150819787123, 25.80678644514842)] ... (showing first 5 for brevity)
2024-12-26 21:01:29,538 - DEBUG - GeoTransform: [-80.28175571174714, 3.14247019390011e-06, 0.0, 25.808116296739822, 0.0, -3.14247019390011e-06]
2024-12-26 21:01:29,538 - DEBUG - Image Dimensions: width=512, height=512
2024-12-26 21:01:29,538 - DEBUG - Converting geo-coordinates to pixel coordinates:
2024-12-26 21:01:29,538 - DEBUG - Inputs - lon: -80.28169726609758, lat: 25.806546140875987, geo_transform: [-80.28175571174714, 3.14247019390011e-06, 0.0, 25.808116296739822, 0.0, -3.14247019390011e-06], image_width: 512, image_height: 512
2024-12-26 21:01:29,538 - DEBUG - Parsed GeoTransform - x_origin: -80.28175571174714, pixel_width: 3.14247019390011e-06, y_origin: 25.808116296739822, pixel_height: -3.14247019390011e-06
2024-12-26 21:01:29,539 - DEBUG - Computed pixel coordinates before clamping - x_pixel: 18, y_pixel: 499
2024-12-26 21:01:29,539 - DEBUG - Clamped pixel coordinates - x_pixel: 18, y_pixel: 499
2024-12-26 21:01:29,539 - DEBUG - Converting geo-coordinates to pixel coordinates:
2024-12-26 21:01:29,539 - DEBUG - Inputs - lon: -80.28175571174714, lat: 25.806661775279416, geo_transform: [-80.28175571174714, 3.14247019390011e-06, 0.0, 25.808116296739822, 0.0, -3.14247019390011e-06], image_width: 512, image_height: 512
2024-12-26 21:01:29,539 - DEBUG - Parsed GeoTransform - x_origin: -80.28175571174714, pixel_width: 3.14247019390011e-06, y_origin: 25.808116296739822, pixel_height: -3.14247019390011e-06
2024-12-26 21:01:29,539 - DEBUG - Computed pixel coordinates before clamping - x_pixel: 0, y_pixel: 462
2024-12-26 21:01:29,539 - DEBUG - Clamped pixel coordinates - x_pixel: 0, y_pixel: 462
2024-12-26 21:01:29,539 - DEBUG - Converting geo-coordinates to pixel coordinates:
2024-12-26 21:01:29,539 - DEBUG - Inputs - lon: -80.28175571174714, lat: 25.806881112783415, geo_transform: [-80.28175571174714, 3.14247019390011e-06, 0.0, 25.808116296739822, 0.0, -3.14247019390011e-06], image_width: 512, image_height: 512
2024-12-26 21:01:29,539 - DEBUG - Parsed GeoTransform - x_origin: -80.28175571174714, pixel_width: 3.14247019390011e-06, y_origin: 25.808116296739822, pixel_height: -3.14247019390011e-06
2024-12-26 21:01:29,539 - DEBUG - Computed pixel coordinates before clamping - x_pixel: 0, y_pixel: 393
2024-12-26 21:01:29,539 - DEBUG - Clamped pixel coordinates - x_pixel: 0, y_pixel: 393
2024-12-26 21:01:29,539 - DEBUG - Converting geo-coordinates to pixel coordinates:
2024-12-26 21:01:29,539 - DEBUG - Inputs - lon: -80.2816597411061, lat: 25.80696901866471, geo_transform: [-80.28175571174714, 3.14247019390011e-06, 0.0, 25.808116296739822, 0.0, -3.14247019390011e-06], image_width: 512, image_height: 512
2024-12-26 21:01:29,539 - DEBUG - Parsed GeoTransform - x_origin: -80.28175571174714, pixel_width: 3.14247019390011e-06, y_origin: 25.808116296739822, pixel_height: -3.14247019390011e-06
2024-12-26 21:01:29,540 - DEBUG - Computed pixel coordinates before clamping - x_pixel: 30, y_pixel: 365
2024-12-26 21:01:29,540 - DEBUG - Clamped pixel coordinates - x_pixel: 30, y_pixel: 365
2024-12-26 21:01:29,540 - DEBUG - Converting geo-coordinates to pixel coordinates:
2024-12-26 21:01:29,540 - DEBUG - Inputs - lon: -80.28150819787123, lat: 25.80678644514842, geo_transform: [-80.28175571174714, 3.14247019390011e-06, 0.0, 25.808116296739822, 0.0, -3.14247019390011e-06], image_width: 512, image_height: 512
2024-12-26 21:01:29,540 - DEBUG - Parsed GeoTransform - x_origin: -80.28175571174714, pixel_width: 3.14247019390011e-06, y_origin: 25.808116296739822, pixel_height: -3.14247019390011e-06
2024-12-26 21:01:29,540 - DEBUG - Computed pixel coordinates before clamping - x_pixel: 78, y_pixel: 423
2024-12-26 21:01:29,540 - DEBUG - Clamped pixel coordinates - x_pixel: 78, y_pixel: 423
2024-12-26 21:01:29,540 - DEBUG - Converting geo-coordinates to pixel coordinates:
2024-12-26 21:01:29,540 - DEBUG - Inputs - lon: -80.28169726609758, lat: 25.806546140875987, geo_transform: [-80.28175571174714, 3.14247019390011e-06, 0.0, 25.808116296739822, 0.0, -3.14247019390011e-06], image_width: 512, image_height: 512
2024-12-26 21:01:29,540 - DEBUG - Parsed GeoTransform - x_origin: -80.28175571174714, pixel_width: 3.14247019390011e-06, y_origin: 25.808116296739822, pixel_height: -3.14247019390011e-06
2024-12-26 21:01:29,540 - DEBUG - Computed pixel coordinates before clamping - x_pixel: 18, y_pixel: 499
2024-12-26 21:01:29,540 - DEBUG - Clamped pixel coordinates - x_pixel: 18, y_pixel: 499
2024-12-26 21:01:29,540 - DEBUG - Pixel Coordinates: [(18, 499), (0, 462), (0, 393), (30, 365), (78, 423)] ... (showing first 5 for brevity)
2024-12-26 21:01:29,540 - DEBUG - Pixel Bounding Box: x_min=0, x_max=78, y_min=365, y_max=499
2024-12-26 21:01:29,540 - DEBUG - Pixel bounding box: (0, 365, 78, 499)
2024-12-26 21:01:29,541 - DEBUG - Input is a list. Converting to tensor.
2024-12-26 21:01:29,541 - DEBUG - Input Bounding Boxes (Corner Format): tensor([[  0., 365.,  78., 499.]])
2024-12-26 21:01:29,541 - DEBUG - x_min: 0.0, y_min: 365.0, x_max: 78.0, y_max: 499.0
2024-12-26 21:01:29,541 - DEBUG - Converted Bounding Boxes (Center Format): tensor([[ 39., 432.,  78., 134.]])
2024-12-26 21:01:29,541 - DEBUG - Normalized bounding box (cx, cy, w, h): tensor([[ 39., 432.,  78., 134.]])
2024-12-26 21:01:29,542 - DEBUG - Processed image tensor shape: torch.Size([3, 512, 512])
2024-12-26 21:01:29,543 - DEBUG - Processed bounding box tensor: tensor([[ 39., 432.,  78., 134.]])
2024-12-26 21:01:29,543 - DEBUG - Processing index 4089:
2024-12-26 21:01:29,543 - DEBUG - Image path: ./data/raw/train/PS-RGB_tiled/65_10400100415CB400_tile_101.png
2024-12-26 21:01:29,543 - DEBUG - Label path: ./data/raw/train/geojson_aircraft_tiled/65_10400100415CB400_tile_101.geojson
2024-12-26 21:01:29,543 - DEBUG - Auxiliary path: ./data/raw/train/PS-RGB_tiled/65_10400100415CB400_tile_101.png.aux.xml
2024-12-26 21:01:29,543 - DEBUG - Parsing GeoTransform from: ./data/raw/train/PS-RGB_tiled/65_10400100415CB400_tile_101.png.aux.xml
2024-12-26 21:01:29,544 - DEBUG - GeoTransform parsed: [-105.15733104767232, 3.2743592106156553e-06, 0.0, 40.1645512355746, 0.0, -3.2743592106156553e-06]
2024-12-26 21:01:29,544 - DEBUG - Reading GeoJSON from: ./data/raw/train/geojson_aircraft_tiled/65_10400100415CB400_tile_101.geojson
2024-12-26 21:01:29,544 - DEBUG - First feature coordinates: [[[-105.15684404065892, 40.16364766809566], [-105.15678828753965, 40.16367855291713], [-105.15676181483553, 40.16360274471897], [-105.15686128802676, 40.16359392048427], [-105.15684404065892, 40.16364766809566]]]
2024-12-26 21:01:29,544 - DEBUG - Feature properties: {'loc_id': 65, 'cat_id': '10400100415CB400', 'location': 'Longmont Vance Brand Municipal Airport, Saint Vrain Road, Longmont, Boulder County, Colorado, 80533, USA', 'role': 'Small Civil Transport/Utility', 'role_id': 1, 'is_plane': 1, 'num_engines': 1, 'propulsion': 'propeller', 'canards': 'no', 'num_tail_fins': 1, 'wing_position': 'high mounted', 'wing_type': 'straight', 'length': 8.59594939962767, 'wingspan': 11.264307676101945, 'area': 48.38539035271365, 'faa_wingspan_class': 1, 'Public_Train': 1, 'Public_Test': 0, 'partialDec': 1.0, 'truncated': 0, 'new_area': 48.38539035271365}
2024-12-26 21:01:29,544 - DEBUG - GeoJSON Coords: [(-105.15684404065892, 40.16364766809566), (-105.15678828753965, 40.16367855291713), (-105.15676181483553, 40.16360274471897), (-105.15686128802676, 40.16359392048427), (-105.15684404065892, 40.16364766809566)]
2024-12-26 21:01:29,544 - DEBUG - GeoJSON Features: [8.59594939962767, 11.264307676101945, 48.38539035271365, 0, 0, 0, 1, 1, 1]
2024-12-26 21:01:29,544 - DEBUG - Parsed GeoTransform: [-105.15733104767232, 3.2743592106156553e-06, 0.0, 40.1645512355746, 0.0, -3.2743592106156553e-06]
2024-12-26 21:01:29,544 - DEBUG - Parsed GeoJSON coordinates: [(-105.15684404065892, 40.16364766809566), (-105.15678828753965, 40.16367855291713), (-105.15676181483553, 40.16360274471897), (-105.15686128802676, 40.16359392048427), (-105.15684404065892, 40.16364766809566)]
2024-12-26 21:01:29,545 - DEBUG - STREAM b'IHDR' 16 13
2024-12-26 21:01:29,545 - DEBUG - STREAM b'tRNS' 41 6
2024-12-26 21:01:29,545 - DEBUG - STREAM b'IDAT' 59 8192
2024-12-26 21:01:29,555 - DEBUG - Loaded image size: 512x512
2024-12-26 21:01:29,555 - DEBUG - Converting GeoJSON to pixel bounding boxes.
2024-12-26 21:01:29,555 - DEBUG - Input Coordinates: [(-105.15684404065892, 40.16364766809566), (-105.15678828753965, 40.16367855291713), (-105.15676181483553, 40.16360274471897), (-105.15686128802676, 40.16359392048427), (-105.15684404065892, 40.16364766809566)] ... (showing first 5 for brevity)
2024-12-26 21:01:29,555 - DEBUG - GeoTransform: [-105.15733104767232, 3.2743592106156553e-06, 0.0, 40.1645512355746, 0.0, -3.2743592106156553e-06]
2024-12-26 21:01:29,555 - DEBUG - Image Dimensions: width=512, height=512
2024-12-26 21:01:29,555 - DEBUG - Converting geo-coordinates to pixel coordinates:
2024-12-26 21:01:29,555 - DEBUG - Inputs - lon: -105.15684404065892, lat: 40.16364766809566, geo_transform: [-105.15733104767232, 3.2743592106156553e-06, 0.0, 40.1645512355746, 0.0, -3.2743592106156553e-06], image_width: 512, image_height: 512
2024-12-26 21:01:29,555 - DEBUG - Parsed GeoTransform - x_origin: -105.15733104767232, pixel_width: 3.2743592106156553e-06, y_origin: 40.1645512355746, pixel_height: -3.2743592106156553e-06
2024-12-26 21:01:29,555 - DEBUG - Computed pixel coordinates before clamping - x_pixel: 148, y_pixel: 275
2024-12-26 21:01:29,555 - DEBUG - Clamped pixel coordinates - x_pixel: 148, y_pixel: 275
2024-12-26 21:01:29,555 - DEBUG - Converting geo-coordinates to pixel coordinates:
2024-12-26 21:01:29,555 - DEBUG - Inputs - lon: -105.15678828753965, lat: 40.16367855291713, geo_transform: [-105.15733104767232, 3.2743592106156553e-06, 0.0, 40.1645512355746, 0.0, -3.2743592106156553e-06], image_width: 512, image_height: 512
2024-12-26 21:01:29,556 - DEBUG - Parsed GeoTransform - x_origin: -105.15733104767232, pixel_width: 3.2743592106156553e-06, y_origin: 40.1645512355746, pixel_height: -3.2743592106156553e-06
2024-12-26 21:01:29,556 - DEBUG - Computed pixel coordinates before clamping - x_pixel: 165, y_pixel: 266
2024-12-26 21:01:29,556 - DEBUG - Clamped pixel coordinates - x_pixel: 165, y_pixel: 266
2024-12-26 21:01:29,556 - DEBUG - Converting geo-coordinates to pixel coordinates:
2024-12-26 21:01:29,556 - DEBUG - Inputs - lon: -105.15676181483553, lat: 40.16360274471897, geo_transform: [-105.15733104767232, 3.2743592106156553e-06, 0.0, 40.1645512355746, 0.0, -3.2743592106156553e-06], image_width: 512, image_height: 512
2024-12-26 21:01:29,556 - DEBUG - Parsed GeoTransform - x_origin: -105.15733104767232, pixel_width: 3.2743592106156553e-06, y_origin: 40.1645512355746, pixel_height: -3.2743592106156553e-06
2024-12-26 21:01:29,556 - DEBUG - Computed pixel coordinates before clamping - x_pixel: 173, y_pixel: 289
2024-12-26 21:01:29,556 - DEBUG - Clamped pixel coordinates - x_pixel: 173, y_pixel: 289
2024-12-26 21:01:29,556 - DEBUG - Converting geo-coordinates to pixel coordinates:
2024-12-26 21:01:29,556 - DEBUG - Inputs - lon: -105.15686128802676, lat: 40.16359392048427, geo_transform: [-105.15733104767232, 3.2743592106156553e-06, 0.0, 40.1645512355746, 0.0, -3.2743592106156553e-06], image_width: 512, image_height: 512
2024-12-26 21:01:29,556 - DEBUG - Parsed GeoTransform - x_origin: -105.15733104767232, pixel_width: 3.2743592106156553e-06, y_origin: 40.1645512355746, pixel_height: -3.2743592106156553e-06
2024-12-26 21:01:29,556 - DEBUG - Computed pixel coordinates before clamping - x_pixel: 143, y_pixel: 292
2024-12-26 21:01:29,556 - DEBUG - Clamped pixel coordinates - x_pixel: 143, y_pixel: 292
2024-12-26 21:01:29,556 - DEBUG - Converting geo-coordinates to pixel coordinates:
2024-12-26 21:01:29,556 - DEBUG - Inputs - lon: -105.15684404065892, lat: 40.16364766809566, geo_transform: [-105.15733104767232, 3.2743592106156553e-06, 0.0, 40.1645512355746, 0.0, -3.2743592106156553e-06], image_width: 512, image_height: 512
2024-12-26 21:01:29,557 - DEBUG - Parsed GeoTransform - x_origin: -105.15733104767232, pixel_width: 3.2743592106156553e-06, y_origin: 40.1645512355746, pixel_height: -3.2743592106156553e-06
2024-12-26 21:01:29,557 - DEBUG - Computed pixel coordinates before clamping - x_pixel: 148, y_pixel: 275
2024-12-26 21:01:29,557 - DEBUG - Clamped pixel coordinates - x_pixel: 148, y_pixel: 275
2024-12-26 21:01:29,557 - DEBUG - Pixel Coordinates: [(148, 275), (165, 266), (173, 289), (143, 292), (148, 275)] ... (showing first 5 for brevity)
2024-12-26 21:01:29,557 - DEBUG - Pixel Bounding Box: x_min=143, x_max=173, y_min=266, y_max=292
2024-12-26 21:01:29,557 - DEBUG - Pixel bounding box: (143, 266, 173, 292)
2024-12-26 21:01:29,557 - DEBUG - Input is a list. Converting to tensor.
2024-12-26 21:01:29,557 - DEBUG - Input Bounding Boxes (Corner Format): tensor([[143., 266., 173., 292.]])
2024-12-26 21:01:29,557 - DEBUG - x_min: 143.0, y_min: 266.0, x_max: 173.0, y_max: 292.0
2024-12-26 21:01:29,558 - DEBUG - Converted Bounding Boxes (Center Format): tensor([[158., 279.,  30.,  26.]])
2024-12-26 21:01:29,558 - DEBUG - Normalized bounding box (cx, cy, w, h): tensor([[158., 279.,  30.,  26.]])
2024-12-26 21:01:29,559 - DEBUG - Processed image tensor shape: torch.Size([3, 512, 512])
2024-12-26 21:01:29,559 - DEBUG - Processed bounding box tensor: tensor([[158., 279.,  30.,  26.]])
2024-12-26 21:01:29,559 - DEBUG - Processing index 660:
2024-12-26 21:01:29,559 - DEBUG - Image path: ./data/raw/train/PS-RGB_tiled/118_104001000A341F00_tile_654.png
2024-12-26 21:01:29,559 - DEBUG - Label path: ./data/raw/train/geojson_aircraft_tiled/118_104001000A341F00_tile_654.geojson
2024-12-26 21:01:29,559 - DEBUG - Auxiliary path: ./data/raw/train/PS-RGB_tiled/118_104001000A341F00_tile_654.png.aux.xml
2024-12-26 21:01:29,559 - DEBUG - Parsing GeoTransform from: ./data/raw/train/PS-RGB_tiled/118_104001000A341F00_tile_654.png.aux.xml
2024-12-26 21:01:29,560 - DEBUG - GeoTransform parsed: [-87.89912813669186, 3.126137188735935e-06, 0.0, 42.94978751053037, 0.0, -3.126137188735935e-06]
2024-12-26 21:01:29,560 - DEBUG - Reading GeoJSON from: ./data/raw/train/geojson_aircraft_tiled/118_104001000A341F00_tile_654.geojson
2024-12-26 21:01:29,560 - DEBUG - First feature coordinates: [[[-87.89896519277977, 42.94871330864184], [-87.89912813669186, 42.94872840568162], [-87.89912813669186, 42.94897643288505], [-87.89896519277977, 42.94871330864184]]]
2024-12-26 21:01:29,560 - DEBUG - Feature properties: {'loc_id': 118, 'cat_id': '104001000A341F00', 'location': 'Trituration Building, Bus Parking Only, Milwaukee, Milwaukee County, Wisconsin, 53207-6127, USA', 'role': 'Medium Civil Transport/Utility', 'role_id': 2, 'is_plane': 1, 'num_engines': 2, 'propulsion': 'jet', 'canards': 'no', 'num_tail_fins': 1, 'wing_position': 'mid/low mounted', 'wing_type': 'swept', 'length': 43.909187773086316, 'wingspan': 33.21625826548158, 'area': 728.2006602300978, 'faa_wingspan_class': 3, 'Public_Train': 1, 'Public_Test': 0, 'partialDec': 0.2514108365452362, 'truncated': 1, 'new_area': 183.07753716124222}
2024-12-26 21:01:29,560 - DEBUG - GeoJSON Coords: [(-87.89896519277977, 42.94871330864184), (-87.89912813669186, 42.94872840568162), (-87.89912813669186, 42.94897643288505), (-87.89896519277977, 42.94871330864184)]
2024-12-26 21:01:29,560 - DEBUG - GeoJSON Features: [43.909187773086316, 33.21625826548158, 728.2006602300978, 1, 1, 0, 2, 1, 3]
2024-12-26 21:01:29,561 - DEBUG - Parsed GeoTransform: [-87.89912813669186, 3.126137188735935e-06, 0.0, 42.94978751053037, 0.0, -3.126137188735935e-06]
2024-12-26 21:01:29,561 - DEBUG - Parsed GeoJSON coordinates: [(-87.89896519277977, 42.94871330864184), (-87.89912813669186, 42.94872840568162), (-87.89912813669186, 42.94897643288505), (-87.89896519277977, 42.94871330864184)]
2024-12-26 21:01:29,561 - DEBUG - STREAM b'IHDR' 16 13
2024-12-26 21:01:29,561 - DEBUG - STREAM b'tRNS' 41 6
2024-12-26 21:01:29,561 - DEBUG - STREAM b'IDAT' 59 8192
2024-12-26 21:01:29,571 - DEBUG - Loaded image size: 512x512
2024-12-26 21:01:29,571 - DEBUG - Converting GeoJSON to pixel bounding boxes.
2024-12-26 21:01:29,571 - DEBUG - Input Coordinates: [(-87.89896519277977, 42.94871330864184), (-87.89912813669186, 42.94872840568162), (-87.89912813669186, 42.94897643288505), (-87.89896519277977, 42.94871330864184)] ... (showing first 5 for brevity)
2024-12-26 21:01:29,571 - DEBUG - GeoTransform: [-87.89912813669186, 3.126137188735935e-06, 0.0, 42.94978751053037, 0.0, -3.126137188735935e-06]
2024-12-26 21:01:29,571 - DEBUG - Image Dimensions: width=512, height=512
2024-12-26 21:01:29,572 - DEBUG - Converting geo-coordinates to pixel coordinates:
2024-12-26 21:01:29,572 - DEBUG - Inputs - lon: -87.89896519277977, lat: 42.94871330864184, geo_transform: [-87.89912813669186, 3.126137188735935e-06, 0.0, 42.94978751053037, 0.0, -3.126137188735935e-06], image_width: 512, image_height: 512
2024-12-26 21:01:29,572 - DEBUG - Parsed GeoTransform - x_origin: -87.89912813669186, pixel_width: 3.126137188735935e-06, y_origin: 42.94978751053037, pixel_height: -3.126137188735935e-06
2024-12-26 21:01:29,572 - DEBUG - Computed pixel coordinates before clamping - x_pixel: 52, y_pixel: 343
2024-12-26 21:01:29,572 - DEBUG - Clamped pixel coordinates - x_pixel: 52, y_pixel: 343
2024-12-26 21:01:29,572 - DEBUG - Converting geo-coordinates to pixel coordinates:
2024-12-26 21:01:29,572 - DEBUG - Inputs - lon: -87.89912813669186, lat: 42.94872840568162, geo_transform: [-87.89912813669186, 3.126137188735935e-06, 0.0, 42.94978751053037, 0.0, -3.126137188735935e-06], image_width: 512, image_height: 512
2024-12-26 21:01:29,572 - DEBUG - Parsed GeoTransform - x_origin: -87.89912813669186, pixel_width: 3.126137188735935e-06, y_origin: 42.94978751053037, pixel_height: -3.126137188735935e-06
2024-12-26 21:01:29,572 - DEBUG - Computed pixel coordinates before clamping - x_pixel: 0, y_pixel: 338
2024-12-26 21:01:29,572 - DEBUG - Clamped pixel coordinates - x_pixel: 0, y_pixel: 338
2024-12-26 21:01:29,572 - DEBUG - Converting geo-coordinates to pixel coordinates:
2024-12-26 21:01:29,572 - DEBUG - Inputs - lon: -87.89912813669186, lat: 42.94897643288505, geo_transform: [-87.89912813669186, 3.126137188735935e-06, 0.0, 42.94978751053037, 0.0, -3.126137188735935e-06], image_width: 512, image_height: 512
2024-12-26 21:01:29,572 - DEBUG - Parsed GeoTransform - x_origin: -87.89912813669186, pixel_width: 3.126137188735935e-06, y_origin: 42.94978751053037, pixel_height: -3.126137188735935e-06
2024-12-26 21:01:29,572 - DEBUG - Computed pixel coordinates before clamping - x_pixel: 0, y_pixel: 259
2024-12-26 21:01:29,573 - DEBUG - Clamped pixel coordinates - x_pixel: 0, y_pixel: 259
2024-12-26 21:01:29,573 - DEBUG - Converting geo-coordinates to pixel coordinates:
2024-12-26 21:01:29,573 - DEBUG - Inputs - lon: -87.89896519277977, lat: 42.94871330864184, geo_transform: [-87.89912813669186, 3.126137188735935e-06, 0.0, 42.94978751053037, 0.0, -3.126137188735935e-06], image_width: 512, image_height: 512
2024-12-26 21:01:29,573 - DEBUG - Parsed GeoTransform - x_origin: -87.89912813669186, pixel_width: 3.126137188735935e-06, y_origin: 42.94978751053037, pixel_height: -3.126137188735935e-06
2024-12-26 21:01:29,573 - DEBUG - Computed pixel coordinates before clamping - x_pixel: 52, y_pixel: 343
2024-12-26 21:01:29,573 - DEBUG - Clamped pixel coordinates - x_pixel: 52, y_pixel: 343
2024-12-26 21:01:29,573 - DEBUG - Pixel Coordinates: [(52, 343), (0, 338), (0, 259), (52, 343)] ... (showing first 5 for brevity)
2024-12-26 21:01:29,573 - DEBUG - Pixel Bounding Box: x_min=0, x_max=52, y_min=259, y_max=343
2024-12-26 21:01:29,573 - DEBUG - Pixel bounding box: (0, 259, 52, 343)
2024-12-26 21:01:29,573 - DEBUG - Input is a list. Converting to tensor.
2024-12-26 21:01:29,573 - DEBUG - Input Bounding Boxes (Corner Format): tensor([[  0., 259.,  52., 343.]])
2024-12-26 21:01:29,573 - DEBUG - x_min: 0.0, y_min: 259.0, x_max: 52.0, y_max: 343.0
2024-12-26 21:01:29,574 - DEBUG - Converted Bounding Boxes (Center Format): tensor([[ 26., 301.,  52.,  84.]])
2024-12-26 21:01:29,574 - DEBUG - Normalized bounding box (cx, cy, w, h): tensor([[ 26., 301.,  52.,  84.]])
2024-12-26 21:01:29,575 - DEBUG - Processed image tensor shape: torch.Size([3, 512, 512])
2024-12-26 21:01:29,575 - DEBUG - Processed bounding box tensor: tensor([[ 26., 301.,  52.,  84.]])
2024-12-26 21:01:29,575 - DEBUG - Processing index 1807:
2024-12-26 21:01:29,575 - DEBUG - Image path: ./data/raw/train/PS-RGB_tiled/23_104001002E8B7900_tile_1654.png
2024-12-26 21:01:29,575 - DEBUG - Label path: ./data/raw/train/geojson_aircraft_tiled/23_104001002E8B7900_tile_1654.geojson
2024-12-26 21:01:29,576 - DEBUG - Auxiliary path: ./data/raw/train/PS-RGB_tiled/23_104001002E8B7900_tile_1654.png.aux.xml
2024-12-26 21:01:29,576 - DEBUG - Parsing GeoTransform from: ./data/raw/train/PS-RGB_tiled/23_104001002E8B7900_tile_1654.png.aux.xml
2024-12-26 21:01:29,576 - DEBUG - GeoTransform parsed: [12.251550276872642, 2.9594497971230977e-06, 0.0, 41.801140814633385, 0.0, -2.9594497971230977e-06]
2024-12-26 21:01:29,576 - DEBUG - Reading GeoJSON from: ./data/raw/train/geojson_aircraft_tiled/23_104001002E8B7900_tile_1654.geojson
2024-12-26 21:01:29,577 - DEBUG - First feature coordinates: [[[12.252150000683741, 41.799625576337256], [12.252125034583928, 41.799642927294656], [12.252267207969695, 41.79985158463779], [12.25251984700771, 41.79971554823271], [12.252474323379332, 41.799625576337256], [12.252150000683741, 41.799625576337256]]]
2024-12-26 21:01:29,577 - DEBUG - Feature properties: {'loc_id': 23, 'cat_id': '104001002E8B7900', 'location': 'Viale di Porto, Focene, Fiumicino, RM, Lazio, 00054, Italy', 'role': 'Medium Civil Transport/Utility', 'role_id': 2, 'is_plane': 1, 'num_engines': 2, 'propulsion': 'jet', 'canards': 'no', 'num_tail_fins': 1, 'wing_position': 'mid/low mounted', 'wing_type': 'swept', 'length': 44.81196931998585, 'wingspan': 33.79788919586431, 'area': 757.2263826093415, 'faa_wingspan_class': 3, 'Public_Train': 1, 'Public_Test': 0, 'partialDec': 0.6701873661967869, 'truncated': 1, 'new_area': 507.483554975675}
2024-12-26 21:01:29,577 - DEBUG - GeoJSON Coords: [(12.252150000683741, 41.799625576337256), (12.252125034583928, 41.799642927294656), (12.252267207969695, 41.79985158463779), (12.25251984700771, 41.79971554823271), (12.252474323379332, 41.799625576337256), (12.252150000683741, 41.799625576337256)]
2024-12-26 21:01:29,577 - DEBUG - GeoJSON Features: [44.81196931998585, 33.79788919586431, 757.2263826093415, 1, 1, 0, 2, 1, 3]
2024-12-26 21:01:29,577 - DEBUG - Parsed GeoTransform: [12.251550276872642, 2.9594497971230977e-06, 0.0, 41.801140814633385, 0.0, -2.9594497971230977e-06]
2024-12-26 21:01:29,577 - DEBUG - Parsed GeoJSON coordinates: [(12.252150000683741, 41.799625576337256), (12.252125034583928, 41.799642927294656), (12.252267207969695, 41.79985158463779), (12.25251984700771, 41.79971554823271), (12.252474323379332, 41.799625576337256), (12.252150000683741, 41.799625576337256)]
2024-12-26 21:01:29,577 - DEBUG - STREAM b'IHDR' 16 13
2024-12-26 21:01:29,577 - DEBUG - STREAM b'tRNS' 41 6
2024-12-26 21:01:29,577 - DEBUG - STREAM b'IDAT' 59 8192
2024-12-26 21:01:29,587 - DEBUG - Loaded image size: 512x512
2024-12-26 21:01:29,587 - DEBUG - Converting GeoJSON to pixel bounding boxes.
2024-12-26 21:01:29,587 - DEBUG - Input Coordinates: [(12.252150000683741, 41.799625576337256), (12.252125034583928, 41.799642927294656), (12.252267207969695, 41.79985158463779), (12.25251984700771, 41.79971554823271), (12.252474323379332, 41.799625576337256)] ... (showing first 5 for brevity)
2024-12-26 21:01:29,587 - DEBUG - GeoTransform: [12.251550276872642, 2.9594497971230977e-06, 0.0, 41.801140814633385, 0.0, -2.9594497971230977e-06]
2024-12-26 21:01:29,588 - DEBUG - Image Dimensions: width=512, height=512
2024-12-26 21:01:29,588 - DEBUG - Converting geo-coordinates to pixel coordinates:
2024-12-26 21:01:29,588 - DEBUG - Inputs - lon: 12.252150000683741, lat: 41.799625576337256, geo_transform: [12.251550276872642, 2.9594497971230977e-06, 0.0, 41.801140814633385, 0.0, -2.9594497971230977e-06], image_width: 512, image_height: 512
2024-12-26 21:01:29,588 - DEBUG - Parsed GeoTransform - x_origin: 12.251550276872642, pixel_width: 2.9594497971230977e-06, y_origin: 41.801140814633385, pixel_height: -2.9594497971230977e-06
2024-12-26 21:01:29,588 - DEBUG - Computed pixel coordinates before clamping - x_pixel: 202, y_pixel: 512
2024-12-26 21:01:29,588 - DEBUG - Clamped pixel coordinates - x_pixel: 202, y_pixel: 511
2024-12-26 21:01:29,588 - DEBUG - Converting geo-coordinates to pixel coordinates:
2024-12-26 21:01:29,588 - DEBUG - Inputs - lon: 12.252125034583928, lat: 41.799642927294656, geo_transform: [12.251550276872642, 2.9594497971230977e-06, 0.0, 41.801140814633385, 0.0, -2.9594497971230977e-06], image_width: 512, image_height: 512
2024-12-26 21:01:29,588 - DEBUG - Parsed GeoTransform - x_origin: 12.251550276872642, pixel_width: 2.9594497971230977e-06, y_origin: 41.801140814633385, pixel_height: -2.9594497971230977e-06
2024-12-26 21:01:29,588 - DEBUG - Computed pixel coordinates before clamping - x_pixel: 194, y_pixel: 506
2024-12-26 21:01:29,588 - DEBUG - Clamped pixel coordinates - x_pixel: 194, y_pixel: 506
2024-12-26 21:01:29,588 - DEBUG - Converting geo-coordinates to pixel coordinates:
2024-12-26 21:01:29,588 - DEBUG - Inputs - lon: 12.252267207969695, lat: 41.79985158463779, geo_transform: [12.251550276872642, 2.9594497971230977e-06, 0.0, 41.801140814633385, 0.0, -2.9594497971230977e-06], image_width: 512, image_height: 512
2024-12-26 21:01:29,588 - DEBUG - Parsed GeoTransform - x_origin: 12.251550276872642, pixel_width: 2.9594497971230977e-06, y_origin: 41.801140814633385, pixel_height: -2.9594497971230977e-06
2024-12-26 21:01:29,588 - DEBUG - Computed pixel coordinates before clamping - x_pixel: 242, y_pixel: 435
2024-12-26 21:01:29,589 - DEBUG - Clamped pixel coordinates - x_pixel: 242, y_pixel: 435
2024-12-26 21:01:29,589 - DEBUG - Converting geo-coordinates to pixel coordinates:
2024-12-26 21:01:29,589 - DEBUG - Inputs - lon: 12.25251984700771, lat: 41.79971554823271, geo_transform: [12.251550276872642, 2.9594497971230977e-06, 0.0, 41.801140814633385, 0.0, -2.9594497971230977e-06], image_width: 512, image_height: 512
2024-12-26 21:01:29,589 - DEBUG - Parsed GeoTransform - x_origin: 12.251550276872642, pixel_width: 2.9594497971230977e-06, y_origin: 41.801140814633385, pixel_height: -2.9594497971230977e-06
2024-12-26 21:01:29,589 - DEBUG - Computed pixel coordinates before clamping - x_pixel: 327, y_pixel: 481
2024-12-26 21:01:29,589 - DEBUG - Clamped pixel coordinates - x_pixel: 327, y_pixel: 481
2024-12-26 21:01:29,589 - DEBUG - Converting geo-coordinates to pixel coordinates:
2024-12-26 21:01:29,589 - DEBUG - Inputs - lon: 12.252474323379332, lat: 41.799625576337256, geo_transform: [12.251550276872642, 2.9594497971230977e-06, 0.0, 41.801140814633385, 0.0, -2.9594497971230977e-06], image_width: 512, image_height: 512
2024-12-26 21:01:29,589 - DEBUG - Parsed GeoTransform - x_origin: 12.251550276872642, pixel_width: 2.9594497971230977e-06, y_origin: 41.801140814633385, pixel_height: -2.9594497971230977e-06
2024-12-26 21:01:29,589 - DEBUG - Computed pixel coordinates before clamping - x_pixel: 312, y_pixel: 512
2024-12-26 21:01:29,589 - DEBUG - Clamped pixel coordinates - x_pixel: 312, y_pixel: 511
2024-12-26 21:01:29,589 - DEBUG - Converting geo-coordinates to pixel coordinates:
2024-12-26 21:01:29,589 - DEBUG - Inputs - lon: 12.252150000683741, lat: 41.799625576337256, geo_transform: [12.251550276872642, 2.9594497971230977e-06, 0.0, 41.801140814633385, 0.0, -2.9594497971230977e-06], image_width: 512, image_height: 512
2024-12-26 21:01:29,589 - DEBUG - Parsed GeoTransform - x_origin: 12.251550276872642, pixel_width: 2.9594497971230977e-06, y_origin: 41.801140814633385, pixel_height: -2.9594497971230977e-06
2024-12-26 21:01:29,589 - DEBUG - Computed pixel coordinates before clamping - x_pixel: 202, y_pixel: 512
2024-12-26 21:01:29,590 - DEBUG - Clamped pixel coordinates - x_pixel: 202, y_pixel: 511
2024-12-26 21:01:29,590 - DEBUG - Pixel Coordinates: [(202, 511), (194, 506), (242, 435), (327, 481), (312, 511)] ... (showing first 5 for brevity)
2024-12-26 21:01:29,590 - DEBUG - Pixel Bounding Box: x_min=194, x_max=327, y_min=435, y_max=511
2024-12-26 21:01:29,590 - DEBUG - Pixel bounding box: (194, 435, 327, 511)
2024-12-26 21:01:29,590 - DEBUG - Input is a list. Converting to tensor.
2024-12-26 21:01:29,590 - DEBUG - Input Bounding Boxes (Corner Format): tensor([[194., 435., 327., 511.]])
2024-12-26 21:01:29,590 - DEBUG - x_min: 194.0, y_min: 435.0, x_max: 327.0, y_max: 511.0
2024-12-26 21:01:29,590 - DEBUG - Converted Bounding Boxes (Center Format): tensor([[260.5000, 473.0000, 133.0000,  76.0000]])
2024-12-26 21:01:29,591 - DEBUG - Normalized bounding box (cx, cy, w, h): tensor([[260.5000, 473.0000, 133.0000,  76.0000]])
2024-12-26 21:01:29,591 - DEBUG - Processed image tensor shape: torch.Size([3, 512, 512])
2024-12-26 21:01:29,592 - DEBUG - Processed bounding box tensor: tensor([[260.5000, 473.0000, 133.0000,  76.0000]])
2024-12-26 21:01:29,592 - DEBUG - Processing index 540:
2024-12-26 21:01:29,592 - DEBUG - Image path: ./data/raw/train/PS-RGB_tiled/114_104001000A497900_tile_156.png
2024-12-26 21:01:29,592 - DEBUG - Label path: ./data/raw/train/geojson_aircraft_tiled/114_104001000A497900_tile_156.geojson
2024-12-26 21:01:29,592 - DEBUG - Auxiliary path: ./data/raw/train/PS-RGB_tiled/114_104001000A497900_tile_156.png.aux.xml
2024-12-26 21:01:29,592 - DEBUG - Parsing GeoTransform from: ./data/raw/train/PS-RGB_tiled/114_104001000A497900_tile_156.png.aux.xml
2024-12-26 21:01:29,592 - DEBUG - GeoTransform parsed: [-77.33438235109301, 2.9334077277753e-06, 0.0, 37.49861437103699, 0.0, -2.9334077277753e-06]
2024-12-26 21:01:29,593 - DEBUG - Reading GeoJSON from: ./data/raw/train/geojson_aircraft_tiled/114_104001000A497900_tile_156.geojson
2024-12-26 21:01:29,593 - DEBUG - First feature coordinates: [[[-77.33438235109301, 37.49804370327231], [-77.33434205088925, 37.498055323010696], [-77.33430415384223, 37.497957163446294], [-77.33438235109301, 37.497926606366754], [-77.33438235109301, 37.49804370327231]]]
2024-12-26 21:01:29,593 - DEBUG - Feature properties: {'loc_id': 114, 'cat_id': '104001000A497900', 'location': 'Richmond International Airport, 1, Richard E Byrd Terminal Drive, Henrico, Henrico County, Virginia, 23250, USA', 'role': 'Medium Civil Transport/Utility', 'role_id': 2, 'is_plane': 1, 'num_engines': 2, 'propulsion': 'jet', 'canards': 'no', 'num_tail_fins': 1, 'wing_position': 'mid/low mounted', 'wing_type': 'swept', 'length': 16.69580789338855, 'wingspan': 16.26099831692876, 'area': 135.55343511653354, 'faa_wingspan_class': 2, 'Public_Train': 1, 'Public_Test': 0, 'partialDec': 0.4907492344978965, 'truncated': 1, 'new_area': 66.52274451699911}
2024-12-26 21:01:29,593 - DEBUG - GeoJSON Coords: [(-77.33438235109301, 37.49804370327231), (-77.33434205088925, 37.498055323010696), (-77.33430415384223, 37.497957163446294), (-77.33438235109301, 37.497926606366754), (-77.33438235109301, 37.49804370327231)]
2024-12-26 21:01:29,593 - DEBUG - GeoJSON Features: [16.69580789338855, 16.26099831692876, 135.55343511653354, 1, 1, 0, 2, 1, 2]
2024-12-26 21:01:29,593 - DEBUG - Parsed GeoTransform: [-77.33438235109301, 2.9334077277753e-06, 0.0, 37.49861437103699, 0.0, -2.9334077277753e-06]
2024-12-26 21:01:29,593 - DEBUG - Parsed GeoJSON coordinates: [(-77.33438235109301, 37.49804370327231), (-77.33434205088925, 37.498055323010696), (-77.33430415384223, 37.497957163446294), (-77.33438235109301, 37.497926606366754), (-77.33438235109301, 37.49804370327231)]
2024-12-26 21:01:29,594 - DEBUG - STREAM b'IHDR' 16 13
2024-12-26 21:01:29,594 - DEBUG - STREAM b'tRNS' 41 6
2024-12-26 21:01:29,594 - DEBUG - STREAM b'IDAT' 59 8192
2024-12-26 21:01:29,604 - DEBUG - Loaded image size: 512x512
2024-12-26 21:01:29,604 - DEBUG - Converting GeoJSON to pixel bounding boxes.
2024-12-26 21:01:29,604 - DEBUG - Input Coordinates: [(-77.33438235109301, 37.49804370327231), (-77.33434205088925, 37.498055323010696), (-77.33430415384223, 37.497957163446294), (-77.33438235109301, 37.497926606366754), (-77.33438235109301, 37.49804370327231)] ... (showing first 5 for brevity)
2024-12-26 21:01:29,604 - DEBUG - GeoTransform: [-77.33438235109301, 2.9334077277753e-06, 0.0, 37.49861437103699, 0.0, -2.9334077277753e-06]
2024-12-26 21:01:29,604 - DEBUG - Image Dimensions: width=512, height=512
2024-12-26 21:01:29,604 - DEBUG - Converting geo-coordinates to pixel coordinates:
2024-12-26 21:01:29,604 - DEBUG - Inputs - lon: -77.33438235109301, lat: 37.49804370327231, geo_transform: [-77.33438235109301, 2.9334077277753e-06, 0.0, 37.49861437103699, 0.0, -2.9334077277753e-06], image_width: 512, image_height: 512
2024-12-26 21:01:29,604 - DEBUG - Parsed GeoTransform - x_origin: -77.33438235109301, pixel_width: 2.9334077277753e-06, y_origin: 37.49861437103699, pixel_height: -2.9334077277753e-06
2024-12-26 21:01:29,604 - DEBUG - Computed pixel coordinates before clamping - x_pixel: 0, y_pixel: 194
2024-12-26 21:01:29,604 - DEBUG - Clamped pixel coordinates - x_pixel: 0, y_pixel: 194
2024-12-26 21:01:29,604 - DEBUG - Converting geo-coordinates to pixel coordinates:
2024-12-26 21:01:29,604 - DEBUG - Inputs - lon: -77.33434205088925, lat: 37.498055323010696, geo_transform: [-77.33438235109301, 2.9334077277753e-06, 0.0, 37.49861437103699, 0.0, -2.9334077277753e-06], image_width: 512, image_height: 512
2024-12-26 21:01:29,604 - DEBUG - Parsed GeoTransform - x_origin: -77.33438235109301, pixel_width: 2.9334077277753e-06, y_origin: 37.49861437103699, pixel_height: -2.9334077277753e-06
2024-12-26 21:01:29,605 - DEBUG - Computed pixel coordinates before clamping - x_pixel: 13, y_pixel: 190
2024-12-26 21:01:29,605 - DEBUG - Clamped pixel coordinates - x_pixel: 13, y_pixel: 190
2024-12-26 21:01:29,605 - DEBUG - Converting geo-coordinates to pixel coordinates:
2024-12-26 21:01:29,605 - DEBUG - Inputs - lon: -77.33430415384223, lat: 37.497957163446294, geo_transform: [-77.33438235109301, 2.9334077277753e-06, 0.0, 37.49861437103699, 0.0, -2.9334077277753e-06], image_width: 512, image_height: 512
2024-12-26 21:01:29,605 - DEBUG - Parsed GeoTransform - x_origin: -77.33438235109301, pixel_width: 2.9334077277753e-06, y_origin: 37.49861437103699, pixel_height: -2.9334077277753e-06
2024-12-26 21:01:29,605 - DEBUG - Computed pixel coordinates before clamping - x_pixel: 26, y_pixel: 224
2024-12-26 21:01:29,605 - DEBUG - Clamped pixel coordinates - x_pixel: 26, y_pixel: 224
2024-12-26 21:01:29,605 - DEBUG - Converting geo-coordinates to pixel coordinates:
2024-12-26 21:01:29,605 - DEBUG - Inputs - lon: -77.33438235109301, lat: 37.497926606366754, geo_transform: [-77.33438235109301, 2.9334077277753e-06, 0.0, 37.49861437103699, 0.0, -2.9334077277753e-06], image_width: 512, image_height: 512
2024-12-26 21:01:29,605 - DEBUG - Parsed GeoTransform - x_origin: -77.33438235109301, pixel_width: 2.9334077277753e-06, y_origin: 37.49861437103699, pixel_height: -2.9334077277753e-06
2024-12-26 21:01:29,605 - DEBUG - Computed pixel coordinates before clamping - x_pixel: 0, y_pixel: 234
2024-12-26 21:01:29,605 - DEBUG - Clamped pixel coordinates - x_pixel: 0, y_pixel: 234
2024-12-26 21:01:29,605 - DEBUG - Converting geo-coordinates to pixel coordinates:
2024-12-26 21:01:29,605 - DEBUG - Inputs - lon: -77.33438235109301, lat: 37.49804370327231, geo_transform: [-77.33438235109301, 2.9334077277753e-06, 0.0, 37.49861437103699, 0.0, -2.9334077277753e-06], image_width: 512, image_height: 512
2024-12-26 21:01:29,605 - DEBUG - Parsed GeoTransform - x_origin: -77.33438235109301, pixel_width: 2.9334077277753e-06, y_origin: 37.49861437103699, pixel_height: -2.9334077277753e-06
2024-12-26 21:01:29,606 - DEBUG - Computed pixel coordinates before clamping - x_pixel: 0, y_pixel: 194
2024-12-26 21:01:29,606 - DEBUG - Clamped pixel coordinates - x_pixel: 0, y_pixel: 194
2024-12-26 21:01:29,606 - DEBUG - Pixel Coordinates: [(0, 194), (13, 190), (26, 224), (0, 234), (0, 194)] ... (showing first 5 for brevity)
2024-12-26 21:01:29,606 - DEBUG - Pixel Bounding Box: x_min=0, x_max=26, y_min=190, y_max=234
2024-12-26 21:01:29,606 - DEBUG - Pixel bounding box: (0, 190, 26, 234)
2024-12-26 21:01:29,606 - DEBUG - Input is a list. Converting to tensor.
2024-12-26 21:01:29,606 - DEBUG - Input Bounding Boxes (Corner Format): tensor([[  0., 190.,  26., 234.]])
2024-12-26 21:01:29,606 - DEBUG - x_min: 0.0, y_min: 190.0, x_max: 26.0, y_max: 234.0
2024-12-26 21:01:29,606 - DEBUG - Converted Bounding Boxes (Center Format): tensor([[ 13., 212.,  26.,  44.]])
2024-12-26 21:01:29,607 - DEBUG - Normalized bounding box (cx, cy, w, h): tensor([[ 13., 212.,  26.,  44.]])
2024-12-26 21:01:29,608 - DEBUG - Processed image tensor shape: torch.Size([3, 512, 512])
2024-12-26 21:01:29,608 - DEBUG - Processed bounding box tensor: tensor([[ 13., 212.,  26.,  44.]])
2024-12-26 21:01:29,608 - DEBUG - Processing index 5784:
2024-12-26 21:01:29,608 - DEBUG - Image path: ./data/raw/train/PS-RGB_tiled/9_10400100310B0100_tile_71.png
2024-12-26 21:01:29,608 - DEBUG - Label path: ./data/raw/train/geojson_aircraft_tiled/9_10400100310B0100_tile_71.geojson
2024-12-26 21:01:29,608 - DEBUG - Auxiliary path: ./data/raw/train/PS-RGB_tiled/9_10400100310B0100_tile_71.png.aux.xml
2024-12-26 21:01:29,608 - DEBUG - Parsing GeoTransform from: ./data/raw/train/PS-RGB_tiled/9_10400100310B0100_tile_71.png.aux.xml
2024-12-26 21:01:29,609 - DEBUG - GeoTransform parsed: [2.0999274892476634, 3.364190739027608e-06, 0.0, 48.74754241119202, 0.0, -3.364190739027608e-06]
2024-12-26 21:01:29,609 - DEBUG - Reading GeoJSON from: ./data/raw/train/geojson_aircraft_tiled/9_10400100310B0100_tile_71.geojson
2024-12-26 21:01:29,609 - DEBUG - First feature coordinates: [[[2.100169272089471, 48.747065081005964], [2.100085149426387, 48.74708820243968], [2.100157957345314, 48.747141824488075], [2.10024404778999, 48.74709164605746], [2.100169272089471, 48.747065081005964]]]
2024-12-26 21:01:29,609 - DEBUG - Feature properties: {'loc_id': 9, 'cat_id': '10400100310B0100', 'location': 'Aérodrome de Toussus-le-Noble, Rue Robert Esnault-Pelterie, Ferme du Trou Salé, Toussus-le-Noble, Versailles, Yvelines, Ile-de-France, Metropolitan France, 78117, France', 'role': 'Small Civil Transport/Utility', 'role_id': 1, 'is_plane': 1, 'num_engines': 2, 'propulsion': 'propeller', 'canards': 'no', 'num_tail_fins': 1, 'wing_position': 'mid/low mounted', 'wing_type': 'straight', 'length': 8.571747161624272, 'wingspan': 11.687857442587706, 'area': 49.988724812311986, 'faa_wingspan_class': 1, 'Public_Train': 1, 'Public_Test': 0, 'partialDec': 1.0, 'truncated': 0, 'new_area': 49.988724812311986}
2024-12-26 21:01:29,609 - DEBUG - GeoJSON Coords: [(2.100169272089471, 48.747065081005964), (2.100085149426387, 48.74708820243968), (2.100157957345314, 48.747141824488075), (2.10024404778999, 48.74709164605746), (2.100169272089471, 48.747065081005964)]
2024-12-26 21:01:29,609 - DEBUG - GeoJSON Features: [8.571747161624272, 11.687857442587706, 49.988724812311986, 0, 1, 0, 2, 1, 1]
2024-12-26 21:01:29,609 - DEBUG - Parsed GeoTransform: [2.0999274892476634, 3.364190739027608e-06, 0.0, 48.74754241119202, 0.0, -3.364190739027608e-06]
2024-12-26 21:01:29,610 - DEBUG - Parsed GeoJSON coordinates: [(2.100169272089471, 48.747065081005964), (2.100085149426387, 48.74708820243968), (2.100157957345314, 48.747141824488075), (2.10024404778999, 48.74709164605746), (2.100169272089471, 48.747065081005964)]
2024-12-26 21:01:29,610 - DEBUG - STREAM b'IHDR' 16 13
2024-12-26 21:01:29,610 - DEBUG - STREAM b'tRNS' 41 6
2024-12-26 21:01:29,610 - DEBUG - STREAM b'IDAT' 59 8192
2024-12-26 21:01:29,619 - DEBUG - Loaded image size: 512x512
2024-12-26 21:01:29,619 - DEBUG - Converting GeoJSON to pixel bounding boxes.
2024-12-26 21:01:29,619 - DEBUG - Input Coordinates: [(2.100169272089471, 48.747065081005964), (2.100085149426387, 48.74708820243968), (2.100157957345314, 48.747141824488075), (2.10024404778999, 48.74709164605746), (2.100169272089471, 48.747065081005964)] ... (showing first 5 for brevity)
2024-12-26 21:01:29,619 - DEBUG - GeoTransform: [2.0999274892476634, 3.364190739027608e-06, 0.0, 48.74754241119202, 0.0, -3.364190739027608e-06]
2024-12-26 21:01:29,619 - DEBUG - Image Dimensions: width=512, height=512
2024-12-26 21:01:29,619 - DEBUG - Converting geo-coordinates to pixel coordinates:
2024-12-26 21:01:29,619 - DEBUG - Inputs - lon: 2.100169272089471, lat: 48.747065081005964, geo_transform: [2.0999274892476634, 3.364190739027608e-06, 0.0, 48.74754241119202, 0.0, -3.364190739027608e-06], image_width: 512, image_height: 512
2024-12-26 21:01:29,620 - DEBUG - Parsed GeoTransform - x_origin: 2.0999274892476634, pixel_width: 3.364190739027608e-06, y_origin: 48.74754241119202, pixel_height: -3.364190739027608e-06
2024-12-26 21:01:29,620 - DEBUG - Computed pixel coordinates before clamping - x_pixel: 71, y_pixel: 141
2024-12-26 21:01:29,620 - DEBUG - Clamped pixel coordinates - x_pixel: 71, y_pixel: 141
2024-12-26 21:01:29,620 - DEBUG - Converting geo-coordinates to pixel coordinates:
2024-12-26 21:01:29,620 - DEBUG - Inputs - lon: 2.100085149426387, lat: 48.74708820243968, geo_transform: [2.0999274892476634, 3.364190739027608e-06, 0.0, 48.74754241119202, 0.0, -3.364190739027608e-06], image_width: 512, image_height: 512
2024-12-26 21:01:29,620 - DEBUG - Parsed GeoTransform - x_origin: 2.0999274892476634, pixel_width: 3.364190739027608e-06, y_origin: 48.74754241119202, pixel_height: -3.364190739027608e-06
2024-12-26 21:01:29,620 - DEBUG - Computed pixel coordinates before clamping - x_pixel: 46, y_pixel: 135
2024-12-26 21:01:29,620 - DEBUG - Clamped pixel coordinates - x_pixel: 46, y_pixel: 135
2024-12-26 21:01:29,620 - DEBUG - Converting geo-coordinates to pixel coordinates:
2024-12-26 21:01:29,620 - DEBUG - Inputs - lon: 2.100157957345314, lat: 48.747141824488075, geo_transform: [2.0999274892476634, 3.364190739027608e-06, 0.0, 48.74754241119202, 0.0, -3.364190739027608e-06], image_width: 512, image_height: 512
2024-12-26 21:01:29,620 - DEBUG - Parsed GeoTransform - x_origin: 2.0999274892476634, pixel_width: 3.364190739027608e-06, y_origin: 48.74754241119202, pixel_height: -3.364190739027608e-06
2024-12-26 21:01:29,620 - DEBUG - Computed pixel coordinates before clamping - x_pixel: 68, y_pixel: 119
2024-12-26 21:01:29,620 - DEBUG - Clamped pixel coordinates - x_pixel: 68, y_pixel: 119
2024-12-26 21:01:29,620 - DEBUG - Converting geo-coordinates to pixel coordinates:
2024-12-26 21:01:29,621 - DEBUG - Inputs - lon: 2.10024404778999, lat: 48.74709164605746, geo_transform: [2.0999274892476634, 3.364190739027608e-06, 0.0, 48.74754241119202, 0.0, -3.364190739027608e-06], image_width: 512, image_height: 512
2024-12-26 21:01:29,621 - DEBUG - Parsed GeoTransform - x_origin: 2.0999274892476634, pixel_width: 3.364190739027608e-06, y_origin: 48.74754241119202, pixel_height: -3.364190739027608e-06
2024-12-26 21:01:29,621 - DEBUG - Computed pixel coordinates before clamping - x_pixel: 94, y_pixel: 133
2024-12-26 21:01:29,621 - DEBUG - Clamped pixel coordinates - x_pixel: 94, y_pixel: 133
2024-12-26 21:01:29,621 - DEBUG - Converting geo-coordinates to pixel coordinates:
2024-12-26 21:01:29,621 - DEBUG - Inputs - lon: 2.100169272089471, lat: 48.747065081005964, geo_transform: [2.0999274892476634, 3.364190739027608e-06, 0.0, 48.74754241119202, 0.0, -3.364190739027608e-06], image_width: 512, image_height: 512
2024-12-26 21:01:29,621 - DEBUG - Parsed GeoTransform - x_origin: 2.0999274892476634, pixel_width: 3.364190739027608e-06, y_origin: 48.74754241119202, pixel_height: -3.364190739027608e-06
2024-12-26 21:01:29,621 - DEBUG - Computed pixel coordinates before clamping - x_pixel: 71, y_pixel: 141
2024-12-26 21:01:29,621 - DEBUG - Clamped pixel coordinates - x_pixel: 71, y_pixel: 141
2024-12-26 21:01:29,621 - DEBUG - Pixel Coordinates: [(71, 141), (46, 135), (68, 119), (94, 133), (71, 141)] ... (showing first 5 for brevity)
2024-12-26 21:01:29,621 - DEBUG - Pixel Bounding Box: x_min=46, x_max=94, y_min=119, y_max=141
2024-12-26 21:01:29,621 - DEBUG - Pixel bounding box: (46, 119, 94, 141)
2024-12-26 21:01:29,621 - DEBUG - Input is a list. Converting to tensor.
2024-12-26 21:01:29,622 - DEBUG - Input Bounding Boxes (Corner Format): tensor([[ 46., 119.,  94., 141.]])
2024-12-26 21:01:29,622 - DEBUG - x_min: 46.0, y_min: 119.0, x_max: 94.0, y_max: 141.0
2024-12-26 21:01:29,622 - DEBUG - Converted Bounding Boxes (Center Format): tensor([[ 70., 130.,  48.,  22.]])
2024-12-26 21:01:29,622 - DEBUG - Normalized bounding box (cx, cy, w, h): tensor([[ 70., 130.,  48.,  22.]])
2024-12-26 21:01:29,623 - DEBUG - Processed image tensor shape: torch.Size([3, 512, 512])
2024-12-26 21:01:29,623 - DEBUG - Processed bounding box tensor: tensor([[ 70., 130.,  48.,  22.]])
2024-12-26 21:01:29,623 - DEBUG - Processing index 2916:
2024-12-26 21:01:29,623 - DEBUG - Image path: ./data/raw/train/PS-RGB_tiled/51_10400100061AF700_tile_227.png
2024-12-26 21:01:29,624 - DEBUG - Label path: ./data/raw/train/geojson_aircraft_tiled/51_10400100061AF700_tile_227.geojson
2024-12-26 21:01:29,624 - DEBUG - Auxiliary path: ./data/raw/train/PS-RGB_tiled/51_10400100061AF700_tile_227.png.aux.xml
2024-12-26 21:01:29,624 - DEBUG - Parsing GeoTransform from: ./data/raw/train/PS-RGB_tiled/51_10400100061AF700_tile_227.png.aux.xml
2024-12-26 21:01:29,624 - DEBUG - GeoTransform parsed: [-80.27136255151265, 3.2412848751532576e-06, 0.0, 25.912238912402806, 0.0, -3.2412848751532576e-06]
2024-12-26 21:01:29,624 - DEBUG - Reading GeoJSON from: ./data/raw/train/geojson_aircraft_tiled/51_10400100061AF700_tile_227.geojson
2024-12-26 21:01:29,625 - DEBUG - First feature coordinates: [[[-80.27024586159926, 25.91137801899322], [-80.2703319364087, 25.911478439604224], [-80.27026477197407, 25.911539735301854], [-80.27016109095361, 25.911477135440446], [-80.27024586159926, 25.91137801899322]]]
2024-12-26 21:01:29,625 - DEBUG - Feature properties: {'loc_id': 51, 'cat_id': '10400100061AF700', 'location': 'Opa-locka Executive Airport, Northwest 147th State Road, Opa-locka, Miami-Dade County, Florida, 33014:33054, USA', 'role': 'Medium Civil Transport/Utility', 'role_id': 2, 'is_plane': 1, 'num_engines': 2, 'propulsion': 'jet', 'canards': 'no', 'num_tail_fins': 1, 'wing_position': 'mid/low mounted', 'wing_type': 'swept', 'length': 18.009893974881003, 'wingspan': 17.112347131890658, 'area': 153.0990098464278, 'faa_wingspan_class': 2, 'Public_Train': 1, 'Public_Test': 0, 'partialDec': 1.0, 'truncated': 0, 'new_area': 153.0990098464278}
2024-12-26 21:01:29,625 - DEBUG - GeoJSON Coords: [(-80.27024586159926, 25.91137801899322), (-80.2703319364087, 25.911478439604224), (-80.27026477197407, 25.911539735301854), (-80.27016109095361, 25.911477135440446), (-80.27024586159926, 25.91137801899322)]
2024-12-26 21:01:29,625 - DEBUG - GeoJSON Features: [18.009893974881003, 17.112347131890658, 153.0990098464278, 1, 1, 0, 2, 1, 2]
2024-12-26 21:01:29,625 - DEBUG - Parsed GeoTransform: [-80.27136255151265, 3.2412848751532576e-06, 0.0, 25.912238912402806, 0.0, -3.2412848751532576e-06]
2024-12-26 21:01:29,625 - DEBUG - Parsed GeoJSON coordinates: [(-80.27024586159926, 25.91137801899322), (-80.2703319364087, 25.911478439604224), (-80.27026477197407, 25.911539735301854), (-80.27016109095361, 25.911477135440446), (-80.27024586159926, 25.91137801899322)]
2024-12-26 21:01:29,625 - DEBUG - STREAM b'IHDR' 16 13
2024-12-26 21:01:29,626 - DEBUG - STREAM b'tRNS' 41 6
2024-12-26 21:01:29,626 - DEBUG - STREAM b'IDAT' 59 8192
2024-12-26 21:01:29,636 - DEBUG - Loaded image size: 512x512
2024-12-26 21:01:29,636 - DEBUG - Converting GeoJSON to pixel bounding boxes.
2024-12-26 21:01:29,636 - DEBUG - Input Coordinates: [(-80.27024586159926, 25.91137801899322), (-80.2703319364087, 25.911478439604224), (-80.27026477197407, 25.911539735301854), (-80.27016109095361, 25.911477135440446), (-80.27024586159926, 25.91137801899322)] ... (showing first 5 for brevity)
2024-12-26 21:01:29,636 - DEBUG - GeoTransform: [-80.27136255151265, 3.2412848751532576e-06, 0.0, 25.912238912402806, 0.0, -3.2412848751532576e-06]
2024-12-26 21:01:29,636 - DEBUG - Image Dimensions: width=512, height=512
2024-12-26 21:01:29,636 - DEBUG - Converting geo-coordinates to pixel coordinates:
2024-12-26 21:01:29,636 - DEBUG - Inputs - lon: -80.27024586159926, lat: 25.91137801899322, geo_transform: [-80.27136255151265, 3.2412848751532576e-06, 0.0, 25.912238912402806, 0.0, -3.2412848751532576e-06], image_width: 512, image_height: 512
2024-12-26 21:01:29,636 - DEBUG - Parsed GeoTransform - x_origin: -80.27136255151265, pixel_width: 3.2412848751532576e-06, y_origin: 25.912238912402806, pixel_height: -3.2412848751532576e-06
2024-12-26 21:01:29,636 - DEBUG - Computed pixel coordinates before clamping - x_pixel: 344, y_pixel: 265
2024-12-26 21:01:29,636 - DEBUG - Clamped pixel coordinates - x_pixel: 344, y_pixel: 265
2024-12-26 21:01:29,636 - DEBUG - Converting geo-coordinates to pixel coordinates:
2024-12-26 21:01:29,636 - DEBUG - Inputs - lon: -80.2703319364087, lat: 25.911478439604224, geo_transform: [-80.27136255151265, 3.2412848751532576e-06, 0.0, 25.912238912402806, 0.0, -3.2412848751532576e-06], image_width: 512, image_height: 512
2024-12-26 21:01:29,637 - DEBUG - Parsed GeoTransform - x_origin: -80.27136255151265, pixel_width: 3.2412848751532576e-06, y_origin: 25.912238912402806, pixel_height: -3.2412848751532576e-06
2024-12-26 21:01:29,637 - DEBUG - Computed pixel coordinates before clamping - x_pixel: 317, y_pixel: 234
2024-12-26 21:01:29,637 - DEBUG - Clamped pixel coordinates - x_pixel: 317, y_pixel: 234
2024-12-26 21:01:29,637 - DEBUG - Converting geo-coordinates to pixel coordinates:
2024-12-26 21:01:29,637 - DEBUG - Inputs - lon: -80.27026477197407, lat: 25.911539735301854, geo_transform: [-80.27136255151265, 3.2412848751532576e-06, 0.0, 25.912238912402806, 0.0, -3.2412848751532576e-06], image_width: 512, image_height: 512
2024-12-26 21:01:29,637 - DEBUG - Parsed GeoTransform - x_origin: -80.27136255151265, pixel_width: 3.2412848751532576e-06, y_origin: 25.912238912402806, pixel_height: -3.2412848751532576e-06
2024-12-26 21:01:29,637 - DEBUG - Computed pixel coordinates before clamping - x_pixel: 338, y_pixel: 215
2024-12-26 21:01:29,637 - DEBUG - Clamped pixel coordinates - x_pixel: 338, y_pixel: 215
2024-12-26 21:01:29,637 - DEBUG - Converting geo-coordinates to pixel coordinates:
2024-12-26 21:01:29,637 - DEBUG - Inputs - lon: -80.27016109095361, lat: 25.911477135440446, geo_transform: [-80.27136255151265, 3.2412848751532576e-06, 0.0, 25.912238912402806, 0.0, -3.2412848751532576e-06], image_width: 512, image_height: 512
2024-12-26 21:01:29,637 - DEBUG - Parsed GeoTransform - x_origin: -80.27136255151265, pixel_width: 3.2412848751532576e-06, y_origin: 25.912238912402806, pixel_height: -3.2412848751532576e-06
2024-12-26 21:01:29,637 - DEBUG - Computed pixel coordinates before clamping - x_pixel: 370, y_pixel: 235
2024-12-26 21:01:29,637 - DEBUG - Clamped pixel coordinates - x_pixel: 370, y_pixel: 235
2024-12-26 21:01:29,637 - DEBUG - Converting geo-coordinates to pixel coordinates:
2024-12-26 21:01:29,637 - DEBUG - Inputs - lon: -80.27024586159926, lat: 25.91137801899322, geo_transform: [-80.27136255151265, 3.2412848751532576e-06, 0.0, 25.912238912402806, 0.0, -3.2412848751532576e-06], image_width: 512, image_height: 512
2024-12-26 21:01:29,637 - DEBUG - Parsed GeoTransform - x_origin: -80.27136255151265, pixel_width: 3.2412848751532576e-06, y_origin: 25.912238912402806, pixel_height: -3.2412848751532576e-06
2024-12-26 21:01:29,638 - DEBUG - Computed pixel coordinates before clamping - x_pixel: 344, y_pixel: 265
2024-12-26 21:01:29,638 - DEBUG - Clamped pixel coordinates - x_pixel: 344, y_pixel: 265
2024-12-26 21:01:29,638 - DEBUG - Pixel Coordinates: [(344, 265), (317, 234), (338, 215), (370, 235), (344, 265)] ... (showing first 5 for brevity)
2024-12-26 21:01:29,638 - DEBUG - Pixel Bounding Box: x_min=317, x_max=370, y_min=215, y_max=265
2024-12-26 21:01:29,638 - DEBUG - Pixel bounding box: (317, 215, 370, 265)
2024-12-26 21:01:29,638 - DEBUG - Input is a list. Converting to tensor.
2024-12-26 21:01:29,638 - DEBUG - Input Bounding Boxes (Corner Format): tensor([[317., 215., 370., 265.]])
2024-12-26 21:01:29,638 - DEBUG - x_min: 317.0, y_min: 215.0, x_max: 370.0, y_max: 265.0
2024-12-26 21:01:29,639 - DEBUG - Converted Bounding Boxes (Center Format): tensor([[343.5000, 240.0000,  53.0000,  50.0000]])
2024-12-26 21:01:29,639 - DEBUG - Normalized bounding box (cx, cy, w, h): tensor([[343.5000, 240.0000,  53.0000,  50.0000]])
2024-12-26 21:01:29,640 - DEBUG - Processed image tensor shape: torch.Size([3, 512, 512])
2024-12-26 21:01:29,640 - DEBUG - Processed bounding box tensor: tensor([[343.5000, 240.0000,  53.0000,  50.0000]])
2024-12-26 21:01:29,640 - DEBUG - Processing index 1105:
2024-12-26 21:01:29,640 - DEBUG - Image path: ./data/raw/train/PS-RGB_tiled/130_104001002E47CD00_tile_1099.png
2024-12-26 21:01:29,640 - DEBUG - Label path: ./data/raw/train/geojson_aircraft_tiled/130_104001002E47CD00_tile_1099.geojson
2024-12-26 21:01:29,640 - DEBUG - Auxiliary path: ./data/raw/train/PS-RGB_tiled/130_104001002E47CD00_tile_1099.png.aux.xml
2024-12-26 21:01:29,640 - DEBUG - Parsing GeoTransform from: ./data/raw/train/PS-RGB_tiled/130_104001002E47CD00_tile_1099.png.aux.xml
2024-12-26 21:01:29,641 - DEBUG - GeoTransform parsed: [-75.23526013129491, 3.4764801495425474e-06, 0.0, 39.867217137189385, 0.0, -3.4764801495425474e-06]
2024-12-26 21:01:29,641 - DEBUG - Reading GeoJSON from: ./data/raw/train/geojson_aircraft_tiled/130_104001002E47CD00_tile_1099.geojson
2024-12-26 21:01:29,641 - DEBUG - First feature coordinates: [[[-75.23434248818879, 39.86670825384043], [-75.23414075251651, 39.86687885746452], [-75.23405856390929, 39.8667586877585], [-75.23406479031891, 39.86662419731031], [-75.23434248818879, 39.86670825384043]]]
2024-12-26 21:01:29,641 - DEBUG - Feature properties: {'loc_id': 130, 'cat_id': '104001002E47CD00', 'location': 'Terminal A - West Ticketing, PA 291, Eastwick, Philadelphia, Philadelphia County, Pennsylvania, PA 19153, USA', 'role': 'Medium Civil Transport/Utility', 'role_id': 2, 'is_plane': 1, 'num_engines': 2, 'propulsion': 'jet', 'canards': 'no', 'num_tail_fins': 1, 'wing_position': 'mid/low mounted', 'wing_type': 'swept', 'length': 24.919672201934556, 'wingspan': 29.00132193343297, 'area': 361.35164753802627, 'faa_wingspan_class': 3, 'Public_Train': 1, 'Public_Test': 0, 'partialDec': 1.0, 'truncated': 0, 'new_area': 361.35164753802627}
2024-12-26 21:01:29,641 - DEBUG - GeoJSON Coords: [(-75.23434248818879, 39.86670825384043), (-75.23414075251651, 39.86687885746452), (-75.23405856390929, 39.8667586877585), (-75.23406479031891, 39.86662419731031), (-75.23434248818879, 39.86670825384043)]
2024-12-26 21:01:29,641 - DEBUG - GeoJSON Features: [24.919672201934556, 29.00132193343297, 361.35164753802627, 1, 1, 0, 2, 1, 3]
2024-12-26 21:01:29,642 - DEBUG - Parsed GeoTransform: [-75.23526013129491, 3.4764801495425474e-06, 0.0, 39.867217137189385, 0.0, -3.4764801495425474e-06]
2024-12-26 21:01:29,642 - DEBUG - Parsed GeoJSON coordinates: [(-75.23434248818879, 39.86670825384043), (-75.23414075251651, 39.86687885746452), (-75.23405856390929, 39.8667586877585), (-75.23406479031891, 39.86662419731031), (-75.23434248818879, 39.86670825384043)]
2024-12-26 21:01:29,642 - DEBUG - STREAM b'IHDR' 16 13
2024-12-26 21:01:29,642 - DEBUG - STREAM b'tRNS' 41 6
2024-12-26 21:01:29,642 - DEBUG - STREAM b'IDAT' 59 8192
2024-12-26 21:01:29,652 - DEBUG - Loaded image size: 512x512
2024-12-26 21:01:29,652 - DEBUG - Converting GeoJSON to pixel bounding boxes.
2024-12-26 21:01:29,653 - DEBUG - Input Coordinates: [(-75.23434248818879, 39.86670825384043), (-75.23414075251651, 39.86687885746452), (-75.23405856390929, 39.8667586877585), (-75.23406479031891, 39.86662419731031), (-75.23434248818879, 39.86670825384043)] ... (showing first 5 for brevity)
2024-12-26 21:01:29,653 - DEBUG - GeoTransform: [-75.23526013129491, 3.4764801495425474e-06, 0.0, 39.867217137189385, 0.0, -3.4764801495425474e-06]
2024-12-26 21:01:29,653 - DEBUG - Image Dimensions: width=512, height=512
2024-12-26 21:01:29,653 - DEBUG - Converting geo-coordinates to pixel coordinates:
2024-12-26 21:01:29,653 - DEBUG - Inputs - lon: -75.23434248818879, lat: 39.86670825384043, geo_transform: [-75.23526013129491, 3.4764801495425474e-06, 0.0, 39.867217137189385, 0.0, -3.4764801495425474e-06], image_width: 512, image_height: 512
2024-12-26 21:01:29,653 - DEBUG - Parsed GeoTransform - x_origin: -75.23526013129491, pixel_width: 3.4764801495425474e-06, y_origin: 39.867217137189385, pixel_height: -3.4764801495425474e-06
2024-12-26 21:01:29,653 - DEBUG - Computed pixel coordinates before clamping - x_pixel: 263, y_pixel: 146
2024-12-26 21:01:29,653 - DEBUG - Clamped pixel coordinates - x_pixel: 263, y_pixel: 146
2024-12-26 21:01:29,653 - DEBUG - Converting geo-coordinates to pixel coordinates:
2024-12-26 21:01:29,653 - DEBUG - Inputs - lon: -75.23414075251651, lat: 39.86687885746452, geo_transform: [-75.23526013129491, 3.4764801495425474e-06, 0.0, 39.867217137189385, 0.0, -3.4764801495425474e-06], image_width: 512, image_height: 512
2024-12-26 21:01:29,653 - DEBUG - Parsed GeoTransform - x_origin: -75.23526013129491, pixel_width: 3.4764801495425474e-06, y_origin: 39.867217137189385, pixel_height: -3.4764801495425474e-06
2024-12-26 21:01:29,653 - DEBUG - Computed pixel coordinates before clamping - x_pixel: 321, y_pixel: 97
2024-12-26 21:01:29,653 - DEBUG - Clamped pixel coordinates - x_pixel: 321, y_pixel: 97
2024-12-26 21:01:29,653 - DEBUG - Converting geo-coordinates to pixel coordinates:
2024-12-26 21:01:29,654 - DEBUG - Inputs - lon: -75.23405856390929, lat: 39.8667586877585, geo_transform: [-75.23526013129491, 3.4764801495425474e-06, 0.0, 39.867217137189385, 0.0, -3.4764801495425474e-06], image_width: 512, image_height: 512
2024-12-26 21:01:29,654 - DEBUG - Parsed GeoTransform - x_origin: -75.23526013129491, pixel_width: 3.4764801495425474e-06, y_origin: 39.867217137189385, pixel_height: -3.4764801495425474e-06
2024-12-26 21:01:29,654 - DEBUG - Computed pixel coordinates before clamping - x_pixel: 345, y_pixel: 131
2024-12-26 21:01:29,654 - DEBUG - Clamped pixel coordinates - x_pixel: 345, y_pixel: 131
2024-12-26 21:01:29,654 - DEBUG - Converting geo-coordinates to pixel coordinates:
2024-12-26 21:01:29,654 - DEBUG - Inputs - lon: -75.23406479031891, lat: 39.86662419731031, geo_transform: [-75.23526013129491, 3.4764801495425474e-06, 0.0, 39.867217137189385, 0.0, -3.4764801495425474e-06], image_width: 512, image_height: 512
2024-12-26 21:01:29,654 - DEBUG - Parsed GeoTransform - x_origin: -75.23526013129491, pixel_width: 3.4764801495425474e-06, y_origin: 39.867217137189385, pixel_height: -3.4764801495425474e-06
2024-12-26 21:01:29,654 - DEBUG - Computed pixel coordinates before clamping - x_pixel: 343, y_pixel: 170
2024-12-26 21:01:29,654 - DEBUG - Clamped pixel coordinates - x_pixel: 343, y_pixel: 170
2024-12-26 21:01:29,654 - DEBUG - Converting geo-coordinates to pixel coordinates:
2024-12-26 21:01:29,654 - DEBUG - Inputs - lon: -75.23434248818879, lat: 39.86670825384043, geo_transform: [-75.23526013129491, 3.4764801495425474e-06, 0.0, 39.867217137189385, 0.0, -3.4764801495425474e-06], image_width: 512, image_height: 512
2024-12-26 21:01:29,654 - DEBUG - Parsed GeoTransform - x_origin: -75.23526013129491, pixel_width: 3.4764801495425474e-06, y_origin: 39.867217137189385, pixel_height: -3.4764801495425474e-06
2024-12-26 21:01:29,654 - DEBUG - Computed pixel coordinates before clamping - x_pixel: 263, y_pixel: 146
2024-12-26 21:01:29,654 - DEBUG - Clamped pixel coordinates - x_pixel: 263, y_pixel: 146
2024-12-26 21:01:29,654 - DEBUG - Pixel Coordinates: [(263, 146), (321, 97), (345, 131), (343, 170), (263, 146)] ... (showing first 5 for brevity)
2024-12-26 21:01:29,654 - DEBUG - Pixel Bounding Box: x_min=263, x_max=345, y_min=97, y_max=170
2024-12-26 21:01:29,655 - DEBUG - Pixel bounding box: (263, 97, 345, 170)
2024-12-26 21:01:29,655 - DEBUG - Input is a list. Converting to tensor.
2024-12-26 21:01:29,655 - DEBUG - Input Bounding Boxes (Corner Format): tensor([[263.,  97., 345., 170.]])
2024-12-26 21:01:29,655 - DEBUG - x_min: 263.0, y_min: 97.0, x_max: 345.0, y_max: 170.0
2024-12-26 21:01:29,655 - DEBUG - Converted Bounding Boxes (Center Format): tensor([[304.0000, 133.5000,  82.0000,  73.0000]])
2024-12-26 21:01:29,655 - DEBUG - Normalized bounding box (cx, cy, w, h): tensor([[304.0000, 133.5000,  82.0000,  73.0000]])
2024-12-26 21:01:29,656 - DEBUG - Processed image tensor shape: torch.Size([3, 512, 512])
2024-12-26 21:01:29,657 - DEBUG - Processed bounding box tensor: tensor([[304.0000, 133.5000,  82.0000,  73.0000]])
2024-12-26 21:01:29,657 - DEBUG - Processing index 4362:
2024-12-26 21:01:29,657 - DEBUG - Image path: ./data/raw/train/PS-RGB_tiled/82_10400100435D3500_tile_500.png
2024-12-26 21:01:29,657 - DEBUG - Label path: ./data/raw/train/geojson_aircraft_tiled/82_10400100435D3500_tile_500.geojson
2024-12-26 21:01:29,657 - DEBUG - Auxiliary path: ./data/raw/train/PS-RGB_tiled/82_10400100435D3500_tile_500.png.aux.xml
2024-12-26 21:01:29,657 - DEBUG - Parsing GeoTransform from: ./data/raw/train/PS-RGB_tiled/82_10400100435D3500_tile_500.png.aux.xml
2024-12-26 21:01:29,658 - DEBUG - GeoTransform parsed: [-94.71775352116762, 3.3866486211305964e-06, 0.0, 39.295918553868965, 0.0, -3.3866486211305964e-06]
2024-12-26 21:01:29,658 - DEBUG - Reading GeoJSON from: ./data/raw/train/geojson_aircraft_tiled/82_10400100435D3500_tile_500.geojson
2024-12-26 21:01:29,658 - DEBUG - First feature coordinates: [[[-94.71720298594644, 39.29478761868337], [-94.71693750123957, 39.29487354851603], [-94.7168098890254, 39.29473054588407], [-94.71696507573812, 39.294661930271424], [-94.71720298594644, 39.29478761868337]]]
2024-12-26 21:01:29,658 - DEBUG - Feature properties: {'loc_id': 82, 'cat_id': '10400100435D3500', 'location': 'North Paris Street, Kansas City, Platte County, Missouri, 64153, USA', 'role': 'Medium Civil Transport/Utility', 'role_id': 2, 'is_plane': 1, 'num_engines': 2, 'propulsion': 'jet', 'canards': 'no', 'num_tail_fins': 1, 'wing_position': 'mid/low mounted', 'wing_type': 'swept', 'length': 34.49324088526622, 'wingspan': 23.611135505926075, 'area': 405.78272250295373, 'faa_wingspan_class': 2, 'Public_Train': 1, 'Public_Test': 0, 'partialDec': 1.0, 'truncated': 0, 'new_area': 405.78272250295373}
2024-12-26 21:01:29,658 - DEBUG - GeoJSON Coords: [(-94.71720298594644, 39.29478761868337), (-94.71693750123957, 39.29487354851603), (-94.7168098890254, 39.29473054588407), (-94.71696507573812, 39.294661930271424), (-94.71720298594644, 39.29478761868337)]
2024-12-26 21:01:29,658 - DEBUG - GeoJSON Features: [34.49324088526622, 23.611135505926075, 405.78272250295373, 1, 1, 0, 2, 1, 2]
2024-12-26 21:01:29,658 - DEBUG - Parsed GeoTransform: [-94.71775352116762, 3.3866486211305964e-06, 0.0, 39.295918553868965, 0.0, -3.3866486211305964e-06]
2024-12-26 21:01:29,658 - DEBUG - Parsed GeoJSON coordinates: [(-94.71720298594644, 39.29478761868337), (-94.71693750123957, 39.29487354851603), (-94.7168098890254, 39.29473054588407), (-94.71696507573812, 39.294661930271424), (-94.71720298594644, 39.29478761868337)]
2024-12-26 21:01:29,659 - DEBUG - STREAM b'IHDR' 16 13
2024-12-26 21:01:29,659 - DEBUG - STREAM b'tRNS' 41 6
2024-12-26 21:01:29,659 - DEBUG - STREAM b'IDAT' 59 8192
2024-12-26 21:01:29,670 - DEBUG - Loaded image size: 512x512
2024-12-26 21:01:29,670 - DEBUG - Converting GeoJSON to pixel bounding boxes.
2024-12-26 21:01:29,670 - DEBUG - Input Coordinates: [(-94.71720298594644, 39.29478761868337), (-94.71693750123957, 39.29487354851603), (-94.7168098890254, 39.29473054588407), (-94.71696507573812, 39.294661930271424), (-94.71720298594644, 39.29478761868337)] ... (showing first 5 for brevity)
2024-12-26 21:01:29,670 - DEBUG - GeoTransform: [-94.71775352116762, 3.3866486211305964e-06, 0.0, 39.295918553868965, 0.0, -3.3866486211305964e-06]
2024-12-26 21:01:29,670 - DEBUG - Image Dimensions: width=512, height=512
2024-12-26 21:01:29,670 - DEBUG - Converting geo-coordinates to pixel coordinates:
2024-12-26 21:01:29,670 - DEBUG - Inputs - lon: -94.71720298594644, lat: 39.29478761868337, geo_transform: [-94.71775352116762, 3.3866486211305964e-06, 0.0, 39.295918553868965, 0.0, -3.3866486211305964e-06], image_width: 512, image_height: 512
2024-12-26 21:01:29,670 - DEBUG - Parsed GeoTransform - x_origin: -94.71775352116762, pixel_width: 3.3866486211305964e-06, y_origin: 39.295918553868965, pixel_height: -3.3866486211305964e-06
2024-12-26 21:01:29,670 - DEBUG - Computed pixel coordinates before clamping - x_pixel: 162, y_pixel: 333
2024-12-26 21:01:29,670 - DEBUG - Clamped pixel coordinates - x_pixel: 162, y_pixel: 333
2024-12-26 21:01:29,670 - DEBUG - Converting geo-coordinates to pixel coordinates:
2024-12-26 21:01:29,670 - DEBUG - Inputs - lon: -94.71693750123957, lat: 39.29487354851603, geo_transform: [-94.71775352116762, 3.3866486211305964e-06, 0.0, 39.295918553868965, 0.0, -3.3866486211305964e-06], image_width: 512, image_height: 512
2024-12-26 21:01:29,670 - DEBUG - Parsed GeoTransform - x_origin: -94.71775352116762, pixel_width: 3.3866486211305964e-06, y_origin: 39.295918553868965, pixel_height: -3.3866486211305964e-06
2024-12-26 21:01:29,671 - DEBUG - Computed pixel coordinates before clamping - x_pixel: 240, y_pixel: 308
2024-12-26 21:01:29,671 - DEBUG - Clamped pixel coordinates - x_pixel: 240, y_pixel: 308
2024-12-26 21:01:29,671 - DEBUG - Converting geo-coordinates to pixel coordinates:
2024-12-26 21:01:29,671 - DEBUG - Inputs - lon: -94.7168098890254, lat: 39.29473054588407, geo_transform: [-94.71775352116762, 3.3866486211305964e-06, 0.0, 39.295918553868965, 0.0, -3.3866486211305964e-06], image_width: 512, image_height: 512
2024-12-26 21:01:29,671 - DEBUG - Parsed GeoTransform - x_origin: -94.71775352116762, pixel_width: 3.3866486211305964e-06, y_origin: 39.295918553868965, pixel_height: -3.3866486211305964e-06
2024-12-26 21:01:29,671 - DEBUG - Computed pixel coordinates before clamping - x_pixel: 278, y_pixel: 350
2024-12-26 21:01:29,671 - DEBUG - Clamped pixel coordinates - x_pixel: 278, y_pixel: 350
2024-12-26 21:01:29,671 - DEBUG - Converting geo-coordinates to pixel coordinates:
2024-12-26 21:01:29,671 - DEBUG - Inputs - lon: -94.71696507573812, lat: 39.294661930271424, geo_transform: [-94.71775352116762, 3.3866486211305964e-06, 0.0, 39.295918553868965, 0.0, -3.3866486211305964e-06], image_width: 512, image_height: 512
2024-12-26 21:01:29,671 - DEBUG - Parsed GeoTransform - x_origin: -94.71775352116762, pixel_width: 3.3866486211305964e-06, y_origin: 39.295918553868965, pixel_height: -3.3866486211305964e-06
2024-12-26 21:01:29,671 - DEBUG - Computed pixel coordinates before clamping - x_pixel: 232, y_pixel: 371
2024-12-26 21:01:29,671 - DEBUG - Clamped pixel coordinates - x_pixel: 232, y_pixel: 371
2024-12-26 21:01:29,671 - DEBUG - Converting geo-coordinates to pixel coordinates:
2024-12-26 21:01:29,671 - DEBUG - Inputs - lon: -94.71720298594644, lat: 39.29478761868337, geo_transform: [-94.71775352116762, 3.3866486211305964e-06, 0.0, 39.295918553868965, 0.0, -3.3866486211305964e-06], image_width: 512, image_height: 512
2024-12-26 21:01:29,671 - DEBUG - Parsed GeoTransform - x_origin: -94.71775352116762, pixel_width: 3.3866486211305964e-06, y_origin: 39.295918553868965, pixel_height: -3.3866486211305964e-06
2024-12-26 21:01:29,672 - DEBUG - Computed pixel coordinates before clamping - x_pixel: 162, y_pixel: 333
2024-12-26 21:01:29,672 - DEBUG - Clamped pixel coordinates - x_pixel: 162, y_pixel: 333
2024-12-26 21:01:29,672 - DEBUG - Pixel Coordinates: [(162, 333), (240, 308), (278, 350), (232, 371), (162, 333)] ... (showing first 5 for brevity)
2024-12-26 21:01:29,672 - DEBUG - Pixel Bounding Box: x_min=162, x_max=278, y_min=308, y_max=371
2024-12-26 21:01:29,672 - DEBUG - Pixel bounding box: (162, 308, 278, 371)
2024-12-26 21:01:29,672 - DEBUG - Input is a list. Converting to tensor.
2024-12-26 21:01:29,672 - DEBUG - Input Bounding Boxes (Corner Format): tensor([[162., 308., 278., 371.]])
2024-12-26 21:01:29,672 - DEBUG - x_min: 162.0, y_min: 308.0, x_max: 278.0, y_max: 371.0
2024-12-26 21:01:29,673 - DEBUG - Converted Bounding Boxes (Center Format): tensor([[220.0000, 339.5000, 116.0000,  63.0000]])
2024-12-26 21:01:29,673 - DEBUG - Normalized bounding box (cx, cy, w, h): tensor([[220.0000, 339.5000, 116.0000,  63.0000]])
2024-12-26 21:01:29,674 - DEBUG - Processed image tensor shape: torch.Size([3, 512, 512])
2024-12-26 21:01:29,674 - DEBUG - Processed bounding box tensor: tensor([[220.0000, 339.5000, 116.0000,  63.0000]])
2024-12-26 21:01:29,674 - DEBUG - Processing index 907:
2024-12-26 21:01:29,674 - DEBUG - Image path: ./data/raw/train/PS-RGB_tiled/125_10400100363EC000_tile_194.png
2024-12-26 21:01:29,674 - DEBUG - Label path: ./data/raw/train/geojson_aircraft_tiled/125_10400100363EC000_tile_194.geojson
2024-12-26 21:01:29,674 - DEBUG - Auxiliary path: ./data/raw/train/PS-RGB_tiled/125_10400100363EC000_tile_194.png.aux.xml
2024-12-26 21:01:29,674 - DEBUG - Parsing GeoTransform from: ./data/raw/train/PS-RGB_tiled/125_10400100363EC000_tile_194.png.aux.xml
2024-12-26 21:01:29,675 - DEBUG - GeoTransform parsed: [-73.10332504636902, 3.416592463931586e-06, 0.0, 40.791387451843114, 0.0, -3.416592463931586e-06]
2024-12-26 21:01:29,675 - DEBUG - Reading GeoJSON from: ./data/raw/train/geojson_aircraft_tiled/125_10400100363EC000_tile_194.geojson
2024-12-26 21:01:29,675 - DEBUG - First feature coordinates: [[[-73.10211557832103, 40.790106217136454], [-73.10214106095692, 40.79005949897065], [-73.1021920262287, 40.79011046424243], [-73.10213256674496, 40.79015505885524], [-73.10211557832103, 40.790106217136454]]]
2024-12-26 21:01:29,675 - DEBUG - Feature properties: {'loc_id': 125, 'cat_id': '10400100363EC000', 'location': 'Long Island MacArthur Airport, Airway Road, Ronkonkoma, Suffolk County, New York, 11716, USA', 'role': 'Small Civil Transport/Utility', 'role_id': 1, 'is_plane': 1, 'num_engines': 1, 'propulsion': 'propeller', 'canards': 'no', 'num_tail_fins': 1, 'wing_position': 'mid/low mounted', 'wing_type': 'straight', 'length': 6.46898788837864, 'wingspan': 10.63520287531412, 'area': 34.3989769713641, 'faa_wingspan_class': 1, 'Public_Train': 1, 'Public_Test': 0, 'partialDec': 1.0, 'truncated': 0, 'new_area': 34.3989769713641}
2024-12-26 21:01:29,675 - DEBUG - GeoJSON Coords: [(-73.10211557832103, 40.790106217136454), (-73.10214106095692, 40.79005949897065), (-73.1021920262287, 40.79011046424243), (-73.10213256674496, 40.79015505885524), (-73.10211557832103, 40.790106217136454)]
2024-12-26 21:01:29,676 - DEBUG - GeoJSON Features: [6.46898788837864, 10.63520287531412, 34.3989769713641, 0, 1, 0, 1, 1, 1]
2024-12-26 21:01:29,676 - DEBUG - Parsed GeoTransform: [-73.10332504636902, 3.416592463931586e-06, 0.0, 40.791387451843114, 0.0, -3.416592463931586e-06]
2024-12-26 21:01:29,676 - DEBUG - Parsed GeoJSON coordinates: [(-73.10211557832103, 40.790106217136454), (-73.10214106095692, 40.79005949897065), (-73.1021920262287, 40.79011046424243), (-73.10213256674496, 40.79015505885524), (-73.10211557832103, 40.790106217136454)]
2024-12-26 21:01:29,676 - DEBUG - STREAM b'IHDR' 16 13
2024-12-26 21:01:29,676 - DEBUG - STREAM b'tRNS' 41 6
2024-12-26 21:01:29,676 - DEBUG - STREAM b'IDAT' 59 8192
2024-12-26 21:01:29,686 - DEBUG - Loaded image size: 512x512
2024-12-26 21:01:29,686 - DEBUG - Converting GeoJSON to pixel bounding boxes.
2024-12-26 21:01:29,686 - DEBUG - Input Coordinates: [(-73.10211557832103, 40.790106217136454), (-73.10214106095692, 40.79005949897065), (-73.1021920262287, 40.79011046424243), (-73.10213256674496, 40.79015505885524), (-73.10211557832103, 40.790106217136454)] ... (showing first 5 for brevity)
2024-12-26 21:01:29,686 - DEBUG - GeoTransform: [-73.10332504636902, 3.416592463931586e-06, 0.0, 40.791387451843114, 0.0, -3.416592463931586e-06]
2024-12-26 21:01:29,687 - DEBUG - Image Dimensions: width=512, height=512
2024-12-26 21:01:29,687 - DEBUG - Converting geo-coordinates to pixel coordinates:
2024-12-26 21:01:29,687 - DEBUG - Inputs - lon: -73.10211557832103, lat: 40.790106217136454, geo_transform: [-73.10332504636902, 3.416592463931586e-06, 0.0, 40.791387451843114, 0.0, -3.416592463931586e-06], image_width: 512, image_height: 512
2024-12-26 21:01:29,687 - DEBUG - Parsed GeoTransform - x_origin: -73.10332504636902, pixel_width: 3.416592463931586e-06, y_origin: 40.791387451843114, pixel_height: -3.416592463931586e-06
2024-12-26 21:01:29,687 - DEBUG - Computed pixel coordinates before clamping - x_pixel: 353, y_pixel: 375
2024-12-26 21:01:29,687 - DEBUG - Clamped pixel coordinates - x_pixel: 353, y_pixel: 375
2024-12-26 21:01:29,687 - DEBUG - Converting geo-coordinates to pixel coordinates:
2024-12-26 21:01:29,687 - DEBUG - Inputs - lon: -73.10214106095692, lat: 40.79005949897065, geo_transform: [-73.10332504636902, 3.416592463931586e-06, 0.0, 40.791387451843114, 0.0, -3.416592463931586e-06], image_width: 512, image_height: 512
2024-12-26 21:01:29,687 - DEBUG - Parsed GeoTransform - x_origin: -73.10332504636902, pixel_width: 3.416592463931586e-06, y_origin: 40.791387451843114, pixel_height: -3.416592463931586e-06
2024-12-26 21:01:29,687 - DEBUG - Computed pixel coordinates before clamping - x_pixel: 346, y_pixel: 388
2024-12-26 21:01:29,687 - DEBUG - Clamped pixel coordinates - x_pixel: 346, y_pixel: 388
2024-12-26 21:01:29,687 - DEBUG - Converting geo-coordinates to pixel coordinates:
2024-12-26 21:01:29,687 - DEBUG - Inputs - lon: -73.1021920262287, lat: 40.79011046424243, geo_transform: [-73.10332504636902, 3.416592463931586e-06, 0.0, 40.791387451843114, 0.0, -3.416592463931586e-06], image_width: 512, image_height: 512
2024-12-26 21:01:29,687 - DEBUG - Parsed GeoTransform - x_origin: -73.10332504636902, pixel_width: 3.416592463931586e-06, y_origin: 40.791387451843114, pixel_height: -3.416592463931586e-06
2024-12-26 21:01:29,688 - DEBUG - Computed pixel coordinates before clamping - x_pixel: 331, y_pixel: 373
2024-12-26 21:01:29,688 - DEBUG - Clamped pixel coordinates - x_pixel: 331, y_pixel: 373
2024-12-26 21:01:29,688 - DEBUG - Converting geo-coordinates to pixel coordinates:
2024-12-26 21:01:29,688 - DEBUG - Inputs - lon: -73.10213256674496, lat: 40.79015505885524, geo_transform: [-73.10332504636902, 3.416592463931586e-06, 0.0, 40.791387451843114, 0.0, -3.416592463931586e-06], image_width: 512, image_height: 512
2024-12-26 21:01:29,688 - DEBUG - Parsed GeoTransform - x_origin: -73.10332504636902, pixel_width: 3.416592463931586e-06, y_origin: 40.791387451843114, pixel_height: -3.416592463931586e-06
2024-12-26 21:01:29,688 - DEBUG - Computed pixel coordinates before clamping - x_pixel: 349, y_pixel: 360
2024-12-26 21:01:29,688 - DEBUG - Clamped pixel coordinates - x_pixel: 349, y_pixel: 360
2024-12-26 21:01:29,688 - DEBUG - Converting geo-coordinates to pixel coordinates:
2024-12-26 21:01:29,688 - DEBUG - Inputs - lon: -73.10211557832103, lat: 40.790106217136454, geo_transform: [-73.10332504636902, 3.416592463931586e-06, 0.0, 40.791387451843114, 0.0, -3.416592463931586e-06], image_width: 512, image_height: 512
2024-12-26 21:01:29,688 - DEBUG - Parsed GeoTransform - x_origin: -73.10332504636902, pixel_width: 3.416592463931586e-06, y_origin: 40.791387451843114, pixel_height: -3.416592463931586e-06
2024-12-26 21:01:29,688 - DEBUG - Computed pixel coordinates before clamping - x_pixel: 353, y_pixel: 375
2024-12-26 21:01:29,688 - DEBUG - Clamped pixel coordinates - x_pixel: 353, y_pixel: 375
2024-12-26 21:01:29,688 - DEBUG - Pixel Coordinates: [(353, 375), (346, 388), (331, 373), (349, 360), (353, 375)] ... (showing first 5 for brevity)
2024-12-26 21:01:29,688 - DEBUG - Pixel Bounding Box: x_min=331, x_max=353, y_min=360, y_max=388
2024-12-26 21:01:29,688 - DEBUG - Pixel bounding box: (331, 360, 353, 388)
2024-12-26 21:01:29,689 - DEBUG - Input is a list. Converting to tensor.
2024-12-26 21:01:29,689 - DEBUG - Input Bounding Boxes (Corner Format): tensor([[331., 360., 353., 388.]])
2024-12-26 21:01:29,689 - DEBUG - x_min: 331.0, y_min: 360.0, x_max: 353.0, y_max: 388.0
2024-12-26 21:01:29,689 - DEBUG - Converted Bounding Boxes (Center Format): tensor([[342., 374.,  22.,  28.]])
2024-12-26 21:01:29,689 - DEBUG - Normalized bounding box (cx, cy, w, h): tensor([[342., 374.,  22.,  28.]])
2024-12-26 21:01:29,690 - DEBUG - Processed image tensor shape: torch.Size([3, 512, 512])
2024-12-26 21:01:29,691 - DEBUG - Processed bounding box tensor: tensor([[342., 374.,  22.,  28.]])
2024-12-26 21:01:29,691 - DEBUG - Processing index 3710:
2024-12-26 21:01:29,691 - DEBUG - Image path: ./data/raw/train/PS-RGB_tiled/55_1040010048841900_tile_149.png
2024-12-26 21:01:29,691 - DEBUG - Label path: ./data/raw/train/geojson_aircraft_tiled/55_1040010048841900_tile_149.geojson
2024-12-26 21:01:29,691 - DEBUG - Auxiliary path: ./data/raw/train/PS-RGB_tiled/55_1040010048841900_tile_149.png.aux.xml
2024-12-26 21:01:29,691 - DEBUG - Parsing GeoTransform from: ./data/raw/train/PS-RGB_tiled/55_1040010048841900_tile_149.png.aux.xml
2024-12-26 21:01:29,692 - DEBUG - GeoTransform parsed: [32.538610038721835, 3.357902532038772e-06, 0.0, 15.561853928287487, 0.0, -3.357902532038772e-06]
2024-12-26 21:01:29,692 - DEBUG - Reading GeoJSON from: ./data/raw/train/geojson_aircraft_tiled/55_1040010048841900_tile_149.geojson
2024-12-26 21:01:29,693 - DEBUG - First feature coordinates: [[[32.53966828408929, 15.5606622410656], [32.5396878071943, 15.560710398057955], [32.539752884211, 15.56067525646894], [32.53969301335564, 15.560627099476585], [32.53966828408929, 15.5606622410656]]]
2024-12-26 21:01:29,693 - DEBUG - Feature properties: {'loc_id': 55, 'cat_id': '1040010048841900', 'location': 'Khartoum Airport, Africa Road, Khartoum 1, Khartoum, Khartoum State, 11114, Sudan', 'role': 'Small Civil Transport/Utility', 'role_id': 1, 'is_plane': 1, 'num_engines': 1, 'propulsion': 'propeller', 'canards': 'no', 'num_tail_fins': 1, 'wing_position': 'mid/low mounted', 'wing_type': 'straight', 'length': 9.184819589510035, 'wingspan': 9.230825864495687, 'area': 42.192941294960264, 'faa_wingspan_class': 1, 'Public_Train': 1, 'Public_Test': 0, 'partialDec': 1.0, 'truncated': 0, 'new_area': 42.192941294960264}
2024-12-26 21:01:29,693 - DEBUG - GeoJSON Coords: [(32.53966828408929, 15.5606622410656), (32.5396878071943, 15.560710398057955), (32.539752884211, 15.56067525646894), (32.53969301335564, 15.560627099476585), (32.53966828408929, 15.5606622410656)]
2024-12-26 21:01:29,693 - DEBUG - GeoJSON Features: [9.184819589510035, 9.230825864495687, 42.192941294960264, 0, 1, 0, 1, 1, 1]
2024-12-26 21:01:29,693 - DEBUG - Parsed GeoTransform: [32.538610038721835, 3.357902532038772e-06, 0.0, 15.561853928287487, 0.0, -3.357902532038772e-06]
2024-12-26 21:01:29,693 - DEBUG - Parsed GeoJSON coordinates: [(32.53966828408929, 15.5606622410656), (32.5396878071943, 15.560710398057955), (32.539752884211, 15.56067525646894), (32.53969301335564, 15.560627099476585), (32.53966828408929, 15.5606622410656)]
2024-12-26 21:01:29,693 - DEBUG - STREAM b'IHDR' 16 13
2024-12-26 21:01:29,694 - DEBUG - STREAM b'tRNS' 41 6
2024-12-26 21:01:29,694 - DEBUG - STREAM b'IDAT' 59 8192
2024-12-26 21:01:29,704 - DEBUG - Loaded image size: 512x512
2024-12-26 21:01:29,704 - DEBUG - Converting GeoJSON to pixel bounding boxes.
2024-12-26 21:01:29,704 - DEBUG - Input Coordinates: [(32.53966828408929, 15.5606622410656), (32.5396878071943, 15.560710398057955), (32.539752884211, 15.56067525646894), (32.53969301335564, 15.560627099476585), (32.53966828408929, 15.5606622410656)] ... (showing first 5 for brevity)
2024-12-26 21:01:29,704 - DEBUG - GeoTransform: [32.538610038721835, 3.357902532038772e-06, 0.0, 15.561853928287487, 0.0, -3.357902532038772e-06]
2024-12-26 21:01:29,704 - DEBUG - Image Dimensions: width=512, height=512
2024-12-26 21:01:29,705 - DEBUG - Converting geo-coordinates to pixel coordinates:
2024-12-26 21:01:29,705 - DEBUG - Inputs - lon: 32.53966828408929, lat: 15.5606622410656, geo_transform: [32.538610038721835, 3.357902532038772e-06, 0.0, 15.561853928287487, 0.0, -3.357902532038772e-06], image_width: 512, image_height: 512
2024-12-26 21:01:29,705 - DEBUG - Parsed GeoTransform - x_origin: 32.538610038721835, pixel_width: 3.357902532038772e-06, y_origin: 15.561853928287487, pixel_height: -3.357902532038772e-06
2024-12-26 21:01:29,705 - DEBUG - Computed pixel coordinates before clamping - x_pixel: 315, y_pixel: 354
2024-12-26 21:01:29,705 - DEBUG - Clamped pixel coordinates - x_pixel: 315, y_pixel: 354
2024-12-26 21:01:29,705 - DEBUG - Converting geo-coordinates to pixel coordinates:
2024-12-26 21:01:29,705 - DEBUG - Inputs - lon: 32.5396878071943, lat: 15.560710398057955, geo_transform: [32.538610038721835, 3.357902532038772e-06, 0.0, 15.561853928287487, 0.0, -3.357902532038772e-06], image_width: 512, image_height: 512
2024-12-26 21:01:29,705 - DEBUG - Parsed GeoTransform - x_origin: 32.538610038721835, pixel_width: 3.357902532038772e-06, y_origin: 15.561853928287487, pixel_height: -3.357902532038772e-06
2024-12-26 21:01:29,705 - DEBUG - Computed pixel coordinates before clamping - x_pixel: 320, y_pixel: 340
2024-12-26 21:01:29,705 - DEBUG - Clamped pixel coordinates - x_pixel: 320, y_pixel: 340
2024-12-26 21:01:29,705 - DEBUG - Converting geo-coordinates to pixel coordinates:
2024-12-26 21:01:29,705 - DEBUG - Inputs - lon: 32.539752884211, lat: 15.56067525646894, geo_transform: [32.538610038721835, 3.357902532038772e-06, 0.0, 15.561853928287487, 0.0, -3.357902532038772e-06], image_width: 512, image_height: 512
2024-12-26 21:01:29,705 - DEBUG - Parsed GeoTransform - x_origin: 32.538610038721835, pixel_width: 3.357902532038772e-06, y_origin: 15.561853928287487, pixel_height: -3.357902532038772e-06
2024-12-26 21:01:29,705 - DEBUG - Computed pixel coordinates before clamping - x_pixel: 340, y_pixel: 351
2024-12-26 21:01:29,705 - DEBUG - Clamped pixel coordinates - x_pixel: 340, y_pixel: 351
2024-12-26 21:01:29,706 - DEBUG - Converting geo-coordinates to pixel coordinates:
2024-12-26 21:01:29,706 - DEBUG - Inputs - lon: 32.53969301335564, lat: 15.560627099476585, geo_transform: [32.538610038721835, 3.357902532038772e-06, 0.0, 15.561853928287487, 0.0, -3.357902532038772e-06], image_width: 512, image_height: 512
2024-12-26 21:01:29,706 - DEBUG - Parsed GeoTransform - x_origin: 32.538610038721835, pixel_width: 3.357902532038772e-06, y_origin: 15.561853928287487, pixel_height: -3.357902532038772e-06
2024-12-26 21:01:29,706 - DEBUG - Computed pixel coordinates before clamping - x_pixel: 322, y_pixel: 365
2024-12-26 21:01:29,706 - DEBUG - Clamped pixel coordinates - x_pixel: 322, y_pixel: 365
2024-12-26 21:01:29,706 - DEBUG - Converting geo-coordinates to pixel coordinates:
2024-12-26 21:01:29,706 - DEBUG - Inputs - lon: 32.53966828408929, lat: 15.5606622410656, geo_transform: [32.538610038721835, 3.357902532038772e-06, 0.0, 15.561853928287487, 0.0, -3.357902532038772e-06], image_width: 512, image_height: 512
2024-12-26 21:01:29,706 - DEBUG - Parsed GeoTransform - x_origin: 32.538610038721835, pixel_width: 3.357902532038772e-06, y_origin: 15.561853928287487, pixel_height: -3.357902532038772e-06
2024-12-26 21:01:29,706 - DEBUG - Computed pixel coordinates before clamping - x_pixel: 315, y_pixel: 354
2024-12-26 21:01:29,706 - DEBUG - Clamped pixel coordinates - x_pixel: 315, y_pixel: 354
2024-12-26 21:01:29,706 - DEBUG - Pixel Coordinates: [(315, 354), (320, 340), (340, 351), (322, 365), (315, 354)] ... (showing first 5 for brevity)
2024-12-26 21:01:29,706 - DEBUG - Pixel Bounding Box: x_min=315, x_max=340, y_min=340, y_max=365
2024-12-26 21:01:29,706 - DEBUG - Pixel bounding box: (315, 340, 340, 365)
2024-12-26 21:01:29,706 - DEBUG - Input is a list. Converting to tensor.
2024-12-26 21:01:29,707 - DEBUG - Input Bounding Boxes (Corner Format): tensor([[315., 340., 340., 365.]])
2024-12-26 21:01:29,707 - DEBUG - x_min: 315.0, y_min: 340.0, x_max: 340.0, y_max: 365.0
2024-12-26 21:01:29,707 - DEBUG - Converted Bounding Boxes (Center Format): tensor([[327.5000, 352.5000,  25.0000,  25.0000]])
2024-12-26 21:01:29,707 - DEBUG - Normalized bounding box (cx, cy, w, h): tensor([[327.5000, 352.5000,  25.0000,  25.0000]])
2024-12-26 21:01:29,708 - DEBUG - Processed image tensor shape: torch.Size([3, 512, 512])
2024-12-26 21:01:29,708 - DEBUG - Processed bounding box tensor: tensor([[327.5000, 352.5000,  25.0000,  25.0000]])
2024-12-26 21:01:29,708 - DEBUG - Processing index 4034:
2024-12-26 21:01:29,709 - DEBUG - Image path: ./data/raw/train/PS-RGB_tiled/60_1040010046430200_tile_520.png
2024-12-26 21:01:29,709 - DEBUG - Label path: ./data/raw/train/geojson_aircraft_tiled/60_1040010046430200_tile_520.geojson
2024-12-26 21:01:29,709 - DEBUG - Auxiliary path: ./data/raw/train/PS-RGB_tiled/60_1040010046430200_tile_520.png.aux.xml
2024-12-26 21:01:29,709 - DEBUG - Parsing GeoTransform from: ./data/raw/train/PS-RGB_tiled/60_1040010046430200_tile_520.png.aux.xml
2024-12-26 21:01:29,709 - DEBUG - GeoTransform parsed: [-112.0010574894598, 2.9734235904356163e-06, 0.0, 33.43659862385645, 0.0, -2.9734235904356163e-06]
2024-12-26 21:01:29,709 - DEBUG - Reading GeoJSON from: ./data/raw/train/geojson_aircraft_tiled/60_1040010046430200_tile_520.geojson
2024-12-26 21:01:29,710 - DEBUG - First feature coordinates: [[[-111.99966690074042, 33.436461832182395], [-111.99986750141278, 33.43630899357488], [-112.00002443391158, 33.436457738291125], [-111.99988233381552, 33.43659862385645], [-111.99984242987969, 33.43659862385645], [-111.99966690074042, 33.436461832182395]]]
2024-12-26 21:01:29,710 - DEBUG - Feature properties: {'loc_id': 60, 'cat_id': '1040010046430200', 'location': 'Phoenix Sky Harbor International Airport, Service Road, Washington Trailer Park, Central City, Phoenix, Maricopa County, Arizona, 85040, USA', 'role': 'Medium Civil Transport/Utility', 'role_id': 2, 'is_plane': 1, 'num_engines': 2, 'propulsion': 'jet', 'canards': 'no', 'num_tail_fins': 1, 'wing_position': 'mid/low mounted', 'wing_type': 'swept', 'length': 33.24048515990577, 'wingspan': 34.04565194468671, 'area': 565.7209312748017, 'faa_wingspan_class': 3, 'Public_Train': 1, 'Public_Test': 0, 'partialDec': 0.9936702900389359, 'truncated': 1, 'new_area': 562.1400818609292}
2024-12-26 21:01:29,710 - DEBUG - GeoJSON Coords: [(-111.99966690074042, 33.436461832182395), (-111.99986750141278, 33.43630899357488), (-112.00002443391158, 33.436457738291125), (-111.99988233381552, 33.43659862385645), (-111.99984242987969, 33.43659862385645), (-111.99966690074042, 33.436461832182395)]
2024-12-26 21:01:29,710 - DEBUG - GeoJSON Features: [33.24048515990577, 34.04565194468671, 565.7209312748017, 1, 1, 0, 2, 1, 3]
2024-12-26 21:01:29,710 - DEBUG - Parsed GeoTransform: [-112.0010574894598, 2.9734235904356163e-06, 0.0, 33.43659862385645, 0.0, -2.9734235904356163e-06]
2024-12-26 21:01:29,710 - DEBUG - Parsed GeoJSON coordinates: [(-111.99966690074042, 33.436461832182395), (-111.99986750141278, 33.43630899357488), (-112.00002443391158, 33.436457738291125), (-111.99988233381552, 33.43659862385645), (-111.99984242987969, 33.43659862385645), (-111.99966690074042, 33.436461832182395)]
2024-12-26 21:01:29,711 - DEBUG - STREAM b'IHDR' 16 13
2024-12-26 21:01:29,711 - DEBUG - STREAM b'tRNS' 41 6
2024-12-26 21:01:29,711 - DEBUG - STREAM b'IDAT' 59 8192
2024-12-26 21:01:29,721 - DEBUG - Loaded image size: 512x512
2024-12-26 21:01:29,721 - DEBUG - Converting GeoJSON to pixel bounding boxes.
2024-12-26 21:01:29,721 - DEBUG - Input Coordinates: [(-111.99966690074042, 33.436461832182395), (-111.99986750141278, 33.43630899357488), (-112.00002443391158, 33.436457738291125), (-111.99988233381552, 33.43659862385645), (-111.99984242987969, 33.43659862385645)] ... (showing first 5 for brevity)
2024-12-26 21:01:29,721 - DEBUG - GeoTransform: [-112.0010574894598, 2.9734235904356163e-06, 0.0, 33.43659862385645, 0.0, -2.9734235904356163e-06]
2024-12-26 21:01:29,722 - DEBUG - Image Dimensions: width=512, height=512
2024-12-26 21:01:29,722 - DEBUG - Converting geo-coordinates to pixel coordinates:
2024-12-26 21:01:29,722 - DEBUG - Inputs - lon: -111.99966690074042, lat: 33.436461832182395, geo_transform: [-112.0010574894598, 2.9734235904356163e-06, 0.0, 33.43659862385645, 0.0, -2.9734235904356163e-06], image_width: 512, image_height: 512
2024-12-26 21:01:29,722 - DEBUG - Parsed GeoTransform - x_origin: -112.0010574894598, pixel_width: 2.9734235904356163e-06, y_origin: 33.43659862385645, pixel_height: -2.9734235904356163e-06
2024-12-26 21:01:29,722 - DEBUG - Computed pixel coordinates before clamping - x_pixel: 467, y_pixel: 46
2024-12-26 21:01:29,722 - DEBUG - Clamped pixel coordinates - x_pixel: 467, y_pixel: 46
2024-12-26 21:01:29,722 - DEBUG - Converting geo-coordinates to pixel coordinates:
2024-12-26 21:01:29,722 - DEBUG - Inputs - lon: -111.99986750141278, lat: 33.43630899357488, geo_transform: [-112.0010574894598, 2.9734235904356163e-06, 0.0, 33.43659862385645, 0.0, -2.9734235904356163e-06], image_width: 512, image_height: 512
2024-12-26 21:01:29,722 - DEBUG - Parsed GeoTransform - x_origin: -112.0010574894598, pixel_width: 2.9734235904356163e-06, y_origin: 33.43659862385645, pixel_height: -2.9734235904356163e-06
2024-12-26 21:01:29,722 - DEBUG - Computed pixel coordinates before clamping - x_pixel: 400, y_pixel: 97
2024-12-26 21:01:29,722 - DEBUG - Clamped pixel coordinates - x_pixel: 400, y_pixel: 97
2024-12-26 21:01:29,722 - DEBUG - Converting geo-coordinates to pixel coordinates:
2024-12-26 21:01:29,722 - DEBUG - Inputs - lon: -112.00002443391158, lat: 33.436457738291125, geo_transform: [-112.0010574894598, 2.9734235904356163e-06, 0.0, 33.43659862385645, 0.0, -2.9734235904356163e-06], image_width: 512, image_height: 512
2024-12-26 21:01:29,722 - DEBUG - Parsed GeoTransform - x_origin: -112.0010574894598, pixel_width: 2.9734235904356163e-06, y_origin: 33.43659862385645, pixel_height: -2.9734235904356163e-06
2024-12-26 21:01:29,722 - DEBUG - Computed pixel coordinates before clamping - x_pixel: 347, y_pixel: 47
2024-12-26 21:01:29,723 - DEBUG - Clamped pixel coordinates - x_pixel: 347, y_pixel: 47
2024-12-26 21:01:29,723 - DEBUG - Converting geo-coordinates to pixel coordinates:
2024-12-26 21:01:29,723 - DEBUG - Inputs - lon: -111.99988233381552, lat: 33.43659862385645, geo_transform: [-112.0010574894598, 2.9734235904356163e-06, 0.0, 33.43659862385645, 0.0, -2.9734235904356163e-06], image_width: 512, image_height: 512
2024-12-26 21:01:29,723 - DEBUG - Parsed GeoTransform - x_origin: -112.0010574894598, pixel_width: 2.9734235904356163e-06, y_origin: 33.43659862385645, pixel_height: -2.9734235904356163e-06
2024-12-26 21:01:29,723 - DEBUG - Computed pixel coordinates before clamping - x_pixel: 395, y_pixel: 0
2024-12-26 21:01:29,723 - DEBUG - Clamped pixel coordinates - x_pixel: 395, y_pixel: 0
2024-12-26 21:01:29,723 - DEBUG - Converting geo-coordinates to pixel coordinates:
2024-12-26 21:01:29,723 - DEBUG - Inputs - lon: -111.99984242987969, lat: 33.43659862385645, geo_transform: [-112.0010574894598, 2.9734235904356163e-06, 0.0, 33.43659862385645, 0.0, -2.9734235904356163e-06], image_width: 512, image_height: 512
2024-12-26 21:01:29,723 - DEBUG - Parsed GeoTransform - x_origin: -112.0010574894598, pixel_width: 2.9734235904356163e-06, y_origin: 33.43659862385645, pixel_height: -2.9734235904356163e-06
2024-12-26 21:01:29,723 - DEBUG - Computed pixel coordinates before clamping - x_pixel: 408, y_pixel: 0
2024-12-26 21:01:29,723 - DEBUG - Clamped pixel coordinates - x_pixel: 408, y_pixel: 0
2024-12-26 21:01:29,723 - DEBUG - Converting geo-coordinates to pixel coordinates:
2024-12-26 21:01:29,723 - DEBUG - Inputs - lon: -111.99966690074042, lat: 33.436461832182395, geo_transform: [-112.0010574894598, 2.9734235904356163e-06, 0.0, 33.43659862385645, 0.0, -2.9734235904356163e-06], image_width: 512, image_height: 512
2024-12-26 21:01:29,723 - DEBUG - Parsed GeoTransform - x_origin: -112.0010574894598, pixel_width: 2.9734235904356163e-06, y_origin: 33.43659862385645, pixel_height: -2.9734235904356163e-06
2024-12-26 21:01:29,723 - DEBUG - Computed pixel coordinates before clamping - x_pixel: 467, y_pixel: 46
2024-12-26 21:01:29,724 - DEBUG - Clamped pixel coordinates - x_pixel: 467, y_pixel: 46
2024-12-26 21:01:29,724 - DEBUG - Pixel Coordinates: [(467, 46), (400, 97), (347, 47), (395, 0), (408, 0)] ... (showing first 5 for brevity)
2024-12-26 21:01:29,724 - DEBUG - Pixel Bounding Box: x_min=347, x_max=467, y_min=0, y_max=97
2024-12-26 21:01:29,724 - DEBUG - Pixel bounding box: (347, 0, 467, 97)
2024-12-26 21:01:29,724 - DEBUG - Input is a list. Converting to tensor.
2024-12-26 21:01:29,724 - DEBUG - Input Bounding Boxes (Corner Format): tensor([[347.,   0., 467.,  97.]])
2024-12-26 21:01:29,724 - DEBUG - x_min: 347.0, y_min: 0.0, x_max: 467.0, y_max: 97.0
2024-12-26 21:01:29,724 - DEBUG - Converted Bounding Boxes (Center Format): tensor([[407.0000,  48.5000, 120.0000,  97.0000]])
2024-12-26 21:01:29,725 - DEBUG - Normalized bounding box (cx, cy, w, h): tensor([[407.0000,  48.5000, 120.0000,  97.0000]])
2024-12-26 21:01:29,725 - DEBUG - Processed image tensor shape: torch.Size([3, 512, 512])
2024-12-26 21:01:29,726 - DEBUG - Processed bounding box tensor: tensor([[407.0000,  48.5000, 120.0000,  97.0000]])
2024-12-26 21:01:29,726 - DEBUG - Processing index 352:
2024-12-26 21:01:29,726 - DEBUG - Image path: ./data/raw/train/PS-RGB_tiled/10_1040010039679A00_tile_166.png
2024-12-26 21:01:29,726 - DEBUG - Label path: ./data/raw/train/geojson_aircraft_tiled/10_1040010039679A00_tile_166.geojson
2024-12-26 21:01:29,726 - DEBUG - Auxiliary path: ./data/raw/train/PS-RGB_tiled/10_1040010039679A00_tile_166.png.aux.xml
2024-12-26 21:01:29,726 - DEBUG - Parsing GeoTransform from: ./data/raw/train/PS-RGB_tiled/10_1040010039679A00_tile_166.png.aux.xml
2024-12-26 21:01:29,727 - DEBUG - GeoTransform parsed: [3.963654993371589, 3.448033498875769e-06, 0.0, 43.59011752341535, 0.0, -3.448033498875769e-06]
2024-12-26 21:01:29,727 - DEBUG - Reading GeoJSON from: ./data/raw/train/geojson_aircraft_tiled/10_1040010039679A00_tile_166.geojson
2024-12-26 21:01:29,727 - DEBUG - First feature coordinates: [[[3.963781620743817, 43.58855630910134], [3.963741893679699, 43.58879254325047], [3.964027786658975, 43.58884291149248], [3.96408879607887, 43.58863079734656], [3.963781620743817, 43.58855630910134]]]
2024-12-26 21:01:29,727 - DEBUG - Feature properties: {'loc_id': 10, 'cat_id': '1040010039679A00', 'location': 'Aéroport de Montpellier - Méditerranée, D 66, Le Boulidou, Pérols, Montpellier, Hérault, Occitania, Metropolitan France, 34470, France', 'role': 'Medium Civil Transport/Utility', 'role_id': 2, 'is_plane': 1, 'num_engines': 2, 'propulsion': 'jet', 'canards': 'no', 'num_tail_fins': 1, 'wing_position': 'mid/low mounted', 'wing_type': 'swept', 'length': 37.52670128681354, 'wingspan': 33.27273343695795, 'area': 624.2611859628421, 'faa_wingspan_class': 3, 'Public_Train': 1, 'Public_Test': 0, 'partialDec': 1.0, 'truncated': 0, 'new_area': 624.2611859628421}
2024-12-26 21:01:29,727 - DEBUG - GeoJSON Coords: [(3.963781620743817, 43.58855630910134), (3.963741893679699, 43.58879254325047), (3.964027786658975, 43.58884291149248), (3.96408879607887, 43.58863079734656), (3.963781620743817, 43.58855630910134)]
2024-12-26 21:01:29,727 - DEBUG - GeoJSON Features: [37.52670128681354, 33.27273343695795, 624.2611859628421, 1, 1, 0, 2, 1, 3]
2024-12-26 21:01:29,727 - DEBUG - Parsed GeoTransform: [3.963654993371589, 3.448033498875769e-06, 0.0, 43.59011752341535, 0.0, -3.448033498875769e-06]
2024-12-26 21:01:29,728 - DEBUG - Parsed GeoJSON coordinates: [(3.963781620743817, 43.58855630910134), (3.963741893679699, 43.58879254325047), (3.964027786658975, 43.58884291149248), (3.96408879607887, 43.58863079734656), (3.963781620743817, 43.58855630910134)]
2024-12-26 21:01:29,728 - DEBUG - STREAM b'IHDR' 16 13
2024-12-26 21:01:29,728 - DEBUG - STREAM b'tRNS' 41 6
2024-12-26 21:01:29,728 - DEBUG - STREAM b'IDAT' 59 8192
2024-12-26 21:01:29,737 - DEBUG - Loaded image size: 512x512
2024-12-26 21:01:29,737 - DEBUG - Converting GeoJSON to pixel bounding boxes.
2024-12-26 21:01:29,737 - DEBUG - Input Coordinates: [(3.963781620743817, 43.58855630910134), (3.963741893679699, 43.58879254325047), (3.964027786658975, 43.58884291149248), (3.96408879607887, 43.58863079734656), (3.963781620743817, 43.58855630910134)] ... (showing first 5 for brevity)
2024-12-26 21:01:29,738 - DEBUG - GeoTransform: [3.963654993371589, 3.448033498875769e-06, 0.0, 43.59011752341535, 0.0, -3.448033498875769e-06]
2024-12-26 21:01:29,738 - DEBUG - Image Dimensions: width=512, height=512
2024-12-26 21:01:29,738 - DEBUG - Converting geo-coordinates to pixel coordinates:
2024-12-26 21:01:29,738 - DEBUG - Inputs - lon: 3.963781620743817, lat: 43.58855630910134, geo_transform: [3.963654993371589, 3.448033498875769e-06, 0.0, 43.59011752341535, 0.0, -3.448033498875769e-06], image_width: 512, image_height: 512
2024-12-26 21:01:29,738 - DEBUG - Parsed GeoTransform - x_origin: 3.963654993371589, pixel_width: 3.448033498875769e-06, y_origin: 43.59011752341535, pixel_height: -3.448033498875769e-06
2024-12-26 21:01:29,738 - DEBUG - Computed pixel coordinates before clamping - x_pixel: 36, y_pixel: 452
2024-12-26 21:01:29,738 - DEBUG - Clamped pixel coordinates - x_pixel: 36, y_pixel: 452
2024-12-26 21:01:29,738 - DEBUG - Converting geo-coordinates to pixel coordinates:
2024-12-26 21:01:29,738 - DEBUG - Inputs - lon: 3.963741893679699, lat: 43.58879254325047, geo_transform: [3.963654993371589, 3.448033498875769e-06, 0.0, 43.59011752341535, 0.0, -3.448033498875769e-06], image_width: 512, image_height: 512
2024-12-26 21:01:29,738 - DEBUG - Parsed GeoTransform - x_origin: 3.963654993371589, pixel_width: 3.448033498875769e-06, y_origin: 43.59011752341535, pixel_height: -3.448033498875769e-06
2024-12-26 21:01:29,738 - DEBUG - Computed pixel coordinates before clamping - x_pixel: 25, y_pixel: 384
2024-12-26 21:01:29,738 - DEBUG - Clamped pixel coordinates - x_pixel: 25, y_pixel: 384
2024-12-26 21:01:29,738 - DEBUG - Converting geo-coordinates to pixel coordinates:
2024-12-26 21:01:29,738 - DEBUG - Inputs - lon: 3.964027786658975, lat: 43.58884291149248, geo_transform: [3.963654993371589, 3.448033498875769e-06, 0.0, 43.59011752341535, 0.0, -3.448033498875769e-06], image_width: 512, image_height: 512
2024-12-26 21:01:29,739 - DEBUG - Parsed GeoTransform - x_origin: 3.963654993371589, pixel_width: 3.448033498875769e-06, y_origin: 43.59011752341535, pixel_height: -3.448033498875769e-06
2024-12-26 21:01:29,739 - DEBUG - Computed pixel coordinates before clamping - x_pixel: 108, y_pixel: 369
2024-12-26 21:01:29,739 - DEBUG - Clamped pixel coordinates - x_pixel: 108, y_pixel: 369
2024-12-26 21:01:29,739 - DEBUG - Converting geo-coordinates to pixel coordinates:
2024-12-26 21:01:29,739 - DEBUG - Inputs - lon: 3.96408879607887, lat: 43.58863079734656, geo_transform: [3.963654993371589, 3.448033498875769e-06, 0.0, 43.59011752341535, 0.0, -3.448033498875769e-06], image_width: 512, image_height: 512
2024-12-26 21:01:29,739 - DEBUG - Parsed GeoTransform - x_origin: 3.963654993371589, pixel_width: 3.448033498875769e-06, y_origin: 43.59011752341535, pixel_height: -3.448033498875769e-06
2024-12-26 21:01:29,739 - DEBUG - Computed pixel coordinates before clamping - x_pixel: 125, y_pixel: 431
2024-12-26 21:01:29,739 - DEBUG - Clamped pixel coordinates - x_pixel: 125, y_pixel: 431
2024-12-26 21:01:29,739 - DEBUG - Converting geo-coordinates to pixel coordinates:
2024-12-26 21:01:29,739 - DEBUG - Inputs - lon: 3.963781620743817, lat: 43.58855630910134, geo_transform: [3.963654993371589, 3.448033498875769e-06, 0.0, 43.59011752341535, 0.0, -3.448033498875769e-06], image_width: 512, image_height: 512
2024-12-26 21:01:29,739 - DEBUG - Parsed GeoTransform - x_origin: 3.963654993371589, pixel_width: 3.448033498875769e-06, y_origin: 43.59011752341535, pixel_height: -3.448033498875769e-06
2024-12-26 21:01:29,739 - DEBUG - Computed pixel coordinates before clamping - x_pixel: 36, y_pixel: 452
2024-12-26 21:01:29,739 - DEBUG - Clamped pixel coordinates - x_pixel: 36, y_pixel: 452
2024-12-26 21:01:29,739 - DEBUG - Pixel Coordinates: [(36, 452), (25, 384), (108, 369), (125, 431), (36, 452)] ... (showing first 5 for brevity)
2024-12-26 21:01:29,739 - DEBUG - Pixel Bounding Box: x_min=25, x_max=125, y_min=369, y_max=452
2024-12-26 21:01:29,740 - DEBUG - Pixel bounding box: (25, 369, 125, 452)
2024-12-26 21:01:29,740 - DEBUG - Input is a list. Converting to tensor.
2024-12-26 21:01:29,740 - DEBUG - Input Bounding Boxes (Corner Format): tensor([[ 25., 369., 125., 452.]])
2024-12-26 21:01:29,740 - DEBUG - x_min: 25.0, y_min: 369.0, x_max: 125.0, y_max: 452.0
2024-12-26 21:01:29,740 - DEBUG - Converted Bounding Boxes (Center Format): tensor([[ 75.0000, 410.5000, 100.0000,  83.0000]])
2024-12-26 21:01:29,740 - DEBUG - Normalized bounding box (cx, cy, w, h): tensor([[ 75.0000, 410.5000, 100.0000,  83.0000]])
2024-12-26 21:01:29,741 - DEBUG - Processed image tensor shape: torch.Size([3, 512, 512])
2024-12-26 21:01:29,742 - DEBUG - Processed bounding box tensor: tensor([[ 75.0000, 410.5000, 100.0000,  83.0000]])
2024-12-26 21:01:29,742 - DEBUG - Processing index 2753:
2024-12-26 21:01:29,742 - DEBUG - Image path: ./data/raw/train/PS-RGB_tiled/4_1040010019345B00_tile_799.png
2024-12-26 21:01:29,742 - DEBUG - Label path: ./data/raw/train/geojson_aircraft_tiled/4_1040010019345B00_tile_799.geojson
2024-12-26 21:01:29,742 - DEBUG - Auxiliary path: ./data/raw/train/PS-RGB_tiled/4_1040010019345B00_tile_799.png.aux.xml
2024-12-26 21:01:29,742 - DEBUG - Parsing GeoTransform from: ./data/raw/train/PS-RGB_tiled/4_1040010019345B00_tile_799.png.aux.xml
2024-12-26 21:01:29,742 - DEBUG - GeoTransform parsed: [-122.30498462003824, 3.260884481353863e-06, 0.0, 47.442115020106655, 0.0, -3.260884481353863e-06]
2024-12-26 21:01:29,742 - DEBUG - Reading GeoJSON from: ./data/raw/train/geojson_aircraft_tiled/4_1040010019345B00_tile_799.geojson
2024-12-26 21:01:29,743 - DEBUG - First feature coordinates: [[[-122.30425289554348, 47.44090555562737], [-122.30447680042508, 47.44073098571969], [-122.30473486028859, 47.44085748565279], [-122.30456282037959, 47.44102320056515], [-122.30425289554348, 47.44090555562737]]]
2024-12-26 21:01:29,743 - DEBUG - Feature properties: {'loc_id': 4, 'cat_id': '1040010019345B00', 'location': 'Seattle-Tacoma International Airport, Seattle-Tacoma Departures, SeaTac, King County, Washington, 98158, USA', 'role': 'Medium Civil Transport/Utility', 'role_id': 2, 'is_plane': 1, 'num_engines': 2, 'propulsion': 'jet', 'canards': 'no', 'num_tail_fins': 1, 'wing_position': 'mid/low mounted', 'wing_type': 'swept', 'length': 36.730973977815054, 'wingspan': 33.117715069883914, 'area': 607.4273760661142, 'faa_wingspan_class': 3, 'Public_Train': 1, 'Public_Test': 0, 'partialDec': 1.0, 'truncated': 0, 'new_area': 607.4273760661142}
2024-12-26 21:01:29,743 - DEBUG - GeoJSON Coords: [(-122.30425289554348, 47.44090555562737), (-122.30447680042508, 47.44073098571969), (-122.30473486028859, 47.44085748565279), (-122.30456282037959, 47.44102320056515), (-122.30425289554348, 47.44090555562737)]
2024-12-26 21:01:29,743 - DEBUG - GeoJSON Features: [36.730973977815054, 33.117715069883914, 607.4273760661142, 1, 1, 0, 2, 1, 3]
2024-12-26 21:01:29,743 - DEBUG - Parsed GeoTransform: [-122.30498462003824, 3.260884481353863e-06, 0.0, 47.442115020106655, 0.0, -3.260884481353863e-06]
2024-12-26 21:01:29,743 - DEBUG - Parsed GeoJSON coordinates: [(-122.30425289554348, 47.44090555562737), (-122.30447680042508, 47.44073098571969), (-122.30473486028859, 47.44085748565279), (-122.30456282037959, 47.44102320056515), (-122.30425289554348, 47.44090555562737)]
2024-12-26 21:01:29,744 - DEBUG - STREAM b'IHDR' 16 13
2024-12-26 21:01:29,744 - DEBUG - STREAM b'tRNS' 41 6
2024-12-26 21:01:29,744 - DEBUG - STREAM b'IDAT' 59 8192
2024-12-26 21:01:29,755 - DEBUG - Loaded image size: 512x512
2024-12-26 21:01:29,755 - DEBUG - Converting GeoJSON to pixel bounding boxes.
2024-12-26 21:01:29,755 - DEBUG - Input Coordinates: [(-122.30425289554348, 47.44090555562737), (-122.30447680042508, 47.44073098571969), (-122.30473486028859, 47.44085748565279), (-122.30456282037959, 47.44102320056515), (-122.30425289554348, 47.44090555562737)] ... (showing first 5 for brevity)
2024-12-26 21:01:29,755 - DEBUG - GeoTransform: [-122.30498462003824, 3.260884481353863e-06, 0.0, 47.442115020106655, 0.0, -3.260884481353863e-06]
2024-12-26 21:01:29,755 - DEBUG - Image Dimensions: width=512, height=512
2024-12-26 21:01:29,755 - DEBUG - Converting geo-coordinates to pixel coordinates:
2024-12-26 21:01:29,755 - DEBUG - Inputs - lon: -122.30425289554348, lat: 47.44090555562737, geo_transform: [-122.30498462003824, 3.260884481353863e-06, 0.0, 47.442115020106655, 0.0, -3.260884481353863e-06], image_width: 512, image_height: 512
2024-12-26 21:01:29,755 - DEBUG - Parsed GeoTransform - x_origin: -122.30498462003824, pixel_width: 3.260884481353863e-06, y_origin: 47.442115020106655, pixel_height: -3.260884481353863e-06
2024-12-26 21:01:29,755 - DEBUG - Computed pixel coordinates before clamping - x_pixel: 224, y_pixel: 370
2024-12-26 21:01:29,755 - DEBUG - Clamped pixel coordinates - x_pixel: 224, y_pixel: 370
2024-12-26 21:01:29,755 - DEBUG - Converting geo-coordinates to pixel coordinates:
2024-12-26 21:01:29,755 - DEBUG - Inputs - lon: -122.30447680042508, lat: 47.44073098571969, geo_transform: [-122.30498462003824, 3.260884481353863e-06, 0.0, 47.442115020106655, 0.0, -3.260884481353863e-06], image_width: 512, image_height: 512
2024-12-26 21:01:29,755 - DEBUG - Parsed GeoTransform - x_origin: -122.30498462003824, pixel_width: 3.260884481353863e-06, y_origin: 47.442115020106655, pixel_height: -3.260884481353863e-06
2024-12-26 21:01:29,756 - DEBUG - Computed pixel coordinates before clamping - x_pixel: 155, y_pixel: 424
2024-12-26 21:01:29,756 - DEBUG - Clamped pixel coordinates - x_pixel: 155, y_pixel: 424
2024-12-26 21:01:29,756 - DEBUG - Converting geo-coordinates to pixel coordinates:
2024-12-26 21:01:29,756 - DEBUG - Inputs - lon: -122.30473486028859, lat: 47.44085748565279, geo_transform: [-122.30498462003824, 3.260884481353863e-06, 0.0, 47.442115020106655, 0.0, -3.260884481353863e-06], image_width: 512, image_height: 512
2024-12-26 21:01:29,756 - DEBUG - Parsed GeoTransform - x_origin: -122.30498462003824, pixel_width: 3.260884481353863e-06, y_origin: 47.442115020106655, pixel_height: -3.260884481353863e-06
2024-12-26 21:01:29,756 - DEBUG - Computed pixel coordinates before clamping - x_pixel: 76, y_pixel: 385
2024-12-26 21:01:29,756 - DEBUG - Clamped pixel coordinates - x_pixel: 76, y_pixel: 385
2024-12-26 21:01:29,756 - DEBUG - Converting geo-coordinates to pixel coordinates:
2024-12-26 21:01:29,756 - DEBUG - Inputs - lon: -122.30456282037959, lat: 47.44102320056515, geo_transform: [-122.30498462003824, 3.260884481353863e-06, 0.0, 47.442115020106655, 0.0, -3.260884481353863e-06], image_width: 512, image_height: 512
2024-12-26 21:01:29,756 - DEBUG - Parsed GeoTransform - x_origin: -122.30498462003824, pixel_width: 3.260884481353863e-06, y_origin: 47.442115020106655, pixel_height: -3.260884481353863e-06
2024-12-26 21:01:29,756 - DEBUG - Computed pixel coordinates before clamping - x_pixel: 129, y_pixel: 334
2024-12-26 21:01:29,756 - DEBUG - Clamped pixel coordinates - x_pixel: 129, y_pixel: 334
2024-12-26 21:01:29,756 - DEBUG - Converting geo-coordinates to pixel coordinates:
2024-12-26 21:01:29,756 - DEBUG - Inputs - lon: -122.30425289554348, lat: 47.44090555562737, geo_transform: [-122.30498462003824, 3.260884481353863e-06, 0.0, 47.442115020106655, 0.0, -3.260884481353863e-06], image_width: 512, image_height: 512
2024-12-26 21:01:29,757 - DEBUG - Parsed GeoTransform - x_origin: -122.30498462003824, pixel_width: 3.260884481353863e-06, y_origin: 47.442115020106655, pixel_height: -3.260884481353863e-06
2024-12-26 21:01:29,757 - DEBUG - Computed pixel coordinates before clamping - x_pixel: 224, y_pixel: 370
2024-12-26 21:01:29,757 - DEBUG - Clamped pixel coordinates - x_pixel: 224, y_pixel: 370
2024-12-26 21:01:29,757 - DEBUG - Pixel Coordinates: [(224, 370), (155, 424), (76, 385), (129, 334), (224, 370)] ... (showing first 5 for brevity)
2024-12-26 21:01:29,757 - DEBUG - Pixel Bounding Box: x_min=76, x_max=224, y_min=334, y_max=424
2024-12-26 21:01:29,757 - DEBUG - Pixel bounding box: (76, 334, 224, 424)
2024-12-26 21:01:29,757 - DEBUG - Input is a list. Converting to tensor.
2024-12-26 21:01:29,757 - DEBUG - Input Bounding Boxes (Corner Format): tensor([[ 76., 334., 224., 424.]])
2024-12-26 21:01:29,757 - DEBUG - x_min: 76.0, y_min: 334.0, x_max: 224.0, y_max: 424.0
2024-12-26 21:01:29,758 - DEBUG - Converted Bounding Boxes (Center Format): tensor([[150., 379., 148.,  90.]])
2024-12-26 21:01:29,758 - DEBUG - Normalized bounding box (cx, cy, w, h): tensor([[150., 379., 148.,  90.]])
2024-12-26 21:01:29,759 - DEBUG - Processed image tensor shape: torch.Size([3, 512, 512])
2024-12-26 21:01:29,759 - DEBUG - Processed bounding box tensor: tensor([[150., 379., 148.,  90.]])
2024-12-26 21:01:29,759 - DEBUG - Processing index 4758:
2024-12-26 21:01:29,759 - DEBUG - Image path: ./data/raw/train/PS-RGB_tiled/86_104001003D8DB300_tile_50.png
2024-12-26 21:01:29,759 - DEBUG - Label path: ./data/raw/train/geojson_aircraft_tiled/86_104001003D8DB300_tile_50.geojson
2024-12-26 21:01:29,759 - DEBUG - Auxiliary path: ./data/raw/train/PS-RGB_tiled/86_104001003D8DB300_tile_50.png.aux.xml
2024-12-26 21:01:29,759 - DEBUG - Parsing GeoTransform from: ./data/raw/train/PS-RGB_tiled/86_104001003D8DB300_tile_50.png.aux.xml
2024-12-26 21:01:29,760 - DEBUG - GeoTransform parsed: [-80.10791568002077, 3.2279462542664862e-06, 0.0, 26.68108636754844, 0.0, -3.2279462542664862e-06]
2024-12-26 21:01:29,760 - DEBUG - Reading GeoJSON from: ./data/raw/train/geojson_aircraft_tiled/86_104001003D8DB300_tile_50.geojson
2024-12-26 21:01:29,760 - DEBUG - First feature coordinates: [[[-80.10738787472287, 26.67954524559093], [-80.1074360750546, 26.679513338329095], [-80.10745983578148, 26.679583262753972], [-80.1073831225775, 26.679604307969225], [-80.10738787472287, 26.67954524559093]]]
2024-12-26 21:01:29,760 - DEBUG - Feature properties: {'loc_id': 86, 'cat_id': '104001003D8DB300', 'location': 'Palm Beach International Airport, Arrivals, West Gate, Palm Beach County, Florida, 33406-1507, USA', 'role': 'Small Civil Transport/Utility', 'role_id': 1, 'is_plane': 1, 'num_engines': 1, 'propulsion': 'propeller', 'canards': 'no', 'num_tail_fins': 1, 'wing_position': 'high mounted', 'wing_type': 'straight', 'length': 8.306885621703588, 'wingspan': 11.37072094440236, 'area': 47.169079333639324, 'faa_wingspan_class': 1, 'Public_Train': 1, 'Public_Test': 0, 'partialDec': 1.0, 'truncated': 0, 'new_area': 47.169079333639324}
2024-12-26 21:01:29,760 - DEBUG - GeoJSON Coords: [(-80.10738787472287, 26.67954524559093), (-80.1074360750546, 26.679513338329095), (-80.10745983578148, 26.679583262753972), (-80.1073831225775, 26.679604307969225), (-80.10738787472287, 26.67954524559093)]
2024-12-26 21:01:29,760 - DEBUG - GeoJSON Features: [8.306885621703588, 11.37072094440236, 47.169079333639324, 0, 0, 0, 1, 1, 1]
2024-12-26 21:01:29,760 - DEBUG - Parsed GeoTransform: [-80.10791568002077, 3.2279462542664862e-06, 0.0, 26.68108636754844, 0.0, -3.2279462542664862e-06]
2024-12-26 21:01:29,760 - DEBUG - Parsed GeoJSON coordinates: [(-80.10738787472287, 26.67954524559093), (-80.1074360750546, 26.679513338329095), (-80.10745983578148, 26.679583262753972), (-80.1073831225775, 26.679604307969225), (-80.10738787472287, 26.67954524559093)]
2024-12-26 21:01:29,761 - DEBUG - STREAM b'IHDR' 16 13
2024-12-26 21:01:29,761 - DEBUG - STREAM b'tRNS' 41 6
2024-12-26 21:01:29,761 - DEBUG - STREAM b'IDAT' 59 8192
2024-12-26 21:01:29,809 - DEBUG - Loaded image size: 512x512
2024-12-26 21:01:29,809 - DEBUG - Converting GeoJSON to pixel bounding boxes.
2024-12-26 21:01:29,810 - DEBUG - Input Coordinates: [(-80.10738787472287, 26.67954524559093), (-80.1074360750546, 26.679513338329095), (-80.10745983578148, 26.679583262753972), (-80.1073831225775, 26.679604307969225), (-80.10738787472287, 26.67954524559093)] ... (showing first 5 for brevity)
2024-12-26 21:01:29,810 - DEBUG - GeoTransform: [-80.10791568002077, 3.2279462542664862e-06, 0.0, 26.68108636754844, 0.0, -3.2279462542664862e-06]
2024-12-26 21:01:29,810 - DEBUG - Image Dimensions: width=512, height=512
2024-12-26 21:01:29,810 - DEBUG - Converting geo-coordinates to pixel coordinates:
2024-12-26 21:01:29,810 - DEBUG - Inputs - lon: -80.10738787472287, lat: 26.67954524559093, geo_transform: [-80.10791568002077, 3.2279462542664862e-06, 0.0, 26.68108636754844, 0.0, -3.2279462542664862e-06], image_width: 512, image_height: 512
2024-12-26 21:01:29,810 - DEBUG - Parsed GeoTransform - x_origin: -80.10791568002077, pixel_width: 3.2279462542664862e-06, y_origin: 26.68108636754844, pixel_height: -3.2279462542664862e-06
2024-12-26 21:01:29,810 - DEBUG - Computed pixel coordinates before clamping - x_pixel: 163, y_pixel: 477
2024-12-26 21:01:29,810 - DEBUG - Clamped pixel coordinates - x_pixel: 163, y_pixel: 477
2024-12-26 21:01:29,810 - DEBUG - Converting geo-coordinates to pixel coordinates:
2024-12-26 21:01:29,810 - DEBUG - Inputs - lon: -80.1074360750546, lat: 26.679513338329095, geo_transform: [-80.10791568002077, 3.2279462542664862e-06, 0.0, 26.68108636754844, 0.0, -3.2279462542664862e-06], image_width: 512, image_height: 512
2024-12-26 21:01:29,810 - DEBUG - Parsed GeoTransform - x_origin: -80.10791568002077, pixel_width: 3.2279462542664862e-06, y_origin: 26.68108636754844, pixel_height: -3.2279462542664862e-06
2024-12-26 21:01:29,811 - DEBUG - Computed pixel coordinates before clamping - x_pixel: 148, y_pixel: 487
2024-12-26 21:01:29,811 - DEBUG - Clamped pixel coordinates - x_pixel: 148, y_pixel: 487
2024-12-26 21:01:29,811 - DEBUG - Converting geo-coordinates to pixel coordinates:
2024-12-26 21:01:29,811 - DEBUG - Inputs - lon: -80.10745983578148, lat: 26.679583262753972, geo_transform: [-80.10791568002077, 3.2279462542664862e-06, 0.0, 26.68108636754844, 0.0, -3.2279462542664862e-06], image_width: 512, image_height: 512
2024-12-26 21:01:29,811 - DEBUG - Parsed GeoTransform - x_origin: -80.10791568002077, pixel_width: 3.2279462542664862e-06, y_origin: 26.68108636754844, pixel_height: -3.2279462542664862e-06
2024-12-26 21:01:29,811 - DEBUG - Computed pixel coordinates before clamping - x_pixel: 141, y_pixel: 465
2024-12-26 21:01:29,811 - DEBUG - Clamped pixel coordinates - x_pixel: 141, y_pixel: 465
2024-12-26 21:01:29,812 - DEBUG - Converting geo-coordinates to pixel coordinates:
2024-12-26 21:01:29,812 - DEBUG - Inputs - lon: -80.1073831225775, lat: 26.679604307969225, geo_transform: [-80.10791568002077, 3.2279462542664862e-06, 0.0, 26.68108636754844, 0.0, -3.2279462542664862e-06], image_width: 512, image_height: 512
2024-12-26 21:01:29,812 - DEBUG - Parsed GeoTransform - x_origin: -80.10791568002077, pixel_width: 3.2279462542664862e-06, y_origin: 26.68108636754844, pixel_height: -3.2279462542664862e-06
2024-12-26 21:01:29,812 - DEBUG - Computed pixel coordinates before clamping - x_pixel: 164, y_pixel: 459
2024-12-26 21:01:29,812 - DEBUG - Clamped pixel coordinates - x_pixel: 164, y_pixel: 459
2024-12-26 21:01:29,812 - DEBUG - Converting geo-coordinates to pixel coordinates:
2024-12-26 21:01:29,812 - DEBUG - Inputs - lon: -80.10738787472287, lat: 26.67954524559093, geo_transform: [-80.10791568002077, 3.2279462542664862e-06, 0.0, 26.68108636754844, 0.0, -3.2279462542664862e-06], image_width: 512, image_height: 512
2024-12-26 21:01:29,812 - DEBUG - Parsed GeoTransform - x_origin: -80.10791568002077, pixel_width: 3.2279462542664862e-06, y_origin: 26.68108636754844, pixel_height: -3.2279462542664862e-06
2024-12-26 21:01:29,812 - DEBUG - Computed pixel coordinates before clamping - x_pixel: 163, y_pixel: 477
2024-12-26 21:01:29,812 - DEBUG - Clamped pixel coordinates - x_pixel: 163, y_pixel: 477
2024-12-26 21:01:29,812 - DEBUG - Pixel Coordinates: [(163, 477), (148, 487), (141, 465), (164, 459), (163, 477)] ... (showing first 5 for brevity)
2024-12-26 21:01:29,812 - DEBUG - Pixel Bounding Box: x_min=141, x_max=164, y_min=459, y_max=487
2024-12-26 21:01:29,812 - DEBUG - Pixel bounding box: (141, 459, 164, 487)
2024-12-26 21:01:29,813 - DEBUG - Input is a list. Converting to tensor.
2024-12-26 21:01:29,813 - DEBUG - Input Bounding Boxes (Corner Format): tensor([[141., 459., 164., 487.]])
2024-12-26 21:01:29,813 - DEBUG - x_min: 141.0, y_min: 459.0, x_max: 164.0, y_max: 487.0
2024-12-26 21:01:29,813 - DEBUG - Converted Bounding Boxes (Center Format): tensor([[152.5000, 473.0000,  23.0000,  28.0000]])
2024-12-26 21:01:29,814 - DEBUG - Normalized bounding box (cx, cy, w, h): tensor([[152.5000, 473.0000,  23.0000,  28.0000]])
2024-12-26 21:01:29,815 - DEBUG - Processed image tensor shape: torch.Size([3, 512, 512])
2024-12-26 21:01:29,815 - DEBUG - Processed bounding box tensor: tensor([[152.5000, 473.0000,  23.0000,  28.0000]])
2024-12-26 21:01:29,815 - DEBUG - Processing index 5685:
2024-12-26 21:01:29,815 - DEBUG - Image path: ./data/raw/train/PS-RGB_tiled/98_104001000F15D300_tile_139.png
2024-12-26 21:01:29,815 - DEBUG - Label path: ./data/raw/train/geojson_aircraft_tiled/98_104001000F15D300_tile_139.geojson
2024-12-26 21:01:29,816 - DEBUG - Auxiliary path: ./data/raw/train/PS-RGB_tiled/98_104001000F15D300_tile_139.png.aux.xml
2024-12-26 21:01:29,816 - DEBUG - Parsing GeoTransform from: ./data/raw/train/PS-RGB_tiled/98_104001000F15D300_tile_139.png.aux.xml
2024-12-26 21:01:29,816 - DEBUG - GeoTransform parsed: [-80.2252952495163, 3.0706049711705495e-06, 0.0, 27.17854188941577, 0.0, -3.0706049711705495e-06]
2024-12-26 21:01:29,816 - DEBUG - Reading GeoJSON from: ./data/raw/train/geojson_aircraft_tiled/98_104001000F15D300_tile_139.geojson
2024-12-26 21:01:29,817 - DEBUG - First feature coordinates: [[[-80.2250001732075, 27.17846158885032], [-80.2250001732075, 27.178415071892392], [-80.22506652827985, 27.17844038259009], [-80.22503574499886, 27.178496476568764], [-80.2250001732075, 27.17846158885032]]]
2024-12-26 21:01:29,817 - DEBUG - Feature properties: {'loc_id': 98, 'cat_id': '104001000F15D300', 'location': 'Witham Field, 2011, Southeast Airport Road, Golden Gate, Port Sewall, Martin County, Florida, 34996, USA', 'role': 'Small Civil Transport/Utility', 'role_id': 1, 'is_plane': 1, 'num_engines': 1, 'propulsion': 'propeller', 'canards': 'no', 'num_tail_fins': 1, 'wing_position': 'high mounted', 'wing_type': 'straight', 'length': 6.9805875343165695, 'wingspan': 9.681323013778403, 'area': 33.77611269610395, 'faa_wingspan_class': 1, 'Public_Train': 1, 'Public_Test': 0, 'partialDec': 1.0, 'truncated': 0, 'new_area': 33.77611269610395}
2024-12-26 21:01:29,817 - DEBUG - GeoJSON Coords: [(-80.2250001732075, 27.17846158885032), (-80.2250001732075, 27.178415071892392), (-80.22506652827985, 27.17844038259009), (-80.22503574499886, 27.178496476568764), (-80.2250001732075, 27.17846158885032)]
2024-12-26 21:01:29,817 - DEBUG - GeoJSON Features: [6.9805875343165695, 9.681323013778403, 33.77611269610395, 0, 0, 0, 1, 1, 1]
2024-12-26 21:01:29,817 - DEBUG - Parsed GeoTransform: [-80.2252952495163, 3.0706049711705495e-06, 0.0, 27.17854188941577, 0.0, -3.0706049711705495e-06]
2024-12-26 21:01:29,817 - DEBUG - Parsed GeoJSON coordinates: [(-80.2250001732075, 27.17846158885032), (-80.2250001732075, 27.178415071892392), (-80.22506652827985, 27.17844038259009), (-80.22503574499886, 27.178496476568764), (-80.2250001732075, 27.17846158885032)]
2024-12-26 21:01:29,818 - DEBUG - STREAM b'IHDR' 16 13
2024-12-26 21:01:29,818 - DEBUG - STREAM b'tRNS' 41 6
2024-12-26 21:01:29,818 - DEBUG - STREAM b'IDAT' 59 8192
2024-12-26 21:01:29,827 - DEBUG - Loaded image size: 512x512
2024-12-26 21:01:29,827 - DEBUG - Converting GeoJSON to pixel bounding boxes.
2024-12-26 21:01:29,827 - DEBUG - Input Coordinates: [(-80.2250001732075, 27.17846158885032), (-80.2250001732075, 27.178415071892392), (-80.22506652827985, 27.17844038259009), (-80.22503574499886, 27.178496476568764), (-80.2250001732075, 27.17846158885032)] ... (showing first 5 for brevity)
2024-12-26 21:01:29,827 - DEBUG - GeoTransform: [-80.2252952495163, 3.0706049711705495e-06, 0.0, 27.17854188941577, 0.0, -3.0706049711705495e-06]
2024-12-26 21:01:29,827 - DEBUG - Image Dimensions: width=512, height=512
2024-12-26 21:01:29,827 - DEBUG - Converting geo-coordinates to pixel coordinates:
2024-12-26 21:01:29,827 - DEBUG - Inputs - lon: -80.2250001732075, lat: 27.17846158885032, geo_transform: [-80.2252952495163, 3.0706049711705495e-06, 0.0, 27.17854188941577, 0.0, -3.0706049711705495e-06], image_width: 512, image_height: 512
2024-12-26 21:01:29,827 - DEBUG - Parsed GeoTransform - x_origin: -80.2252952495163, pixel_width: 3.0706049711705495e-06, y_origin: 27.17854188941577, pixel_height: -3.0706049711705495e-06
2024-12-26 21:01:29,827 - DEBUG - Computed pixel coordinates before clamping - x_pixel: 96, y_pixel: 26
2024-12-26 21:01:29,828 - DEBUG - Clamped pixel coordinates - x_pixel: 96, y_pixel: 26
2024-12-26 21:01:29,828 - DEBUG - Converting geo-coordinates to pixel coordinates:
2024-12-26 21:01:29,828 - DEBUG - Inputs - lon: -80.2250001732075, lat: 27.178415071892392, geo_transform: [-80.2252952495163, 3.0706049711705495e-06, 0.0, 27.17854188941577, 0.0, -3.0706049711705495e-06], image_width: 512, image_height: 512
2024-12-26 21:01:29,828 - DEBUG - Parsed GeoTransform - x_origin: -80.2252952495163, pixel_width: 3.0706049711705495e-06, y_origin: 27.17854188941577, pixel_height: -3.0706049711705495e-06
2024-12-26 21:01:29,828 - DEBUG - Computed pixel coordinates before clamping - x_pixel: 96, y_pixel: 41
2024-12-26 21:01:29,828 - DEBUG - Clamped pixel coordinates - x_pixel: 96, y_pixel: 41
2024-12-26 21:01:29,828 - DEBUG - Converting geo-coordinates to pixel coordinates:
2024-12-26 21:01:29,828 - DEBUG - Inputs - lon: -80.22506652827985, lat: 27.17844038259009, geo_transform: [-80.2252952495163, 3.0706049711705495e-06, 0.0, 27.17854188941577, 0.0, -3.0706049711705495e-06], image_width: 512, image_height: 512
2024-12-26 21:01:29,828 - DEBUG - Parsed GeoTransform - x_origin: -80.2252952495163, pixel_width: 3.0706049711705495e-06, y_origin: 27.17854188941577, pixel_height: -3.0706049711705495e-06
2024-12-26 21:01:29,828 - DEBUG - Computed pixel coordinates before clamping - x_pixel: 74, y_pixel: 33
2024-12-26 21:01:29,828 - DEBUG - Clamped pixel coordinates - x_pixel: 74, y_pixel: 33
2024-12-26 21:01:29,828 - DEBUG - Converting geo-coordinates to pixel coordinates:
2024-12-26 21:01:29,828 - DEBUG - Inputs - lon: -80.22503574499886, lat: 27.178496476568764, geo_transform: [-80.2252952495163, 3.0706049711705495e-06, 0.0, 27.17854188941577, 0.0, -3.0706049711705495e-06], image_width: 512, image_height: 512
2024-12-26 21:01:29,829 - DEBUG - Parsed GeoTransform - x_origin: -80.2252952495163, pixel_width: 3.0706049711705495e-06, y_origin: 27.17854188941577, pixel_height: -3.0706049711705495e-06
2024-12-26 21:01:29,829 - DEBUG - Computed pixel coordinates before clamping - x_pixel: 84, y_pixel: 14
2024-12-26 21:01:29,829 - DEBUG - Clamped pixel coordinates - x_pixel: 84, y_pixel: 14
2024-12-26 21:01:29,829 - DEBUG - Converting geo-coordinates to pixel coordinates:
2024-12-26 21:01:29,829 - DEBUG - Inputs - lon: -80.2250001732075, lat: 27.17846158885032, geo_transform: [-80.2252952495163, 3.0706049711705495e-06, 0.0, 27.17854188941577, 0.0, -3.0706049711705495e-06], image_width: 512, image_height: 512
2024-12-26 21:01:29,829 - DEBUG - Parsed GeoTransform - x_origin: -80.2252952495163, pixel_width: 3.0706049711705495e-06, y_origin: 27.17854188941577, pixel_height: -3.0706049711705495e-06
2024-12-26 21:01:29,829 - DEBUG - Computed pixel coordinates before clamping - x_pixel: 96, y_pixel: 26
2024-12-26 21:01:29,829 - DEBUG - Clamped pixel coordinates - x_pixel: 96, y_pixel: 26
2024-12-26 21:01:29,829 - DEBUG - Pixel Coordinates: [(96, 26), (96, 41), (74, 33), (84, 14), (96, 26)] ... (showing first 5 for brevity)
2024-12-26 21:01:29,829 - DEBUG - Pixel Bounding Box: x_min=74, x_max=96, y_min=14, y_max=41
2024-12-26 21:01:29,829 - DEBUG - Pixel bounding box: (74, 14, 96, 41)
2024-12-26 21:01:29,829 - DEBUG - Input is a list. Converting to tensor.
2024-12-26 21:01:29,830 - DEBUG - Input Bounding Boxes (Corner Format): tensor([[74., 14., 96., 41.]])
2024-12-26 21:01:29,830 - DEBUG - x_min: 74.0, y_min: 14.0, x_max: 96.0, y_max: 41.0
2024-12-26 21:01:29,830 - DEBUG - Converted Bounding Boxes (Center Format): tensor([[85.0000, 27.5000, 22.0000, 27.0000]])
2024-12-26 21:01:29,830 - DEBUG - Normalized bounding box (cx, cy, w, h): tensor([[85.0000, 27.5000, 22.0000, 27.0000]])
2024-12-26 21:01:29,831 - DEBUG - Processed image tensor shape: torch.Size([3, 512, 512])
2024-12-26 21:01:29,831 - DEBUG - Processed bounding box tensor: tensor([[85.0000, 27.5000, 22.0000, 27.0000]])
2024-12-26 21:01:29,831 - DEBUG - Processing index 663:
2024-12-26 21:01:29,832 - DEBUG - Image path: ./data/raw/train/PS-RGB_tiled/118_104001000A341F00_tile_711.png
2024-12-26 21:01:29,832 - DEBUG - Label path: ./data/raw/train/geojson_aircraft_tiled/118_104001000A341F00_tile_711.geojson
2024-12-26 21:01:29,832 - DEBUG - Auxiliary path: ./data/raw/train/PS-RGB_tiled/118_104001000A341F00_tile_711.png.aux.xml
2024-12-26 21:01:29,832 - DEBUG - Parsing GeoTransform from: ./data/raw/train/PS-RGB_tiled/118_104001000A341F00_tile_711.png.aux.xml
2024-12-26 21:01:29,832 - DEBUG - GeoTransform parsed: [-87.89657095647146, 3.126137188735935e-06, 0.0, 42.958737641301724, 0.0, -3.126137188735935e-06]
2024-12-26 21:01:29,832 - DEBUG - Reading GeoJSON from: ./data/raw/train/geojson_aircraft_tiled/118_104001000A341F00_tile_711.geojson
2024-12-26 21:01:29,833 - DEBUG - First feature coordinates: [[[-87.89627970655016, 42.95801522908115], [-87.89641049955529, 42.957952110068724], [-87.89649183848883, 42.958018482638494], [-87.89641180097821, 42.95808290307385], [-87.89627970655016, 42.95801522908115]]]
2024-12-26 21:01:29,833 - DEBUG - Feature properties: {'loc_id': 118, 'cat_id': '104001000A341F00', 'location': 'Trituration Building, Bus Parking Only, Milwaukee, Milwaukee County, Wisconsin, 53207-6127, USA', 'role': 'Small Civil Transport/Utility', 'role_id': 1, 'is_plane': 1, 'num_engines': 2, 'propulsion': 'jet', 'canards': 'no', 'num_tail_fins': 1, 'wing_position': 'mid/low mounted', 'wing_type': 'straight', 'length': 17.3072023565491, 'wingspan': 14.525577279290752, 'area': 125.64862343993914, 'faa_wingspan_class': 1, 'Public_Train': 1, 'Public_Test': 0, 'partialDec': 1.0, 'truncated': 0, 'new_area': 125.64862343993914}
2024-12-26 21:01:29,833 - DEBUG - GeoJSON Coords: [(-87.89627970655016, 42.95801522908115), (-87.89641049955529, 42.957952110068724), (-87.89649183848883, 42.958018482638494), (-87.89641180097821, 42.95808290307385), (-87.89627970655016, 42.95801522908115)]
2024-12-26 21:01:29,833 - DEBUG - GeoJSON Features: [17.3072023565491, 14.525577279290752, 125.64862343993914, 0, 1, 0, 2, 1, 1]
2024-12-26 21:01:29,833 - DEBUG - Parsed GeoTransform: [-87.89657095647146, 3.126137188735935e-06, 0.0, 42.958737641301724, 0.0, -3.126137188735935e-06]
2024-12-26 21:01:29,833 - DEBUG - Parsed GeoJSON coordinates: [(-87.89627970655016, 42.95801522908115), (-87.89641049955529, 42.957952110068724), (-87.89649183848883, 42.958018482638494), (-87.89641180097821, 42.95808290307385), (-87.89627970655016, 42.95801522908115)]
2024-12-26 21:01:29,834 - DEBUG - STREAM b'IHDR' 16 13
2024-12-26 21:01:29,835 - DEBUG - STREAM b'tRNS' 41 6
2024-12-26 21:01:29,835 - DEBUG - STREAM b'IDAT' 59 8192
2024-12-26 21:01:29,845 - DEBUG - Loaded image size: 512x512
2024-12-26 21:01:29,845 - DEBUG - Converting GeoJSON to pixel bounding boxes.
2024-12-26 21:01:29,845 - DEBUG - Input Coordinates: [(-87.89627970655016, 42.95801522908115), (-87.89641049955529, 42.957952110068724), (-87.89649183848883, 42.958018482638494), (-87.89641180097821, 42.95808290307385), (-87.89627970655016, 42.95801522908115)] ... (showing first 5 for brevity)
2024-12-26 21:01:29,845 - DEBUG - GeoTransform: [-87.89657095647146, 3.126137188735935e-06, 0.0, 42.958737641301724, 0.0, -3.126137188735935e-06]
2024-12-26 21:01:29,845 - DEBUG - Image Dimensions: width=512, height=512
2024-12-26 21:01:29,845 - DEBUG - Converting geo-coordinates to pixel coordinates:
2024-12-26 21:01:29,845 - DEBUG - Inputs - lon: -87.89627970655016, lat: 42.95801522908115, geo_transform: [-87.89657095647146, 3.126137188735935e-06, 0.0, 42.958737641301724, 0.0, -3.126137188735935e-06], image_width: 512, image_height: 512
2024-12-26 21:01:29,845 - DEBUG - Parsed GeoTransform - x_origin: -87.89657095647146, pixel_width: 3.126137188735935e-06, y_origin: 42.958737641301724, pixel_height: -3.126137188735935e-06
2024-12-26 21:01:29,845 - DEBUG - Computed pixel coordinates before clamping - x_pixel: 93, y_pixel: 231
2024-12-26 21:01:29,845 - DEBUG - Clamped pixel coordinates - x_pixel: 93, y_pixel: 231
2024-12-26 21:01:29,846 - DEBUG - Converting geo-coordinates to pixel coordinates:
2024-12-26 21:01:29,846 - DEBUG - Inputs - lon: -87.89641049955529, lat: 42.957952110068724, geo_transform: [-87.89657095647146, 3.126137188735935e-06, 0.0, 42.958737641301724, 0.0, -3.126137188735935e-06], image_width: 512, image_height: 512
2024-12-26 21:01:29,846 - DEBUG - Parsed GeoTransform - x_origin: -87.89657095647146, pixel_width: 3.126137188735935e-06, y_origin: 42.958737641301724, pixel_height: -3.126137188735935e-06
2024-12-26 21:01:29,846 - DEBUG - Computed pixel coordinates before clamping - x_pixel: 51, y_pixel: 251
2024-12-26 21:01:29,846 - DEBUG - Clamped pixel coordinates - x_pixel: 51, y_pixel: 251
2024-12-26 21:01:29,846 - DEBUG - Converting geo-coordinates to pixel coordinates:
2024-12-26 21:01:29,846 - DEBUG - Inputs - lon: -87.89649183848883, lat: 42.958018482638494, geo_transform: [-87.89657095647146, 3.126137188735935e-06, 0.0, 42.958737641301724, 0.0, -3.126137188735935e-06], image_width: 512, image_height: 512
2024-12-26 21:01:29,846 - DEBUG - Parsed GeoTransform - x_origin: -87.89657095647146, pixel_width: 3.126137188735935e-06, y_origin: 42.958737641301724, pixel_height: -3.126137188735935e-06
2024-12-26 21:01:29,846 - DEBUG - Computed pixel coordinates before clamping - x_pixel: 25, y_pixel: 230
2024-12-26 21:01:29,846 - DEBUG - Clamped pixel coordinates - x_pixel: 25, y_pixel: 230
2024-12-26 21:01:29,846 - DEBUG - Converting geo-coordinates to pixel coordinates:
2024-12-26 21:01:29,846 - DEBUG - Inputs - lon: -87.89641180097821, lat: 42.95808290307385, geo_transform: [-87.89657095647146, 3.126137188735935e-06, 0.0, 42.958737641301724, 0.0, -3.126137188735935e-06], image_width: 512, image_height: 512
2024-12-26 21:01:29,846 - DEBUG - Parsed GeoTransform - x_origin: -87.89657095647146, pixel_width: 3.126137188735935e-06, y_origin: 42.958737641301724, pixel_height: -3.126137188735935e-06
2024-12-26 21:01:29,847 - DEBUG - Computed pixel coordinates before clamping - x_pixel: 50, y_pixel: 209
2024-12-26 21:01:29,847 - DEBUG - Clamped pixel coordinates - x_pixel: 50, y_pixel: 209
2024-12-26 21:01:29,847 - DEBUG - Converting geo-coordinates to pixel coordinates:
2024-12-26 21:01:29,847 - DEBUG - Inputs - lon: -87.89627970655016, lat: 42.95801522908115, geo_transform: [-87.89657095647146, 3.126137188735935e-06, 0.0, 42.958737641301724, 0.0, -3.126137188735935e-06], image_width: 512, image_height: 512
2024-12-26 21:01:29,847 - DEBUG - Parsed GeoTransform - x_origin: -87.89657095647146, pixel_width: 3.126137188735935e-06, y_origin: 42.958737641301724, pixel_height: -3.126137188735935e-06
2024-12-26 21:01:29,847 - DEBUG - Computed pixel coordinates before clamping - x_pixel: 93, y_pixel: 231
2024-12-26 21:01:29,847 - DEBUG - Clamped pixel coordinates - x_pixel: 93, y_pixel: 231
2024-12-26 21:01:29,847 - DEBUG - Pixel Coordinates: [(93, 231), (51, 251), (25, 230), (50, 209), (93, 231)] ... (showing first 5 for brevity)
2024-12-26 21:01:29,847 - DEBUG - Pixel Bounding Box: x_min=25, x_max=93, y_min=209, y_max=251
2024-12-26 21:01:29,847 - DEBUG - Pixel bounding box: (25, 209, 93, 251)
2024-12-26 21:01:29,847 - DEBUG - Input is a list. Converting to tensor.
2024-12-26 21:01:29,847 - DEBUG - Input Bounding Boxes (Corner Format): tensor([[ 25., 209.,  93., 251.]])
2024-12-26 21:01:29,847 - DEBUG - x_min: 25.0, y_min: 209.0, x_max: 93.0, y_max: 251.0
2024-12-26 21:01:29,848 - DEBUG - Converted Bounding Boxes (Center Format): tensor([[ 59., 230.,  68.,  42.]])
2024-12-26 21:01:29,848 - DEBUG - Normalized bounding box (cx, cy, w, h): tensor([[ 59., 230.,  68.,  42.]])
2024-12-26 21:01:29,849 - DEBUG - Processed image tensor shape: torch.Size([3, 512, 512])
2024-12-26 21:01:29,849 - DEBUG - Processed bounding box tensor: tensor([[ 59., 230.,  68.,  42.]])
2024-12-26 21:01:29,849 - DEBUG - Processing index 1529:
2024-12-26 21:01:29,849 - DEBUG - Image path: ./data/raw/train/PS-RGB_tiled/18_1040050010DC4900_tile_3137.png
2024-12-26 21:01:29,849 - DEBUG - Label path: ./data/raw/train/geojson_aircraft_tiled/18_1040050010DC4900_tile_3137.geojson
2024-12-26 21:01:29,849 - DEBUG - Auxiliary path: ./data/raw/train/PS-RGB_tiled/18_1040050010DC4900_tile_3137.png.aux.xml
2024-12-26 21:01:29,849 - DEBUG - Parsing GeoTransform from: ./data/raw/train/PS-RGB_tiled/18_1040050010DC4900_tile_3137.png.aux.xml
2024-12-26 21:01:29,850 - DEBUG - GeoTransform parsed: [8.578540616979163, 3.273460895331536e-06, 0.0, 50.04237041642548, 0.0, -3.273460895331536e-06]
2024-12-26 21:01:29,850 - DEBUG - Reading GeoJSON from: ./data/raw/train/geojson_aircraft_tiled/18_1040050010DC4900_tile_3137.geojson
2024-12-26 21:01:29,851 - DEBUG - First feature coordinates: [[[8.580216628957572, 50.04088722828106], [8.580181545213016, 50.040845540537525], [8.579875089718087, 50.04092911930887], [8.580014387670328, 50.04112842253284], [8.580216628957572, 50.04108995946594], [8.580216628957572, 50.04088722828106]]]
2024-12-26 21:01:29,851 - DEBUG - Feature properties: {'loc_id': 18, 'cat_id': '1040050010DC4900', 'location': '520 A380-Halle, Okrifteler Straße, Rüsselsheim am Main, Kreis Groß-Gerau, Regierungsbezirk Darmstadt, Hesse, 65428, Germany', 'role': 'Medium Civil Transport/Utility', 'role_id': 2, 'is_plane': 1, 'num_engines': 2, 'propulsion': 'jet', 'canards': 'no', 'num_tail_fins': 1, 'wing_position': 'mid/low mounted', 'wing_type': 'swept', 'length': 37.979205158558656, 'wingspan': 33.65328661229636, 'area': 638.65098812939, 'faa_wingspan_class': 3, 'Public_Train': 1, 'Public_Test': 0, 'partialDec': 0.8141452966523133, 'truncated': 1, 'new_area': 519.9546981878952}
2024-12-26 21:01:29,851 - DEBUG - GeoJSON Coords: [(8.580216628957572, 50.04088722828106), (8.580181545213016, 50.040845540537525), (8.579875089718087, 50.04092911930887), (8.580014387670328, 50.04112842253284), (8.580216628957572, 50.04108995946594), (8.580216628957572, 50.04088722828106)]
2024-12-26 21:01:29,851 - DEBUG - GeoJSON Features: [37.979205158558656, 33.65328661229636, 638.65098812939, 1, 1, 0, 2, 1, 3]
2024-12-26 21:01:29,851 - DEBUG - Parsed GeoTransform: [8.578540616979163, 3.273460895331536e-06, 0.0, 50.04237041642548, 0.0, -3.273460895331536e-06]
2024-12-26 21:01:29,851 - DEBUG - Parsed GeoJSON coordinates: [(8.580216628957572, 50.04088722828106), (8.580181545213016, 50.040845540537525), (8.579875089718087, 50.04092911930887), (8.580014387670328, 50.04112842253284), (8.580216628957572, 50.04108995946594), (8.580216628957572, 50.04088722828106)]
2024-12-26 21:01:29,852 - DEBUG - STREAM b'IHDR' 16 13
2024-12-26 21:01:29,852 - DEBUG - STREAM b'tRNS' 41 6
2024-12-26 21:01:29,852 - DEBUG - STREAM b'IDAT' 59 8192
2024-12-26 21:01:29,861 - DEBUG - Loaded image size: 512x512
2024-12-26 21:01:29,862 - DEBUG - Converting GeoJSON to pixel bounding boxes.
2024-12-26 21:01:29,862 - DEBUG - Input Coordinates: [(8.580216628957572, 50.04088722828106), (8.580181545213016, 50.040845540537525), (8.579875089718087, 50.04092911930887), (8.580014387670328, 50.04112842253284), (8.580216628957572, 50.04108995946594)] ... (showing first 5 for brevity)
2024-12-26 21:01:29,862 - DEBUG - GeoTransform: [8.578540616979163, 3.273460895331536e-06, 0.0, 50.04237041642548, 0.0, -3.273460895331536e-06]
2024-12-26 21:01:29,862 - DEBUG - Image Dimensions: width=512, height=512
2024-12-26 21:01:29,862 - DEBUG - Converting geo-coordinates to pixel coordinates:
2024-12-26 21:01:29,862 - DEBUG - Inputs - lon: 8.580216628957572, lat: 50.04088722828106, geo_transform: [8.578540616979163, 3.273460895331536e-06, 0.0, 50.04237041642548, 0.0, -3.273460895331536e-06], image_width: 512, image_height: 512
2024-12-26 21:01:29,862 - DEBUG - Parsed GeoTransform - x_origin: 8.578540616979163, pixel_width: 3.273460895331536e-06, y_origin: 50.04237041642548, pixel_height: -3.273460895331536e-06
2024-12-26 21:01:29,863 - DEBUG - Computed pixel coordinates before clamping - x_pixel: 511, y_pixel: 453
2024-12-26 21:01:29,863 - DEBUG - Clamped pixel coordinates - x_pixel: 511, y_pixel: 453
2024-12-26 21:01:29,863 - DEBUG - Converting geo-coordinates to pixel coordinates:
2024-12-26 21:01:29,863 - DEBUG - Inputs - lon: 8.580181545213016, lat: 50.040845540537525, geo_transform: [8.578540616979163, 3.273460895331536e-06, 0.0, 50.04237041642548, 0.0, -3.273460895331536e-06], image_width: 512, image_height: 512
2024-12-26 21:01:29,863 - DEBUG - Parsed GeoTransform - x_origin: 8.578540616979163, pixel_width: 3.273460895331536e-06, y_origin: 50.04237041642548, pixel_height: -3.273460895331536e-06
2024-12-26 21:01:29,863 - DEBUG - Computed pixel coordinates before clamping - x_pixel: 501, y_pixel: 465
2024-12-26 21:01:29,863 - DEBUG - Clamped pixel coordinates - x_pixel: 501, y_pixel: 465
2024-12-26 21:01:29,863 - DEBUG - Converting geo-coordinates to pixel coordinates:
2024-12-26 21:01:29,863 - DEBUG - Inputs - lon: 8.579875089718087, lat: 50.04092911930887, geo_transform: [8.578540616979163, 3.273460895331536e-06, 0.0, 50.04237041642548, 0.0, -3.273460895331536e-06], image_width: 512, image_height: 512
2024-12-26 21:01:29,863 - DEBUG - Parsed GeoTransform - x_origin: 8.578540616979163, pixel_width: 3.273460895331536e-06, y_origin: 50.04237041642548, pixel_height: -3.273460895331536e-06
2024-12-26 21:01:29,864 - DEBUG - Computed pixel coordinates before clamping - x_pixel: 407, y_pixel: 440
2024-12-26 21:01:29,864 - DEBUG - Clamped pixel coordinates - x_pixel: 407, y_pixel: 440
2024-12-26 21:01:29,864 - DEBUG - Converting geo-coordinates to pixel coordinates:
2024-12-26 21:01:29,864 - DEBUG - Inputs - lon: 8.580014387670328, lat: 50.04112842253284, geo_transform: [8.578540616979163, 3.273460895331536e-06, 0.0, 50.04237041642548, 0.0, -3.273460895331536e-06], image_width: 512, image_height: 512
2024-12-26 21:01:29,864 - DEBUG - Parsed GeoTransform - x_origin: 8.578540616979163, pixel_width: 3.273460895331536e-06, y_origin: 50.04237041642548, pixel_height: -3.273460895331536e-06
2024-12-26 21:01:29,864 - DEBUG - Computed pixel coordinates before clamping - x_pixel: 450, y_pixel: 379
2024-12-26 21:01:29,864 - DEBUG - Clamped pixel coordinates - x_pixel: 450, y_pixel: 379
2024-12-26 21:01:29,864 - DEBUG - Converting geo-coordinates to pixel coordinates:
2024-12-26 21:01:29,864 - DEBUG - Inputs - lon: 8.580216628957572, lat: 50.04108995946594, geo_transform: [8.578540616979163, 3.273460895331536e-06, 0.0, 50.04237041642548, 0.0, -3.273460895331536e-06], image_width: 512, image_height: 512
2024-12-26 21:01:29,864 - DEBUG - Parsed GeoTransform - x_origin: 8.578540616979163, pixel_width: 3.273460895331536e-06, y_origin: 50.04237041642548, pixel_height: -3.273460895331536e-06
2024-12-26 21:01:29,864 - DEBUG - Computed pixel coordinates before clamping - x_pixel: 511, y_pixel: 391
2024-12-26 21:01:29,864 - DEBUG - Clamped pixel coordinates - x_pixel: 511, y_pixel: 391
2024-12-26 21:01:29,864 - DEBUG - Converting geo-coordinates to pixel coordinates:
2024-12-26 21:01:29,865 - DEBUG - Inputs - lon: 8.580216628957572, lat: 50.04088722828106, geo_transform: [8.578540616979163, 3.273460895331536e-06, 0.0, 50.04237041642548, 0.0, -3.273460895331536e-06], image_width: 512, image_height: 512
2024-12-26 21:01:29,865 - DEBUG - Parsed GeoTransform - x_origin: 8.578540616979163, pixel_width: 3.273460895331536e-06, y_origin: 50.04237041642548, pixel_height: -3.273460895331536e-06
2024-12-26 21:01:29,865 - DEBUG - Computed pixel coordinates before clamping - x_pixel: 511, y_pixel: 453
2024-12-26 21:01:29,865 - DEBUG - Clamped pixel coordinates - x_pixel: 511, y_pixel: 453
2024-12-26 21:01:29,865 - DEBUG - Pixel Coordinates: [(511, 453), (501, 465), (407, 440), (450, 379), (511, 391)] ... (showing first 5 for brevity)
2024-12-26 21:01:29,865 - DEBUG - Pixel Bounding Box: x_min=407, x_max=511, y_min=379, y_max=465
2024-12-26 21:01:29,865 - DEBUG - Pixel bounding box: (407, 379, 511, 465)
2024-12-26 21:01:29,865 - DEBUG - Input is a list. Converting to tensor.
2024-12-26 21:01:29,865 - DEBUG - Input Bounding Boxes (Corner Format): tensor([[407., 379., 511., 465.]])
2024-12-26 21:01:29,866 - DEBUG - x_min: 407.0, y_min: 379.0, x_max: 511.0, y_max: 465.0
2024-12-26 21:01:29,866 - DEBUG - Converted Bounding Boxes (Center Format): tensor([[459., 422., 104.,  86.]])
2024-12-26 21:01:29,866 - DEBUG - Normalized bounding box (cx, cy, w, h): tensor([[459., 422., 104.,  86.]])
2024-12-26 21:01:29,868 - DEBUG - Processed image tensor shape: torch.Size([3, 512, 512])
2024-12-26 21:01:29,868 - DEBUG - Processed bounding box tensor: tensor([[459., 422., 104.,  86.]])
2024-12-26 21:01:29,868 - DEBUG - Processing index 2839:
2024-12-26 21:01:29,868 - DEBUG - Image path: ./data/raw/train/PS-RGB_tiled/4_10400100360CD600_tile_770.png
2024-12-26 21:01:29,868 - DEBUG - Label path: ./data/raw/train/geojson_aircraft_tiled/4_10400100360CD600_tile_770.geojson
2024-12-26 21:01:29,868 - DEBUG - Auxiliary path: ./data/raw/train/PS-RGB_tiled/4_10400100360CD600_tile_770.png.aux.xml
2024-12-26 21:01:29,868 - DEBUG - Parsing GeoTransform from: ./data/raw/train/PS-RGB_tiled/4_10400100360CD600_tile_770.png.aux.xml
2024-12-26 21:01:29,869 - DEBUG - GeoTransform parsed: [-122.30401185993603, 3.3743988672529724e-06, 0.0, 47.45218144316315, 0.0, -3.3743988672529724e-06]
2024-12-26 21:01:29,869 - DEBUG - Reading GeoJSON from: ./data/raw/train/geojson_aircraft_tiled/4_10400100360CD600_tile_770.geojson
2024-12-26 21:01:29,869 - DEBUG - First feature coordinates: [[[-122.3036357607401, 47.45137556513165], [-122.30401185993603, 47.45122512545328], [-122.30401185993603, 47.45157278788073], [-122.3036357607401, 47.45137556513165]]]
2024-12-26 21:01:29,869 - DEBUG - Feature properties: {'loc_id': 4, 'cat_id': '10400100360CD600', 'location': 'Seattle-Tacoma International Airport, Seattle-Tacoma Departures, SeaTac, King County, Washington, 98158, USA', 'role': 'Large Civil Transport/Utility', 'role_id': 3, 'is_plane': 1, 'num_engines': 4, 'propulsion': 'jet', 'canards': 'no', 'num_tail_fins': 1, 'wing_position': 'mid/low mounted', 'wing_type': 'swept', 'length': 72.19773483323114, 'wingspan': 63.58851701107096, 'area': 2295.472667932997, 'faa_wingspan_class': 5, 'Public_Train': 1, 'Public_Test': 0, 'partialDec': 0.23862277855599623, 'truncated': 1, 'new_area': 547.7520661215174}
2024-12-26 21:01:29,870 - DEBUG - GeoJSON Coords: [(-122.3036357607401, 47.45137556513165), (-122.30401185993603, 47.45122512545328), (-122.30401185993603, 47.45157278788073), (-122.3036357607401, 47.45137556513165)]
2024-12-26 21:01:29,870 - DEBUG - GeoJSON Features: [72.19773483323114, 63.58851701107096, 2295.472667932997, 1, 1, 0, 4, 1, 5]
2024-12-26 21:01:29,870 - DEBUG - Parsed GeoTransform: [-122.30401185993603, 3.3743988672529724e-06, 0.0, 47.45218144316315, 0.0, -3.3743988672529724e-06]
2024-12-26 21:01:29,870 - DEBUG - Parsed GeoJSON coordinates: [(-122.3036357607401, 47.45137556513165), (-122.30401185993603, 47.45122512545328), (-122.30401185993603, 47.45157278788073), (-122.3036357607401, 47.45137556513165)]
2024-12-26 21:01:29,871 - DEBUG - STREAM b'IHDR' 16 13
2024-12-26 21:01:29,871 - DEBUG - STREAM b'tRNS' 41 6
2024-12-26 21:01:29,871 - DEBUG - STREAM b'IDAT' 59 8192
2024-12-26 21:01:29,886 - DEBUG - Loaded image size: 512x512
2024-12-26 21:01:29,886 - DEBUG - Converting GeoJSON to pixel bounding boxes.
2024-12-26 21:01:29,886 - DEBUG - Input Coordinates: [(-122.3036357607401, 47.45137556513165), (-122.30401185993603, 47.45122512545328), (-122.30401185993603, 47.45157278788073), (-122.3036357607401, 47.45137556513165)] ... (showing first 5 for brevity)
2024-12-26 21:01:29,887 - DEBUG - GeoTransform: [-122.30401185993603, 3.3743988672529724e-06, 0.0, 47.45218144316315, 0.0, -3.3743988672529724e-06]
2024-12-26 21:01:29,887 - DEBUG - Image Dimensions: width=512, height=512
2024-12-26 21:01:29,887 - DEBUG - Converting geo-coordinates to pixel coordinates:
2024-12-26 21:01:29,887 - DEBUG - Inputs - lon: -122.3036357607401, lat: 47.45137556513165, geo_transform: [-122.30401185993603, 3.3743988672529724e-06, 0.0, 47.45218144316315, 0.0, -3.3743988672529724e-06], image_width: 512, image_height: 512
2024-12-26 21:01:29,887 - DEBUG - Parsed GeoTransform - x_origin: -122.30401185993603, pixel_width: 3.3743988672529724e-06, y_origin: 47.45218144316315, pixel_height: -3.3743988672529724e-06
2024-12-26 21:01:29,887 - DEBUG - Computed pixel coordinates before clamping - x_pixel: 111, y_pixel: 238
2024-12-26 21:01:29,887 - DEBUG - Clamped pixel coordinates - x_pixel: 111, y_pixel: 238
2024-12-26 21:01:29,887 - DEBUG - Converting geo-coordinates to pixel coordinates:
2024-12-26 21:01:29,887 - DEBUG - Inputs - lon: -122.30401185993603, lat: 47.45122512545328, geo_transform: [-122.30401185993603, 3.3743988672529724e-06, 0.0, 47.45218144316315, 0.0, -3.3743988672529724e-06], image_width: 512, image_height: 512
2024-12-26 21:01:29,887 - DEBUG - Parsed GeoTransform - x_origin: -122.30401185993603, pixel_width: 3.3743988672529724e-06, y_origin: 47.45218144316315, pixel_height: -3.3743988672529724e-06
2024-12-26 21:01:29,887 - DEBUG - Computed pixel coordinates before clamping - x_pixel: 0, y_pixel: 283
2024-12-26 21:01:29,887 - DEBUG - Clamped pixel coordinates - x_pixel: 0, y_pixel: 283
2024-12-26 21:01:29,888 - DEBUG - Converting geo-coordinates to pixel coordinates:
2024-12-26 21:01:29,888 - DEBUG - Inputs - lon: -122.30401185993603, lat: 47.45157278788073, geo_transform: [-122.30401185993603, 3.3743988672529724e-06, 0.0, 47.45218144316315, 0.0, -3.3743988672529724e-06], image_width: 512, image_height: 512
2024-12-26 21:01:29,888 - DEBUG - Parsed GeoTransform - x_origin: -122.30401185993603, pixel_width: 3.3743988672529724e-06, y_origin: 47.45218144316315, pixel_height: -3.3743988672529724e-06
2024-12-26 21:01:29,888 - DEBUG - Computed pixel coordinates before clamping - x_pixel: 0, y_pixel: 180
2024-12-26 21:01:29,888 - DEBUG - Clamped pixel coordinates - x_pixel: 0, y_pixel: 180
2024-12-26 21:01:29,888 - DEBUG - Converting geo-coordinates to pixel coordinates:
2024-12-26 21:01:29,888 - DEBUG - Inputs - lon: -122.3036357607401, lat: 47.45137556513165, geo_transform: [-122.30401185993603, 3.3743988672529724e-06, 0.0, 47.45218144316315, 0.0, -3.3743988672529724e-06], image_width: 512, image_height: 512
2024-12-26 21:01:29,888 - DEBUG - Parsed GeoTransform - x_origin: -122.30401185993603, pixel_width: 3.3743988672529724e-06, y_origin: 47.45218144316315, pixel_height: -3.3743988672529724e-06
2024-12-26 21:01:29,888 - DEBUG - Computed pixel coordinates before clamping - x_pixel: 111, y_pixel: 238
2024-12-26 21:01:29,888 - DEBUG - Clamped pixel coordinates - x_pixel: 111, y_pixel: 238
2024-12-26 21:01:29,888 - DEBUG - Pixel Coordinates: [(111, 238), (0, 283), (0, 180), (111, 238)] ... (showing first 5 for brevity)
2024-12-26 21:01:29,889 - DEBUG - Pixel Bounding Box: x_min=0, x_max=111, y_min=180, y_max=283
2024-12-26 21:01:29,889 - DEBUG - Pixel bounding box: (0, 180, 111, 283)
2024-12-26 21:01:29,889 - DEBUG - Input is a list. Converting to tensor.
2024-12-26 21:01:29,889 - DEBUG - Input Bounding Boxes (Corner Format): tensor([[  0., 180., 111., 283.]])
2024-12-26 21:01:29,889 - DEBUG - x_min: 0.0, y_min: 180.0, x_max: 111.0, y_max: 283.0
2024-12-26 21:01:29,889 - DEBUG - Converted Bounding Boxes (Center Format): tensor([[ 55.5000, 231.5000, 111.0000, 103.0000]])
2024-12-26 21:01:29,890 - DEBUG - Normalized bounding box (cx, cy, w, h): tensor([[ 55.5000, 231.5000, 111.0000, 103.0000]])
2024-12-26 21:01:29,891 - DEBUG - Processed image tensor shape: torch.Size([3, 512, 512])
2024-12-26 21:01:29,891 - DEBUG - Processed bounding box tensor: tensor([[ 55.5000, 231.5000, 111.0000, 103.0000]])
2024-12-26 21:01:29,936 - DEBUG - Batch 1: Loading data
2024-12-26 21:01:29,936 - DEBUG - Batch 1: Data shapes - Images: torch.Size([64, 3, 512, 512]), Targets: torch.Size([64, 1, 4])
2024-12-26 21:01:29,937 - DEBUG - Batch 1: Forward pass
2024-12-26 21:01:36,578 - DEBUG - Batch 1: Output shape - torch.Size([64, 4])
2024-12-26 21:01:36,591 - DEBUG - Batch 1: Loss computed - 39930.636719
2024-12-26 21:01:36,591 - DEBUG - Batch 1: Backward pass
2024-12-26 21:01:37,880 - DEBUG - Batch 1: Optimizer step
2024-12-26 21:01:37,889 - DEBUG - Input bbox1 (Center Format): tensor([[0.3309, 0.7742, 0.2619, 0.7809],
        [0.4584, 0.7542, 0.3958, 0.5643],
        [0.4604, 0.8058, 0.3900, 0.7552],
        [0.4593, 0.7724, 0.3208, 0.7190],
        [0.4754, 0.6547, 0.3327, 0.7285],
        [0.4239, 0.7673, 0.3096, 0.6772],
        [0.4349, 0.7031, 0.3124, 0.7332],
        [0.4467, 0.7188, 0.3386, 0.7500],
        [0.4723, 0.7168, 0.2739, 0.6671],
        [0.6511, 0.6697, 0.3517, 0.7010],
        [0.5423, 0.7146, 0.4162, 0.7282],
        [0.5478, 0.6660, 0.2067, 0.6935],
        [0.4207, 0.7093, 0.3436, 0.6592],
        [0.4866, 0.6545, 0.3502, 0.7228],
        [0.4300, 0.6275, 0.3189, 0.7218],
        [0.3861, 0.7416, 0.2332, 0.6867],
        [0.4017, 0.7741, 0.3270, 0.7123],
        [0.4682, 0.7703, 0.3348, 0.5922],
        [0.3162, 0.7009, 0.2408, 0.6022],
        [0.3960, 0.7032, 0.2527, 0.7669],
        [0.4621, 0.7416, 0.3840, 0.6783],
        [0.4686, 0.6871, 0.3964, 0.6853],
        [0.5104, 0.7457, 0.2773, 0.7236],
        [0.3926, 0.7909, 0.4250, 0.7110],
        [0.4122, 0.7198, 0.3228, 0.5417],
        [0.5519, 0.6766, 0.3046, 0.7350],
        [0.4005, 0.7398, 0.3382, 0.7078],
        [0.5658, 0.6564, 0.2960, 0.7178],
        [0.5149, 0.7415, 0.4082, 0.5905],
        [0.3820, 0.7333, 0.3468, 0.7374],
        [0.5278, 0.6618, 0.2830, 0.6217],
        [0.4118, 0.7087, 0.2448, 0.5795],
        [0.4899, 0.6489, 0.2287, 0.7077],
        [0.5308, 0.8207, 0.3897, 0.6555],
        [0.4015, 0.8012, 0.2308, 0.7299],
        [0.5050, 0.8219, 0.3350, 0.6543],
        [0.5158, 0.6734, 0.3238, 0.6745],
        [0.5621, 0.7035, 0.4493, 0.6836],
        [0.4190, 0.7898, 0.2606, 0.6192],
        [0.3843, 0.6970, 0.2984, 0.7152],
        [0.4791, 0.7343, 0.3401, 0.7248],
        [0.3283, 0.8450, 0.3053, 0.7352],
        [0.4238, 0.6237, 0.2681, 0.6595],
        [0.5033, 0.7241, 0.2678, 0.6645],
        [0.3412, 0.8035, 0.4657, 0.5845],
        [0.4327, 0.7761, 0.2820, 0.5478],
        [0.5058, 0.7168, 0.3031, 0.7545],
        [0.4527, 0.6451, 0.2422, 0.6646],
        [0.5965, 0.7840, 0.3284, 0.6940],
        [0.4113, 0.8449, 0.2417, 0.8092],
        [0.4628, 0.6308, 0.3830, 0.6312],
        [0.5439, 0.8536, 0.3269, 0.7112],
        [0.4955, 0.7661, 0.2569, 0.7003],
        [0.4471, 0.7548, 0.3072, 0.6978],
        [0.4676, 0.7917, 0.3046, 0.6809],
        [0.4773, 0.8273, 0.1770, 0.5582],
        [0.4415, 0.7237, 0.2594, 0.7316],
        [0.5804, 0.7075, 0.1649, 0.7251],
        [0.4253, 0.7651, 0.3672, 0.7257],
        [0.4677, 0.7534, 0.3607, 0.7205],
        [0.5160, 0.6986, 0.2758, 0.7737],
        [0.4459, 0.7133, 0.3709, 0.7005],
        [0.4489, 0.6933, 0.3582, 0.6842],
        [0.5315, 0.7508, 0.2760, 0.7669]], grad_fn=<SigmoidBackward0>)
2024-12-26 21:01:37,891 - DEBUG - Input bbox2 (Center Format): tensor([[[ 39.0000, 467.5000,  64.0000,  71.0000]],

        [[ 18.5000,  22.0000,  37.0000,  44.0000]],

        [[153.0000, 425.5000,  74.0000,  89.0000]],

        [[145.0000, 228.0000,  38.0000,  26.0000]],

        [[362.0000,   7.5000,  26.0000,  15.0000]],

        [[451.0000, 421.0000,  30.0000,  34.0000]],

        [[ 59.0000, 423.0000, 118.0000, 136.0000]],

        [[121.0000, 281.0000, 146.0000,  92.0000]],

        [[374.5000, 330.0000,  43.0000,  24.0000]],

        [[304.0000,  95.5000, 110.0000,  55.0000]],

        [[474.0000,  55.5000,  48.0000,  23.0000]],

        [[ 11.0000,  32.5000,  22.0000,  25.0000]],

        [[135.0000,  43.0000,  54.0000,  52.0000]],

        [[279.5000,  53.0000,  45.0000,  44.0000]],

        [[338.0000, 120.5000,  22.0000,  25.0000]],

        [[ 17.5000, 129.0000,  35.0000,  46.0000]],

        [[304.5000, 262.5000,  85.0000,  87.0000]],

        [[ 39.5000, 105.5000,  71.0000,  69.0000]],

        [[ 52.5000,   8.5000,  27.0000,  17.0000]],

        [[448.5000, 455.0000, 125.0000, 112.0000]],

        [[104.5000, 372.5000, 119.0000, 133.0000]],

        [[230.5000, 193.5000, 257.0000, 169.0000]],

        [[107.0000, 111.0000, 180.0000, 136.0000]],

        [[168.0000, 412.5000,  46.0000,  35.0000]],

        [[ 67.0000,  48.5000, 134.0000,  97.0000]],

        [[147.0000, 334.0000,  24.0000,  22.0000]],

        [[372.5000,  95.5000,  65.0000,  65.0000]],

        [[229.5000, 505.5000,  21.0000,  11.0000]],

        [[ 96.5000,  22.5000,  25.0000,  19.0000]],

        [[ 26.0000,  75.0000,  52.0000,  74.0000]],

        [[353.5000,  55.0000, 139.0000, 110.0000]],

        [[ 41.5000, 260.0000,  83.0000,  86.0000]],

        [[ 13.5000, 160.5000,  27.0000,  29.0000]],

        [[ 87.0000, 312.5000,  84.0000,  67.0000]],

        [[340.0000, 487.0000, 112.0000,  48.0000]],

        [[217.0000, 388.5000, 108.0000, 107.0000]],

        [[477.0000, 266.5000,  38.0000,  27.0000]],

        [[487.5000, 507.0000,  45.0000,   8.0000]],

        [[ 54.0000, 202.5000, 108.0000, 141.0000]],

        [[485.5000,  12.0000,  35.0000,  22.0000]],

        [[171.5000,  17.0000,  75.0000,  34.0000]],

        [[249.0000, 257.0000, 218.0000, 152.0000]],

        [[251.0000, 402.5000, 192.0000, 105.0000]],

        [[ 65.5000, 199.0000, 131.0000,  86.0000]],

        [[124.5000, 435.0000, 167.0000, 148.0000]],

        [[ 39.0000, 432.0000,  78.0000, 134.0000]],

        [[158.0000, 279.0000,  30.0000,  26.0000]],

        [[ 26.0000, 301.0000,  52.0000,  84.0000]],

        [[260.5000, 473.0000, 133.0000,  76.0000]],

        [[ 13.0000, 212.0000,  26.0000,  44.0000]],

        [[ 70.0000, 130.0000,  48.0000,  22.0000]],

        [[343.5000, 240.0000,  53.0000,  50.0000]],

        [[304.0000, 133.5000,  82.0000,  73.0000]],

        [[220.0000, 339.5000, 116.0000,  63.0000]],

        [[342.0000, 374.0000,  22.0000,  28.0000]],

        [[327.5000, 352.5000,  25.0000,  25.0000]],

        [[407.0000,  48.5000, 120.0000,  97.0000]],

        [[ 75.0000, 410.5000, 100.0000,  83.0000]],

        [[150.0000, 379.0000, 148.0000,  90.0000]],

        [[152.5000, 473.0000,  23.0000,  28.0000]],

        [[ 85.0000,  27.5000,  22.0000,  27.0000]],

        [[ 59.0000, 230.0000,  68.0000,  42.0000]],

        [[459.0000, 422.0000, 104.0000,  86.0000]],

        [[ 55.5000, 231.5000, 111.0000, 103.0000]]])
2024-12-26 21:01:37,894 - DEBUG - Input Bounding Boxes (Center Format): tensor([[0.3309, 0.7742, 0.2619, 0.7809],
        [0.4584, 0.7542, 0.3958, 0.5643],
        [0.4604, 0.8058, 0.3900, 0.7552],
        [0.4593, 0.7724, 0.3208, 0.7190],
        [0.4754, 0.6547, 0.3327, 0.7285],
        [0.4239, 0.7673, 0.3096, 0.6772],
        [0.4349, 0.7031, 0.3124, 0.7332],
        [0.4467, 0.7188, 0.3386, 0.7500],
        [0.4723, 0.7168, 0.2739, 0.6671],
        [0.6511, 0.6697, 0.3517, 0.7010],
        [0.5423, 0.7146, 0.4162, 0.7282],
        [0.5478, 0.6660, 0.2067, 0.6935],
        [0.4207, 0.7093, 0.3436, 0.6592],
        [0.4866, 0.6545, 0.3502, 0.7228],
        [0.4300, 0.6275, 0.3189, 0.7218],
        [0.3861, 0.7416, 0.2332, 0.6867],
        [0.4017, 0.7741, 0.3270, 0.7123],
        [0.4682, 0.7703, 0.3348, 0.5922],
        [0.3162, 0.7009, 0.2408, 0.6022],
        [0.3960, 0.7032, 0.2527, 0.7669],
        [0.4621, 0.7416, 0.3840, 0.6783],
        [0.4686, 0.6871, 0.3964, 0.6853],
        [0.5104, 0.7457, 0.2773, 0.7236],
        [0.3926, 0.7909, 0.4250, 0.7110],
        [0.4122, 0.7198, 0.3228, 0.5417],
        [0.5519, 0.6766, 0.3046, 0.7350],
        [0.4005, 0.7398, 0.3382, 0.7078],
        [0.5658, 0.6564, 0.2960, 0.7178],
        [0.5149, 0.7415, 0.4082, 0.5905],
        [0.3820, 0.7333, 0.3468, 0.7374],
        [0.5278, 0.6618, 0.2830, 0.6217],
        [0.4118, 0.7087, 0.2448, 0.5795],
        [0.4899, 0.6489, 0.2287, 0.7077],
        [0.5308, 0.8207, 0.3897, 0.6555],
        [0.4015, 0.8012, 0.2308, 0.7299],
        [0.5050, 0.8219, 0.3350, 0.6543],
        [0.5158, 0.6734, 0.3238, 0.6745],
        [0.5621, 0.7035, 0.4493, 0.6836],
        [0.4190, 0.7898, 0.2606, 0.6192],
        [0.3843, 0.6970, 0.2984, 0.7152],
        [0.4791, 0.7343, 0.3401, 0.7248],
        [0.3283, 0.8450, 0.3053, 0.7352],
        [0.4238, 0.6237, 0.2681, 0.6595],
        [0.5033, 0.7241, 0.2678, 0.6645],
        [0.3412, 0.8035, 0.4657, 0.5845],
        [0.4327, 0.7761, 0.2820, 0.5478],
        [0.5058, 0.7168, 0.3031, 0.7545],
        [0.4527, 0.6451, 0.2422, 0.6646],
        [0.5965, 0.7840, 0.3284, 0.6940],
        [0.4113, 0.8449, 0.2417, 0.8092],
        [0.4628, 0.6308, 0.3830, 0.6312],
        [0.5439, 0.8536, 0.3269, 0.7112],
        [0.4955, 0.7661, 0.2569, 0.7003],
        [0.4471, 0.7548, 0.3072, 0.6978],
        [0.4676, 0.7917, 0.3046, 0.6809],
        [0.4773, 0.8273, 0.1770, 0.5582],
        [0.4415, 0.7237, 0.2594, 0.7316],
        [0.5804, 0.7075, 0.1649, 0.7251],
        [0.4253, 0.7651, 0.3672, 0.7257],
        [0.4677, 0.7534, 0.3607, 0.7205],
        [0.5160, 0.6986, 0.2758, 0.7737],
        [0.4459, 0.7133, 0.3709, 0.7005],
        [0.4489, 0.6933, 0.3582, 0.6842],
        [0.5315, 0.7508, 0.2760, 0.7669]], grad_fn=<SigmoidBackward0>)
2024-12-26 21:01:37,894 - DEBUG - cx: [0.33092859387397766, 0.4584001302719116, 0.4604072868824005, 0.4593171775341034, 0.475382924079895, 0.42388826608657837, 0.43488383293151855, 0.44666072726249695, 0.47225239872932434, 0.6511197090148926, 0.5422589182853699, 0.5478276014328003, 0.42068445682525635, 0.4866087734699249, 0.43003690242767334, 0.3860829472541809, 0.40169528126716614, 0.4682270586490631, 0.31615346670150757, 0.39597049355506897, 0.4621478319168091, 0.46864333748817444, 0.5104011297225952, 0.3926087021827698, 0.4121842086315155, 0.5518943667411804, 0.4005100727081299, 0.5657789707183838, 0.5149492025375366, 0.3819512724876404, 0.5278376936912537, 0.41182225942611694, 0.48991695046424866, 0.5307932496070862, 0.4014676511287689, 0.5049808025360107, 0.5158162713050842, 0.5621222257614136, 0.41898733377456665, 0.3843441605567932, 0.4790690243244171, 0.32827576994895935, 0.42381638288497925, 0.5032981634140015, 0.3411603271961212, 0.43272751569747925, 0.5058498978614807, 0.45272165536880493, 0.5964612364768982, 0.4113062024116516, 0.46280911564826965, 0.5438542366027832, 0.4955172836780548, 0.44705867767333984, 0.4676376283168793, 0.47734248638153076, 0.4415111541748047, 0.5804479718208313, 0.4252525269985199, 0.46768638491630554, 0.5159920454025269, 0.4458894431591034, 0.4489319622516632, 0.5315175652503967], cy: [0.7742365002632141, 0.7541757822036743, 0.8057971000671387, 0.7723610997200012, 0.6547415852546692, 0.7672511339187622, 0.7031397819519043, 0.7187853455543518, 0.7167544960975647, 0.6697397828102112, 0.7146028280258179, 0.6660224795341492, 0.7092573642730713, 0.6545090675354004, 0.6275438070297241, 0.741610050201416, 0.774113118648529, 0.7703255414962769, 0.7009040713310242, 0.7032115459442139, 0.7415644526481628, 0.6870794892311096, 0.7457447052001953, 0.79087233543396, 0.719767153263092, 0.6765991449356079, 0.7398135662078857, 0.6564463376998901, 0.7414647936820984, 0.7332843542098999, 0.6618122458457947, 0.7086950540542603, 0.6489406228065491, 0.8206645250320435, 0.8012112975120544, 0.8218555450439453, 0.673366367816925, 0.7035003304481506, 0.7898125648498535, 0.6970383524894714, 0.7342903017997742, 0.8450206518173218, 0.6237061619758606, 0.7241023778915405, 0.8034943342208862, 0.7761203646659851, 0.716772198677063, 0.6451148986816406, 0.7839648127555847, 0.8449353575706482, 0.6308056116104126, 0.8535823822021484, 0.7661093473434448, 0.7548112273216248, 0.7916537523269653, 0.8272767663002014, 0.7236554622650146, 0.7074767351150513, 0.7651122212409973, 0.7534360289573669, 0.6986271739006042, 0.7132890224456787, 0.6932873725891113, 0.7508124113082886], w: [0.2619273066520691, 0.3958282172679901, 0.39000916481018066, 0.32082903385162354, 0.332671582698822, 0.30957433581352234, 0.3123535215854645, 0.33856403827667236, 0.27394744753837585, 0.35169023275375366, 0.4161798357963562, 0.20674028992652893, 0.34356534481048584, 0.350235253572464, 0.3188801407814026, 0.23320917785167694, 0.3269895017147064, 0.33478668332099915, 0.2408459335565567, 0.2526959478855133, 0.38399621844291687, 0.3964402377605438, 0.2773287892341614, 0.4250151515007019, 0.3228072226047516, 0.3046434223651886, 0.3381616473197937, 0.2960297763347626, 0.4081816077232361, 0.3468036949634552, 0.28296008706092834, 0.24475803971290588, 0.22866299748420715, 0.3897487223148346, 0.23076131939888, 0.335037499666214, 0.32375407218933105, 0.44927656650543213, 0.26063185930252075, 0.2984462380409241, 0.3401474058628082, 0.3053210377693176, 0.2681283950805664, 0.26779407262802124, 0.46565112471580505, 0.2820362150669098, 0.3031187951564789, 0.2422078400850296, 0.328425794839859, 0.24171188473701477, 0.3829931914806366, 0.3268636465072632, 0.2569409906864166, 0.3071826100349426, 0.3045795261859894, 0.17697346210479736, 0.25935912132263184, 0.16493555903434753, 0.36717700958251953, 0.3607022166252136, 0.2757817208766937, 0.3709467053413391, 0.35818108916282654, 0.27597784996032715], h: [0.7808554172515869, 0.5642603039741516, 0.7551703453063965, 0.7190479636192322, 0.7284788489341736, 0.677219033241272, 0.733169436454773, 0.7500321269035339, 0.6671481132507324, 0.7009899020195007, 0.7282017469406128, 0.6934627890586853, 0.6591574549674988, 0.7227754592895508, 0.7218332886695862, 0.6866680979728699, 0.712309718132019, 0.5921975374221802, 0.6021817922592163, 0.7668960690498352, 0.678337812423706, 0.6853246688842773, 0.7235596776008606, 0.7109565734863281, 0.5416995286941528, 0.7350403070449829, 0.7077956199645996, 0.7177947759628296, 0.5904592275619507, 0.7373696565628052, 0.6217164993286133, 0.5794674754142761, 0.7076822519302368, 0.6554639339447021, 0.7298632860183716, 0.6542753577232361, 0.6744991540908813, 0.6836096048355103, 0.6192138195037842, 0.7151651382446289, 0.7248104214668274, 0.7352319359779358, 0.6594641208648682, 0.6645479202270508, 0.5845358967781067, 0.5477813482284546, 0.7545402646064758, 0.6645535826683044, 0.6940100193023682, 0.8091850876808167, 0.6311811208724976, 0.7111957669258118, 0.7002511620521545, 0.6978041529655457, 0.6808858513832092, 0.558164119720459, 0.7316301465034485, 0.7251041531562805, 0.7256704568862915, 0.720450222492218, 0.7736762762069702, 0.7005177736282349, 0.6842401623725891, 0.7669418454170227]
2024-12-26 21:01:37,896 - DEBUG - Converted Bounding Boxes (Corner Format): tensor([[0.2000, 0.3838, 0.4619, 1.1647],
        [0.2605, 0.4720, 0.6563, 1.0363],
        [0.2654, 0.4282, 0.6554, 1.1834],
        [0.2989, 0.4128, 0.6197, 1.1319],
        [0.3090, 0.2905, 0.6417, 1.0190],
        [0.2691, 0.4286, 0.5787, 1.1059],
        [0.2787, 0.3366, 0.5911, 1.0697],
        [0.2774, 0.3438, 0.6159, 1.0938],
        [0.3353, 0.3832, 0.6092, 1.0503],
        [0.4753, 0.3192, 0.8270, 1.0202],
        [0.3342, 0.3505, 0.7503, 1.0787],
        [0.4445, 0.3193, 0.6512, 1.0128],
        [0.2489, 0.3797, 0.5925, 1.0388],
        [0.3115, 0.2931, 0.6617, 1.0159],
        [0.2706, 0.2666, 0.5895, 0.9885],
        [0.2695, 0.3983, 0.5027, 1.0849],
        [0.2382, 0.4180, 0.5652, 1.1303],
        [0.3008, 0.4742, 0.6356, 1.0664],
        [0.1957, 0.3998, 0.4366, 1.0020],
        [0.2696, 0.3198, 0.5223, 1.0867],
        [0.2701, 0.4024, 0.6541, 1.0807],
        [0.2704, 0.3444, 0.6669, 1.0297],
        [0.3717, 0.3840, 0.6491, 1.1075],
        [0.1801, 0.4354, 0.6051, 1.1464],
        [0.2508, 0.4489, 0.5736, 0.9906],
        [0.3996, 0.3091, 0.7042, 1.0441],
        [0.2314, 0.3859, 0.5696, 1.0937],
        [0.4178, 0.2975, 0.7138, 1.0153],
        [0.3109, 0.4462, 0.7190, 1.0367],
        [0.2085, 0.3646, 0.5554, 1.1020],
        [0.3864, 0.3510, 0.6693, 0.9727],
        [0.2894, 0.4190, 0.5342, 0.9984],
        [0.3756, 0.2951, 0.6042, 1.0028],
        [0.3359, 0.4929, 0.7257, 1.1484],
        [0.2861, 0.4363, 0.5168, 1.1661],
        [0.3375, 0.4947, 0.6725, 1.1490],
        [0.3539, 0.3361, 0.6777, 1.0106],
        [0.3375, 0.3617, 0.7868, 1.0453],
        [0.2887, 0.4802, 0.5493, 1.0994],
        [0.2351, 0.3395, 0.5336, 1.0546],
        [0.3090, 0.3719, 0.6491, 1.0967],
        [0.1756, 0.4774, 0.4809, 1.2126],
        [0.2898, 0.2940, 0.5579, 0.9534],
        [0.3694, 0.3918, 0.6372, 1.0564],
        [0.1083, 0.5112, 0.5740, 1.0958],
        [0.2917, 0.5022, 0.5737, 1.0500],
        [0.3543, 0.3395, 0.6574, 1.0940],
        [0.3316, 0.3128, 0.5738, 0.9774],
        [0.4322, 0.4370, 0.7607, 1.1310],
        [0.2905, 0.4403, 0.5322, 1.2495],
        [0.2713, 0.3152, 0.6543, 0.9464],
        [0.3804, 0.4980, 0.7073, 1.2092],
        [0.3670, 0.4160, 0.6240, 1.1162],
        [0.2935, 0.4059, 0.6006, 1.1037],
        [0.3153, 0.4512, 0.6199, 1.1321],
        [0.3889, 0.5482, 0.5658, 1.1064],
        [0.3118, 0.3578, 0.5712, 1.0895],
        [0.4980, 0.3449, 0.6629, 1.0700],
        [0.2417, 0.4023, 0.6088, 1.1279],
        [0.2873, 0.3932, 0.6480, 1.1137],
        [0.3781, 0.3118, 0.6539, 1.0855],
        [0.2604, 0.3630, 0.6314, 1.0635],
        [0.2698, 0.3512, 0.6280, 1.0354],
        [0.3935, 0.3673, 0.6695, 1.1343]], grad_fn=<CatBackward0>)
2024-12-26 21:01:37,899 - DEBUG - Input Bounding Boxes (Center Format): tensor([[[ 39.0000, 467.5000,  64.0000,  71.0000]],

        [[ 18.5000,  22.0000,  37.0000,  44.0000]],

        [[153.0000, 425.5000,  74.0000,  89.0000]],

        [[145.0000, 228.0000,  38.0000,  26.0000]],

        [[362.0000,   7.5000,  26.0000,  15.0000]],

        [[451.0000, 421.0000,  30.0000,  34.0000]],

        [[ 59.0000, 423.0000, 118.0000, 136.0000]],

        [[121.0000, 281.0000, 146.0000,  92.0000]],

        [[374.5000, 330.0000,  43.0000,  24.0000]],

        [[304.0000,  95.5000, 110.0000,  55.0000]],

        [[474.0000,  55.5000,  48.0000,  23.0000]],

        [[ 11.0000,  32.5000,  22.0000,  25.0000]],

        [[135.0000,  43.0000,  54.0000,  52.0000]],

        [[279.5000,  53.0000,  45.0000,  44.0000]],

        [[338.0000, 120.5000,  22.0000,  25.0000]],

        [[ 17.5000, 129.0000,  35.0000,  46.0000]],

        [[304.5000, 262.5000,  85.0000,  87.0000]],

        [[ 39.5000, 105.5000,  71.0000,  69.0000]],

        [[ 52.5000,   8.5000,  27.0000,  17.0000]],

        [[448.5000, 455.0000, 125.0000, 112.0000]],

        [[104.5000, 372.5000, 119.0000, 133.0000]],

        [[230.5000, 193.5000, 257.0000, 169.0000]],

        [[107.0000, 111.0000, 180.0000, 136.0000]],

        [[168.0000, 412.5000,  46.0000,  35.0000]],

        [[ 67.0000,  48.5000, 134.0000,  97.0000]],

        [[147.0000, 334.0000,  24.0000,  22.0000]],

        [[372.5000,  95.5000,  65.0000,  65.0000]],

        [[229.5000, 505.5000,  21.0000,  11.0000]],

        [[ 96.5000,  22.5000,  25.0000,  19.0000]],

        [[ 26.0000,  75.0000,  52.0000,  74.0000]],

        [[353.5000,  55.0000, 139.0000, 110.0000]],

        [[ 41.5000, 260.0000,  83.0000,  86.0000]],

        [[ 13.5000, 160.5000,  27.0000,  29.0000]],

        [[ 87.0000, 312.5000,  84.0000,  67.0000]],

        [[340.0000, 487.0000, 112.0000,  48.0000]],

        [[217.0000, 388.5000, 108.0000, 107.0000]],

        [[477.0000, 266.5000,  38.0000,  27.0000]],

        [[487.5000, 507.0000,  45.0000,   8.0000]],

        [[ 54.0000, 202.5000, 108.0000, 141.0000]],

        [[485.5000,  12.0000,  35.0000,  22.0000]],

        [[171.5000,  17.0000,  75.0000,  34.0000]],

        [[249.0000, 257.0000, 218.0000, 152.0000]],

        [[251.0000, 402.5000, 192.0000, 105.0000]],

        [[ 65.5000, 199.0000, 131.0000,  86.0000]],

        [[124.5000, 435.0000, 167.0000, 148.0000]],

        [[ 39.0000, 432.0000,  78.0000, 134.0000]],

        [[158.0000, 279.0000,  30.0000,  26.0000]],

        [[ 26.0000, 301.0000,  52.0000,  84.0000]],

        [[260.5000, 473.0000, 133.0000,  76.0000]],

        [[ 13.0000, 212.0000,  26.0000,  44.0000]],

        [[ 70.0000, 130.0000,  48.0000,  22.0000]],

        [[343.5000, 240.0000,  53.0000,  50.0000]],

        [[304.0000, 133.5000,  82.0000,  73.0000]],

        [[220.0000, 339.5000, 116.0000,  63.0000]],

        [[342.0000, 374.0000,  22.0000,  28.0000]],

        [[327.5000, 352.5000,  25.0000,  25.0000]],

        [[407.0000,  48.5000, 120.0000,  97.0000]],

        [[ 75.0000, 410.5000, 100.0000,  83.0000]],

        [[150.0000, 379.0000, 148.0000,  90.0000]],

        [[152.5000, 473.0000,  23.0000,  28.0000]],

        [[ 85.0000,  27.5000,  22.0000,  27.0000]],

        [[ 59.0000, 230.0000,  68.0000,  42.0000]],

        [[459.0000, 422.0000, 104.0000,  86.0000]],

        [[ 55.5000, 231.5000, 111.0000, 103.0000]]])
2024-12-26 21:01:37,933 - DEBUG - Loaded backend macosx version unknown.
